Step 0:
obs_state: [ 0.5807  0.0584  0.1802  0.0308  0.9904 -0.124   0.052 ]
action: [ 0.5971  0.0953  0.2102  0.0289  0.9855 -0.1615  0.0432]
next_obs_state: [ 0.5971  0.0953  0.2102  0.0289  0.9855 -0.1615  0.0432]
--------------------------------------------------
Step 1:
obs_state: [ 0.5971  0.0953  0.2102  0.0289  0.9855 -0.1615  0.0432]
action: [ 0.6259  0.1052  0.2322  0.0238  0.9946 -0.0938  0.0385]
next_obs_state: [ 0.6259  0.1052  0.2322  0.0238  0.9946 -0.0938  0.0385]
--------------------------------------------------
Step 2:
obs_state: [ 0.6259  0.1052  0.2322  0.0238  0.9946 -0.0938  0.0385]
action: [ 0.6067  0.0733  0.2186  0.0279  0.987  -0.1522  0.0427]
next_obs_state: [ 0.6067  0.0733  0.2186  0.0279  0.987  -0.1522  0.0427]
--------------------------------------------------
Step 3:
obs_state: [ 0.6067  0.0733  0.2186  0.0279  0.987  -0.1522  0.0427]
action: [ 0.6172  0.0498  0.2245  0.0245  0.9938 -0.1015  0.0389]
next_obs_state: [ 0.6172  0.0498  0.2245  0.0245  0.9938 -0.1015  0.0389]
--------------------------------------------------
Step 4:
obs_state: [ 0.6172  0.0498  0.2245  0.0245  0.9938 -0.1015  0.0389]
action: [ 0.612   0.039   0.2231  0.0273  0.9881 -0.1454  0.0423]
next_obs_state: [ 0.612   0.039   0.2231  0.0273  0.9881 -0.1454  0.0423]
--------------------------------------------------
Step 5:
obs_state: [ 0.612   0.039   0.2231  0.0273  0.9881 -0.1454  0.0423]
action: [ 0.6146  0.0086  0.2224  0.0249  0.993  -0.1089  0.0395]
next_obs_state: [ 0.6146  0.0086  0.2224  0.0249  0.993  -0.1089  0.0395]
--------------------------------------------------
Step 6:
obs_state: [ 0.6146  0.0086  0.2224  0.0249  0.993  -0.1089  0.0395]
action: [ 0.6126 -0.0037  0.2235  0.0269  0.9888 -0.1404  0.0419]
next_obs_state: [ 0.6126 -0.0037  0.2235  0.0269  0.9888 -0.1404  0.0419]
--------------------------------------------------
Step 7:
obs_state: [ 0.6126 -0.0037  0.2235  0.0269  0.9888 -0.1404  0.0419]
action: [ 0.6145 -0.0302  0.2228  0.0251  0.9924 -0.1134  0.0399]
next_obs_state: [ 0.6145 -0.0302  0.2228  0.0251  0.9924 -0.1134  0.0399]
--------------------------------------------------
Step 8:
obs_state: [ 0.6145 -0.0302  0.2228  0.0251  0.9924 -0.1134  0.0399]
action: [ 0.6125 -0.046   0.2231  0.0266  0.9894 -0.1367  0.0417]
next_obs_state: [ 0.6125 -0.046   0.2231  0.0266  0.9894 -0.1367  0.0417]
--------------------------------------------------
Step 9:
obs_state: [ 0.6125 -0.046   0.2231  0.0266  0.9894 -0.1367  0.0417]
action: [ 0.6144 -0.0699  0.2231  0.0252  0.992  -0.1169  0.0402]
next_obs_state: [ 0.6144 -0.0699  0.2231  0.0252  0.992  -0.1169  0.0402]
--------------------------------------------------
Step 10:
obs_state: [ 0.6144 -0.0699  0.2231  0.0252  0.992  -0.1169  0.0402]
action: [ 0.6125 -0.0875  0.223   0.0263  0.9898 -0.134   0.0414]
next_obs_state: [ 0.6125 -0.0875  0.223   0.0263  0.9898 -0.134   0.0414]
--------------------------------------------------
Step 11:
obs_state: [ 0.6125 -0.0875  0.223   0.0263  0.9898 -0.134   0.0414]
action: [ 0.6136 -0.1101  0.2084  0.0253  0.9917 -0.1195  0.0404]
next_obs_state: [ 0.6136 -0.1101  0.2084  0.0253  0.9917 -0.1195  0.0404]
--------------------------------------------------
Step 12:
obs_state: [ 0.6136 -0.1101  0.2084  0.0253  0.9917 -0.1195  0.0404]
action: [ 0.613  -0.1287  0.214   0.0261  0.99   -0.132   0.0414]
next_obs_state: [ 0.613  -0.1287  0.214   0.0261  0.99   -0.132   0.0414]
--------------------------------------------------
Step 13:
obs_state: [ 0.613  -0.1287  0.214   0.0261  0.99   -0.132   0.0414]
action: [ 0.6129 -0.1507  0.1987  0.0253  0.9915 -0.1213  0.0405]
next_obs_state: [ 0.6129 -0.1507  0.1987  0.0253  0.9915 -0.1213  0.0405]
--------------------------------------------------
Step 14:
obs_state: [ 0.6129 -0.1507  0.1987  0.0253  0.9915 -0.1213  0.0405]
action: [ 0.6127 -0.14    0.188   0.0261  0.9902 -0.1309  0.0412]
next_obs_state: [ 0.6127 -0.14    0.188   0.0261  0.9902 -0.1309  0.0412]
--------------------------------------------------
Step 15:
obs_state: [ 0.6127 -0.14    0.188   0.0261  0.9902 -0.1309  0.0412]
action: [ 0.613  -0.143   0.1799  0.0253  0.9913 -0.1226  0.0406]
next_obs_state: [ 0.613  -0.143   0.1799  0.0253  0.9913 -0.1226  0.0406]
--------------------------------------------------
Step 16:
obs_state: [ 0.613  -0.143   0.1799  0.0253  0.9913 -0.1226  0.0406]
action: [ 0.6122 -0.1434  0.1682  0.026   0.9904 -0.1296  0.0411]
next_obs_state: [ 0.6122 -0.1434  0.1682  0.026   0.9904 -0.1296  0.0411]
--------------------------------------------------
Step 17:
obs_state: [ 0.6122 -0.1434  0.1682  0.026   0.9904 -0.1296  0.0411]
action: [ 0.6129 -0.1424  0.1586  0.0254  0.9912 -0.1235  0.0406]
next_obs_state: [ 0.6129 -0.1424  0.1586  0.0254  0.9912 -0.1235  0.0406]
--------------------------------------------------
Step 18:
obs_state: [ 0.6129 -0.1424  0.1586  0.0254  0.9912 -0.1235  0.0406]
action: [ 0.612  -0.1715  0.1487  0.0256  0.9905 -0.1286  0.0409]
next_obs_state: [ 0.612  -0.1715  0.1487  0.0256  0.9905 -0.1286  0.0409]
--------------------------------------------------
Step 19:
obs_state: [ 0.612  -0.1715  0.1487  0.0256  0.9905 -0.1286  0.0409]
action: [ 0.627  -0.1618  0.1383  0.0257  0.9911 -0.1242  0.0406]
next_obs_state: [ 0.627  -0.1618  0.1383  0.0257  0.9911 -0.1242  0.0406]
--------------------------------------------------
Step 20:
obs_state: [ 0.627  -0.1618  0.1383  0.0257  0.9911 -0.1242  0.0406]
action: [ 0.636  -0.1609  0.1283  0.0255  0.9906 -0.128   0.0408]
next_obs_state: [ 0.636  -0.1609  0.1283  0.0255  0.9906 -0.128   0.0408]
--------------------------------------------------
Step 21:
obs_state: [ 0.636  -0.1609  0.1283  0.0255  0.9906 -0.128   0.0408]
action: [ 0.6455 -0.1652  0.1182  0.0257  0.991  -0.1248  0.0405]
next_obs_state: [ 0.6455 -0.1652  0.1182  0.0257  0.991  -0.1248  0.0405]
--------------------------------------------------
Step 22:
obs_state: [ 0.6455 -0.1652  0.1182  0.0257  0.991  -0.1248  0.0405]
action: [ 0.6418 -0.1611  0.1076  0.0256  0.9907 -0.1275  0.0409]
next_obs_state: [ 0.6418 -0.1611  0.1076  0.0256  0.9907 -0.1275  0.0409]
--------------------------------------------------
Step 23:
obs_state: [ 0.6418 -0.1611  0.1076  0.0256  0.9907 -0.1275  0.0409]
action: [ 0.6418 -0.1929  0.0981  0.0254  0.991  -0.1251  0.0404]
next_obs_state: [ 0.6418 -0.1929  0.0981  0.0254  0.991  -0.1251  0.0404]
--------------------------------------------------
Step 24:
obs_state: [ 0.6418 -0.1929  0.0981  0.0254  0.991  -0.1251  0.0404]
action: [ 0.6571 -0.1814  0.0877  0.0258  0.9907 -0.1272  0.0408]
next_obs_state: [ 0.6571 -0.1814  0.0877  0.0258  0.9907 -0.1272  0.0408]
--------------------------------------------------
Step 25:
obs_state: [ 0.6571 -0.1814  0.0877  0.0258  0.9907 -0.1272  0.0408]
action: [ 0.6516 -0.181   0.0774  0.0253  0.9909 -0.1254  0.0407]
next_obs_state: [ 0.6516 -0.181   0.0774  0.0253  0.9909 -0.1254  0.0407]
--------------------------------------------------
Step 26:
obs_state: [ 0.6516 -0.181   0.0774  0.0253  0.9909 -0.1254  0.0407]
action: [ 0.6512 -0.185   0.0676  0.0256  0.9907 -0.1271  0.0404]
next_obs_state: [ 0.6512 -0.185   0.0676  0.0256  0.9907 -0.1271  0.0404]
--------------------------------------------------
Step 27:
obs_state: [ 0.6512 -0.185   0.0676  0.0256  0.9907 -0.1271  0.0404]
action: [ 0.6533 -0.1815  0.0573  0.0254  0.9909 -0.1257  0.0406]
next_obs_state: [ 0.6533 -0.1815  0.0573  0.0254  0.9909 -0.1257  0.0406]
--------------------------------------------------
Step 28:
obs_state: [ 0.6533 -0.1815  0.0573  0.0254  0.9909 -0.1257  0.0406]
action: [ 0.6511 -0.1833  0.0471  0.0256  0.9908 -0.1269  0.0404]
next_obs_state: [ 0.6511 -0.1833  0.0471  0.0256  0.9908 -0.1269  0.0404]
--------------------------------------------------
Step 29:
obs_state: [ 0.6511 -0.1833  0.0471  0.0256  0.9908 -0.1269  0.0404]
action: [ 0.6522 -0.2112  0.0374  0.0252  0.9909 -0.1259  0.0406]
next_obs_state: [ 0.6522 -0.2112  0.0374  0.0252  0.9909 -0.1259  0.0406]
--------------------------------------------------
Step 30:
obs_state: [ 0.6522 -0.2112  0.0374  0.0252  0.9909 -0.1259  0.0406]
action: [ 0.6515 -0.2015  0.0266  0.0258  0.9908 -0.1268  0.0404]
next_obs_state: [ 0.6515 -0.2015  0.0266  0.0258  0.9908 -0.1268  0.0404]
--------------------------------------------------
Step 31:
obs_state: [ 0.6515 -0.2015  0.0266  0.0258  0.9908 -0.1268  0.0404]
action: [ 0.6517 -0.201   0.0169  0.0251  0.9909 -0.126   0.0404]
next_obs_state: [ 0.6517 -0.201   0.0169  0.0251  0.9909 -0.126   0.0404]
--------------------------------------------------
Step 32:
obs_state: [ 0.6517 -0.201   0.0169  0.0251  0.9909 -0.126   0.0404]
action: [ 0.6519 -0.2047  0.0212  0.0257  0.9907 -0.127   0.0405]
next_obs_state: [ 0.6519 -0.2047  0.0212  0.0257  0.9907 -0.127   0.0405]
--------------------------------------------------
Step 33:
obs_state: [ 0.6519 -0.2047  0.0212  0.0257  0.9907 -0.127   0.0405]
action: [ 0.6525 -0.2017  0.049   0.0252  0.9909 -0.1261  0.0404]
next_obs_state: [ 0.6525 -0.2017  0.049   0.0252  0.9909 -0.1261  0.0404]
--------------------------------------------------
Step 34:
obs_state: [ 0.6525 -0.2017  0.049   0.0252  0.9909 -0.1261  0.0404]
action: [ 0.652  -0.174   0.0676  0.0259  0.9908 -0.1269  0.0405]
next_obs_state: [ 0.652  -0.174   0.0676  0.0259  0.9908 -0.1269  0.0405]
--------------------------------------------------
Step 35:
obs_state: [ 0.652  -0.174   0.0676  0.0259  0.9908 -0.1269  0.0405]
action: [ 0.6528 -0.184   0.0873  0.0251  0.9909 -0.1262  0.0405]
next_obs_state: [ 0.6528 -0.184   0.0873  0.0251  0.9909 -0.1262  0.0405]
--------------------------------------------------
Step 36:
obs_state: [ 0.6528 -0.184   0.0873  0.0251  0.9909 -0.1262  0.0405]
action: [ 0.6527 -0.1845  0.1086  0.0259  0.9908 -0.1268  0.0405]
next_obs_state: [ 0.6527 -0.1845  0.1086  0.0259  0.9908 -0.1268  0.0405]
--------------------------------------------------
Step 37:
obs_state: [ 0.6527 -0.1845  0.1086  0.0259  0.9908 -0.1268  0.0405]
action: [ 0.6531 -0.1514  0.1282  0.0254  0.9908 -0.1263  0.0405]
next_obs_state: [ 0.6531 -0.1514  0.1282  0.0254  0.9908 -0.1263  0.0405]
--------------------------------------------------
Step 38:
obs_state: [ 0.6531 -0.1514  0.1282  0.0254  0.9908 -0.1263  0.0405]
action: [ 0.6532 -0.136   0.1489  0.0258  0.9908 -0.1267  0.0405]
next_obs_state: [ 0.6532 -0.136   0.1489  0.0258  0.9908 -0.1267  0.0405]
--------------------------------------------------
Step 39:
obs_state: [ 0.6532 -0.136   0.1489  0.0258  0.9908 -0.1267  0.0405]
action: [ 0.6536 -0.1152  0.1692  0.0256  0.9908 -0.1263  0.0405]
next_obs_state: [ 0.6536 -0.1152  0.1692  0.0256  0.9908 -0.1263  0.0405]
--------------------------------------------------
Step 40:
obs_state: [ 0.6536 -0.1152  0.1692  0.0256  0.9908 -0.1263  0.0405]
action: [ 0.6528 -0.0938  0.1604  0.0259  0.9908 -0.1266  0.0405]
next_obs_state: [ 0.6528 -0.0938  0.1604  0.0259  0.9908 -0.1266  0.0405]
--------------------------------------------------
Step 41:
obs_state: [ 0.6528 -0.0938  0.1604  0.0259  0.9908 -0.1266  0.0405]
action: [ 0.6537 -0.0745  0.1619  0.0258  0.9908 -0.1263  0.0405]
next_obs_state: [ 0.6537 -0.0745  0.1619  0.0258  0.9908 -0.1263  0.0405]
--------------------------------------------------
Step 42:
obs_state: [ 0.6537 -0.0745  0.1619  0.0258  0.9908 -0.1263  0.0405]
action: [ 0.653  -0.0535  0.1633  0.0259  0.9908 -0.1266  0.0405]
next_obs_state: [ 0.653  -0.0535  0.1633  0.0259  0.9908 -0.1266  0.0405]
--------------------------------------------------
Step 43:
obs_state: [ 0.653  -0.0535  0.1633  0.0259  0.9908 -0.1266  0.0405]
action: [ 0.6534 -0.0332  0.1615  0.0259  0.9908 -0.1264  0.0405]
next_obs_state: [ 0.6534 -0.0332  0.1615  0.0259  0.9908 -0.1264  0.0405]
--------------------------------------------------
Step 44:
obs_state: [ 0.6534 -0.0332  0.1615  0.0259  0.9908 -0.1264  0.0405]
action: [ 0.6533 -0.0129  0.1627  0.026   0.9908 -0.1266  0.0405]
next_obs_state: [ 0.6533 -0.0129  0.1627  0.026   0.9908 -0.1266  0.0405]
--------------------------------------------------
Step 45:
obs_state: [ 0.6533 -0.0129  0.1627  0.026   0.9908 -0.1266  0.0405]
action: [ 0.6532  0.0078  0.1622  0.026   0.9908 -0.1264  0.0405]
next_obs_state: [ 0.6532  0.0078  0.1622  0.026   0.9908 -0.1264  0.0405]
--------------------------------------------------
Step 46:
obs_state: [ 0.6532  0.0078  0.1622  0.026   0.9908 -0.1264  0.0405]
action: [ 0.6533  0.0284  0.1623  0.0261  0.9908 -0.1265  0.0405]
next_obs_state: [ 0.6533  0.0284  0.1623  0.0261  0.9908 -0.1265  0.0405]
--------------------------------------------------
Step 47:
obs_state: [ 0.6533  0.0284  0.1623  0.0261  0.9908 -0.1265  0.0405]
action: [ 0.6532  0.0488  0.1624  0.0261  0.9908 -0.1264  0.0405]
next_obs_state: [ 0.6532  0.0488  0.1624  0.0261  0.9908 -0.1264  0.0405]
--------------------------------------------------
Step 48:
obs_state: [ 0.6532  0.0488  0.1624  0.0261  0.9908 -0.1264  0.0405]
action: [ 0.6533  0.0692  0.1623  0.0262  0.9908 -0.1265  0.0404]
next_obs_state: [ 0.6533  0.0692  0.1623  0.0262  0.9908 -0.1265  0.0404]
--------------------------------------------------
Step 49:
obs_state: [ 0.5852  0.0568  0.1704  0.0309  0.9904 -0.124   0.0522]
action: [ 0.6176  0.0451  0.1688  0.0266  0.9908 -0.1261  0.0414]
next_obs_state: [ 0.6176  0.0451  0.1688  0.0266  0.9908 -0.1261  0.0414]
--------------------------------------------------
Step 50:
obs_state: [ 0.6176  0.0451  0.1688  0.0266  0.9908 -0.1261  0.0414]
action: [ 0.6133  0.0205  0.1663  0.0301  0.9905 -0.1243  0.0508]
next_obs_state: [ 0.6133  0.0205  0.1663  0.0301  0.9905 -0.1243  0.0508]
--------------------------------------------------
Step 51:
obs_state: [ 0.6133  0.0205  0.1663  0.0301  0.9905 -0.1243  0.0508]
action: [ 0.6054  0.0015  0.1698  0.0269  0.9908 -0.1258  0.0423]
next_obs_state: [ 0.6054  0.0015  0.1698  0.0269  0.9908 -0.1258  0.0423]
--------------------------------------------------
Step 52:
obs_state: [ 0.6054  0.0015  0.1698  0.0269  0.9908 -0.1258  0.0423]
action: [ 0.6154 -0.0211  0.167   0.0297  0.9905 -0.1245  0.0499]
next_obs_state: [ 0.6154 -0.0211  0.167   0.0297  0.9905 -0.1245  0.0499]
--------------------------------------------------
Step 53:
obs_state: [ 0.6154 -0.0211  0.167   0.0297  0.9905 -0.1245  0.0499]
action: [ 0.6077 -0.0396  0.1687  0.0272  0.9908 -0.1256  0.0434]
next_obs_state: [ 0.6077 -0.0396  0.1687  0.0272  0.9908 -0.1256  0.0434]
--------------------------------------------------
Step 54:
obs_state: [ 0.6077 -0.0396  0.1687  0.0272  0.9908 -0.1256  0.0434]
action: [ 0.6123 -0.0613  0.1679  0.0292  0.9906 -0.1247  0.0489]
next_obs_state: [ 0.6123 -0.0613  0.1679  0.0292  0.9906 -0.1247  0.0489]
--------------------------------------------------
Step 55:
obs_state: [ 0.6123 -0.0613  0.1679  0.0292  0.9906 -0.1247  0.0489]
action: [ 0.6096 -0.0808  0.1683  0.0274  0.9907 -0.1255  0.0442]
next_obs_state: [ 0.6096 -0.0808  0.1683  0.0274  0.9907 -0.1255  0.0442]
--------------------------------------------------
Step 56:
obs_state: [ 0.6096 -0.0808  0.1683  0.0274  0.9907 -0.1255  0.0442]
action: [ 0.6113 -0.1019  0.1681  0.0289  0.9906 -0.1248  0.0482]
next_obs_state: [ 0.6113 -0.1019  0.1681  0.0289  0.9906 -0.1248  0.0482]
--------------------------------------------------
Step 57:
obs_state: [ 0.6113 -0.1019  0.1681  0.0289  0.9906 -0.1248  0.0482]
action: [ 0.6099 -0.1217  0.1684  0.0275  0.9907 -0.1254  0.0448]
next_obs_state: [ 0.6099 -0.1217  0.1684  0.0275  0.9907 -0.1254  0.0448]
--------------------------------------------------
Step 58:
obs_state: [ 0.6099 -0.1217  0.1684  0.0275  0.9907 -0.1254  0.0448]
action: [ 0.6111 -0.1426  0.1681  0.0286  0.9906 -0.125   0.0477]
next_obs_state: [ 0.6111 -0.1426  0.1681  0.0286  0.9906 -0.125   0.0477]
--------------------------------------------------
Step 59:
obs_state: [ 0.6111 -0.1426  0.1681  0.0286  0.9906 -0.125   0.0477]
action: [ 0.6098 -0.1625  0.1685  0.0276  0.9907 -0.1253  0.0452]
next_obs_state: [ 0.6098 -0.1625  0.1685  0.0276  0.9907 -0.1253  0.0452]
--------------------------------------------------
Step 60:
obs_state: [ 0.6098 -0.1625  0.1685  0.0276  0.9907 -0.1253  0.0452]
action: [ 0.6104 -0.1832  0.1535  0.0283  0.9906 -0.125   0.0473]
next_obs_state: [ 0.6104 -0.1832  0.1535  0.0283  0.9906 -0.125   0.0473]
--------------------------------------------------
Step 61:
obs_state: [ 0.6104 -0.1832  0.1535  0.0283  0.9906 -0.125   0.0473]
action: [ 0.6239 -0.1746  0.1448  0.0278  0.9907 -0.1253  0.0454]
next_obs_state: [ 0.6239 -0.1746  0.1448  0.0278  0.9907 -0.1253  0.0454]
--------------------------------------------------
Step 62:
obs_state: [ 0.6239 -0.1746  0.1448  0.0278  0.9907 -0.1253  0.0454]
action: [ 0.6341 -0.1756  0.1348  0.0282  0.9906 -0.125   0.0471]
next_obs_state: [ 0.6341 -0.1756  0.1348  0.0282  0.9906 -0.125   0.0471]
--------------------------------------------------
Step 63:
obs_state: [ 0.6341 -0.1756  0.1348  0.0282  0.9906 -0.125   0.0471]
action: [ 0.6423 -0.1774  0.1244  0.0279  0.9907 -0.1253  0.0456]
next_obs_state: [ 0.6423 -0.1774  0.1244  0.0279  0.9907 -0.1253  0.0456]
--------------------------------------------------
Step 64:
obs_state: [ 0.6423 -0.1774  0.1244  0.0279  0.9907 -0.1253  0.0456]
action: [ 0.6396 -0.2047  0.1143  0.0279  0.9906 -0.1251  0.0469]
next_obs_state: [ 0.6396 -0.2047  0.1143  0.0279  0.9906 -0.1251  0.0469]
--------------------------------------------------
Step 65:
obs_state: [ 0.6396 -0.2047  0.1143  0.0279  0.9906 -0.1251  0.0469]
action: [ 0.6389 -0.1957  0.1042  0.0281  0.9907 -0.1253  0.0456]
next_obs_state: [ 0.6389 -0.1957  0.1042  0.0281  0.9907 -0.1253  0.0456]
--------------------------------------------------
Step 66:
obs_state: [ 0.6389 -0.1957  0.1042  0.0281  0.9907 -0.1253  0.0456]
action: [ 0.655  -0.1948  0.0943  0.0278  0.9907 -0.1251  0.0466]
next_obs_state: [ 0.655  -0.1948  0.0943  0.0278  0.9907 -0.1251  0.0466]
--------------------------------------------------
Step 67:
obs_state: [ 0.655  -0.1948  0.0943  0.0278  0.9907 -0.1251  0.0466]
action: [ 0.6484 -0.1986  0.0836  0.0281  0.9907 -0.1253  0.0459]
next_obs_state: [ 0.6484 -0.1986  0.0836  0.0281  0.9907 -0.1253  0.0459]
--------------------------------------------------
Step 68:
obs_state: [ 0.6484 -0.1986  0.0836  0.0281  0.9907 -0.1253  0.0459]
action: [ 0.6491 -0.1953  0.0738  0.0278  0.9907 -0.1251  0.0463]
next_obs_state: [ 0.6491 -0.1953  0.0738  0.0278  0.9907 -0.1251  0.0463]
--------------------------------------------------
Step 69:
obs_state: [ 0.6491 -0.1953  0.0738  0.0278  0.9907 -0.1251  0.0463]
action: [ 0.6502 -0.197   0.0635  0.028   0.9907 -0.1252  0.046 ]
next_obs_state: [ 0.6502 -0.197   0.0635  0.028   0.9907 -0.1252  0.046 ]
--------------------------------------------------
Step 70:
obs_state: [ 0.6502 -0.197   0.0635  0.028   0.9907 -0.1252  0.046 ]
action: [ 0.6488 -0.2259  0.0535  0.0276  0.9907 -0.1252  0.0463]
next_obs_state: [ 0.6488 -0.2259  0.0535  0.0276  0.9907 -0.1252  0.0463]
--------------------------------------------------
Step 71:
obs_state: [ 0.6488 -0.2259  0.0535  0.0276  0.9907 -0.1252  0.0463]
action: [ 0.6494 -0.2153  0.0431  0.0282  0.9907 -0.1252  0.046 ]
next_obs_state: [ 0.6494 -0.2153  0.0431  0.0282  0.9907 -0.1252  0.046 ]
--------------------------------------------------
Step 72:
obs_state: [ 0.6494 -0.2153  0.0431  0.0282  0.9907 -0.1252  0.046 ]
action: [ 0.6491 -0.2157  0.0329  0.0275  0.9907 -0.1252  0.0462]
next_obs_state: [ 0.6491 -0.2157  0.0329  0.0275  0.9907 -0.1252  0.0462]
--------------------------------------------------
Step 73:
obs_state: [ 0.6491 -0.2157  0.0329  0.0275  0.9907 -0.1252  0.0462]
action: [ 0.6488 -0.2188  0.0229  0.0281  0.9906 -0.1254  0.046 ]
next_obs_state: [ 0.6488 -0.2188  0.0229  0.0281  0.9906 -0.1254  0.046 ]
--------------------------------------------------
Step 74:
obs_state: [ 0.6488 -0.2188  0.0229  0.0281  0.9906 -0.1254  0.046 ]
action: [ 0.6495 -0.2158  0.027   0.0276  0.9907 -0.1252  0.0462]
next_obs_state: [ 0.6495 -0.2158  0.027   0.0276  0.9907 -0.1252  0.0462]
--------------------------------------------------
Step 75:
obs_state: [ 0.6495 -0.2158  0.027   0.0276  0.9907 -0.1252  0.0462]
action: [ 0.6497 -0.2179  0.0559  0.0281  0.9906 -0.1254  0.0461]
next_obs_state: [ 0.6497 -0.2179  0.0559  0.0281  0.9906 -0.1254  0.0461]
--------------------------------------------------
Step 76:
obs_state: [ 0.6497 -0.2179  0.0559  0.0281  0.9906 -0.1254  0.0461]
action: [ 0.6496 -0.217   0.0736  0.0277  0.9907 -0.1252  0.0462]
next_obs_state: [ 0.6496 -0.217   0.0736  0.0277  0.9907 -0.1252  0.0462]
--------------------------------------------------
Step 77:
obs_state: [ 0.6496 -0.217   0.0736  0.0277  0.9907 -0.1252  0.0462]
action: [ 0.6502 -0.2175  0.0945  0.0281  0.9906 -0.1253  0.0462]
next_obs_state: [ 0.6502 -0.2175  0.0945  0.0281  0.9906 -0.1253  0.0462]
--------------------------------------------------
Step 78:
obs_state: [ 0.6502 -0.2175  0.0945  0.0281  0.9906 -0.1253  0.0462]
action: [ 0.6503 -0.1887  0.1148  0.028   0.9907 -0.1252  0.0463]
next_obs_state: [ 0.6503 -0.1887  0.1148  0.028   0.9907 -0.1252  0.0463]
--------------------------------------------------
Step 79:
obs_state: [ 0.6503 -0.1887  0.1148  0.028   0.9907 -0.1252  0.0463]
action: [ 0.6505 -0.1692  0.1355  0.0281  0.9906 -0.1253  0.0463]
next_obs_state: [ 0.6505 -0.1692  0.1355  0.0281  0.9906 -0.1253  0.0463]
--------------------------------------------------
Step 80:
obs_state: [ 0.6505 -0.1692  0.1355  0.0281  0.9906 -0.1253  0.0463]
action: [ 0.6508 -0.1509  0.1555  0.0282  0.9906 -0.1252  0.0463]
next_obs_state: [ 0.6508 -0.1509  0.1555  0.0282  0.9906 -0.1252  0.0463]
--------------------------------------------------
Step 81:
obs_state: [ 0.6508 -0.1509  0.1555  0.0282  0.9906 -0.1252  0.0463]
action: [ 0.6501 -0.1286  0.1469  0.0282  0.9906 -0.1253  0.0463]
next_obs_state: [ 0.6501 -0.1286  0.1469  0.0282  0.9906 -0.1253  0.0463]
--------------------------------------------------
Step 82:
obs_state: [ 0.6501 -0.1286  0.1469  0.0282  0.9906 -0.1253  0.0463]
action: [ 0.651  -0.1093  0.1483  0.0283  0.9906 -0.1252  0.0463]
next_obs_state: [ 0.651  -0.1093  0.1483  0.0283  0.9906 -0.1252  0.0463]
--------------------------------------------------
Step 83:
obs_state: [ 0.651  -0.1093  0.1483  0.0283  0.9906 -0.1252  0.0463]
action: [ 0.6503 -0.0884  0.1497  0.0283  0.9906 -0.1253  0.0462]
next_obs_state: [ 0.6503 -0.0884  0.1497  0.0283  0.9906 -0.1253  0.0462]
--------------------------------------------------
Step 84:
obs_state: [ 0.6503 -0.0884  0.1497  0.0283  0.9906 -0.1253  0.0462]
action: [ 0.6506 -0.068   0.1479  0.0283  0.9906 -0.1253  0.0463]
next_obs_state: [ 0.6506 -0.068   0.1479  0.0283  0.9906 -0.1253  0.0463]
--------------------------------------------------
Step 85:
obs_state: [ 0.6506 -0.068   0.1479  0.0283  0.9906 -0.1253  0.0463]
action: [ 0.6506 -0.0481  0.149   0.0284  0.9906 -0.1253  0.0462]
next_obs_state: [ 0.6506 -0.0481  0.149   0.0284  0.9906 -0.1253  0.0462]
--------------------------------------------------
Step 86:
obs_state: [ 0.6506 -0.0481  0.149   0.0284  0.9906 -0.1253  0.0462]
action: [ 0.6505 -0.0272  0.1486  0.0284  0.9906 -0.1252  0.0463]
next_obs_state: [ 0.6505 -0.0272  0.1486  0.0284  0.9906 -0.1252  0.0463]
--------------------------------------------------
Step 87:
obs_state: [ 0.6505 -0.0272  0.1486  0.0284  0.9906 -0.1252  0.0463]
action: [ 0.6506 -0.0074  0.1486  0.0285  0.9906 -0.1253  0.0463]
next_obs_state: [ 0.6506 -0.0074  0.1486  0.0285  0.9906 -0.1253  0.0463]
--------------------------------------------------
Step 88:
obs_state: [ 0.6506 -0.0074  0.1486  0.0285  0.9906 -0.1253  0.0463]
action: [ 0.6505  0.0134  0.1487  0.0285  0.9906 -0.1252  0.0463]
next_obs_state: [ 0.6505  0.0134  0.1487  0.0285  0.9906 -0.1252  0.0463]
--------------------------------------------------
Step 89:
obs_state: [ 0.6505  0.0134  0.1487  0.0285  0.9906 -0.1252  0.0463]
action: [ 0.6505  0.0336  0.1486  0.0286  0.9906 -0.1252  0.0463]
next_obs_state: [ 0.6505  0.0336  0.1486  0.0286  0.9906 -0.1252  0.0463]
--------------------------------------------------
Step 90:
obs_state: [ 0.6505  0.0336  0.1486  0.0286  0.9906 -0.1252  0.0463]
action: [ 0.6505  0.0541  0.1487  0.0286  0.9906 -0.1252  0.0463]
next_obs_state: [ 0.6505  0.0541  0.1487  0.0286  0.9906 -0.1252  0.0463]
--------------------------------------------------
Step 91:
obs_state: [ 0.6505  0.0541  0.1487  0.0286  0.9906 -0.1252  0.0463]
action: [ 0.6506  0.0745  0.1487  0.0286  0.9906 -0.1252  0.0462]
next_obs_state: [ 0.6506  0.0745  0.1487  0.0286  0.9906 -0.1252  0.0462]
--------------------------------------------------
Step 92:
obs_state: [ 0.6506  0.0745  0.1487  0.0286  0.9906 -0.1252  0.0462]
action: [ 0.6646  0.066   0.1491  0.0285  0.9906 -0.1252  0.0461]
next_obs_state: [ 0.6646  0.066   0.1491  0.0285  0.9906 -0.1252  0.0461]
--------------------------------------------------
Step 93:
obs_state: [ 0.6646  0.066   0.1491  0.0285  0.9906 -0.1252  0.0461]
action: [ 0.6754  0.0671  0.1786  0.0287  0.9906 -0.1252  0.0463]
next_obs_state: [ 0.6754  0.0671  0.1786  0.0287  0.9906 -0.1252  0.0463]
--------------------------------------------------
Step 94:
obs_state: [ 0.6754  0.0671  0.1786  0.0287  0.9906 -0.1252  0.0463]
action: [ 0.6827  0.069   0.1681  0.0284  0.9907 -0.1252  0.046 ]
next_obs_state: [ 0.6827  0.069   0.1681  0.0284  0.9907 -0.1252  0.046 ]
--------------------------------------------------
Step 95:
obs_state: [ 0.6827  0.069   0.1681  0.0284  0.9907 -0.1252  0.046 ]
action: [ 0.6963  0.0669  0.1986  0.0287  0.9906 -0.1253  0.0463]
next_obs_state: [ 0.6963  0.0669  0.1986  0.0287  0.9906 -0.1253  0.0463]
--------------------------------------------------
Step 96:
obs_state: [ 0.6963  0.0669  0.1986  0.0287  0.9906 -0.1253  0.0463]
action: [ 0.7034  0.0681  0.1902  0.0284  0.9907 -0.125   0.0459]
next_obs_state: [ 0.7034  0.0681  0.1902  0.0284  0.9907 -0.125   0.0459]
--------------------------------------------------
Step 97:
obs_state: [ 0.7034  0.0681  0.1902  0.0284  0.9907 -0.125   0.0459]
action: [ 0.7019  0.0678  0.218   0.0287  0.9906 -0.1253  0.0465]
next_obs_state: [ 0.7019  0.0678  0.218   0.0287  0.9906 -0.1253  0.0465]
--------------------------------------------------
Step 98:
obs_state: [ 0.5913  0.0596  0.1735  0.0308  0.9904 -0.124   0.0522]
action: [ 0.6917  0.032   0.1666  0.0486  0.9906 -0.1055  0.072 ]
next_obs_state: [ 0.6917  0.032   0.1666  0.0486  0.9906 -0.1055  0.072 ]
--------------------------------------------------
Step 99:
obs_state: [ 0.6917  0.032   0.1666  0.0486  0.9906 -0.1055  0.072 ]
action: [ 0.7001  0.0051  0.1351  0.0486  0.9916 -0.093   0.076 ]
next_obs_state: [ 0.7001  0.0051  0.1351  0.0486  0.9916 -0.093   0.076 ]
--------------------------------------------------
Step 100:
obs_state: [ 0.7001  0.0051  0.1351  0.0486  0.9916 -0.093   0.076 ]
action: [ 0.6829 -0.0126  0.1794  0.0486  0.9907 -0.1039  0.0725]
next_obs_state: [ 0.6829 -0.0126  0.1794  0.0486  0.9907 -0.1039  0.0725]
--------------------------------------------------
Step 101:
obs_state: [ 0.6829 -0.0126  0.1794  0.0486  0.9907 -0.1039  0.0725]
action: [ 0.6957 -0.034   0.1648  0.0484  0.9915 -0.0945  0.0753]
next_obs_state: [ 0.6957 -0.034   0.1648  0.0484  0.9915 -0.0945  0.0753]
--------------------------------------------------
Step 102:
obs_state: [ 0.6957 -0.034   0.1648  0.0484  0.9915 -0.0945  0.0753]
action: [ 0.6893 -0.0538  0.1642  0.0485  0.9908 -0.1027  0.0731]
next_obs_state: [ 0.6893 -0.0538  0.1642  0.0485  0.9908 -0.1027  0.0731]
--------------------------------------------------
Step 103:
obs_state: [ 0.6893 -0.0538  0.1642  0.0485  0.9908 -0.1027  0.0731]
action: [ 0.6915 -0.075   0.1693  0.0483  0.9914 -0.0956  0.0749]
next_obs_state: [ 0.6915 -0.075   0.1693  0.0483  0.9914 -0.0956  0.0749]
--------------------------------------------------
Step 104:
obs_state: [ 0.6915 -0.075   0.1693  0.0483  0.9914 -0.0956  0.0749]
action: [ 0.6909 -0.0938  0.165   0.0484  0.9909 -0.1015  0.0734]
next_obs_state: [ 0.6909 -0.0938  0.165   0.0484  0.9909 -0.1015  0.0734]
--------------------------------------------------
Step 105:
obs_state: [ 0.6909 -0.0938  0.165   0.0484  0.9909 -0.1015  0.0734]
action: [ 0.6913 -0.1159  0.1673  0.0483  0.9914 -0.0964  0.0747]
next_obs_state: [ 0.6913 -0.1159  0.1673  0.0483  0.9914 -0.0964  0.0747]
--------------------------------------------------
Step 106:
obs_state: [ 0.6913 -0.1159  0.1673  0.0483  0.9914 -0.0964  0.0747]
action: [ 0.6906 -0.1345  0.1668  0.0483  0.991  -0.1007  0.0736]
next_obs_state: [ 0.6906 -0.1345  0.1668  0.0483  0.991  -0.1007  0.0736]
--------------------------------------------------
Step 107:
obs_state: [ 0.6906 -0.1345  0.1668  0.0483  0.991  -0.1007  0.0736]
action: [ 0.6914 -0.1563  0.1665  0.0482  0.9913 -0.0971  0.0745]
next_obs_state: [ 0.6914 -0.1563  0.1665  0.0482  0.9913 -0.0971  0.0745]
--------------------------------------------------
Step 108:
obs_state: [ 0.6914 -0.1563  0.1665  0.0482  0.9913 -0.0971  0.0745]
action: [ 0.6905 -0.1755  0.1671  0.0482  0.9911 -0.1001  0.0738]
next_obs_state: [ 0.6905 -0.1755  0.1671  0.0482  0.9911 -0.1001  0.0738]
--------------------------------------------------
Step 109:
obs_state: [ 0.6905 -0.1755  0.1671  0.0482  0.9911 -0.1001  0.0738]
action: [ 0.6912 -0.1968  0.1667  0.0481  0.9913 -0.0975  0.0744]
next_obs_state: [ 0.6912 -0.1968  0.1667  0.0481  0.9913 -0.0975  0.0744]
--------------------------------------------------
Step 110:
obs_state: [ 0.6912 -0.1968  0.1667  0.0481  0.9913 -0.0975  0.0744]
action: [ 0.6902 -0.1873  0.1521  0.0483  0.9911 -0.0997  0.0738]
next_obs_state: [ 0.6902 -0.1873  0.1521  0.0483  0.9911 -0.0997  0.0738]
--------------------------------------------------
Step 111:
obs_state: [ 0.6902 -0.1873  0.1521  0.0483  0.9911 -0.0997  0.0738]
action: [ 0.691  -0.1891  0.1428  0.048   0.9913 -0.0977  0.0742]
next_obs_state: [ 0.691  -0.1891  0.1428  0.048   0.9913 -0.0977  0.0742]
--------------------------------------------------
Step 112:
obs_state: [ 0.691  -0.1891  0.1428  0.048   0.9913 -0.0977  0.0742]
action: [ 0.6901 -0.1904  0.1332  0.0483  0.9911 -0.0996  0.0739]
next_obs_state: [ 0.6901 -0.1904  0.1332  0.0483  0.9911 -0.0996  0.0739]
--------------------------------------------------
Step 113:
obs_state: [ 0.6901 -0.1904  0.1332  0.0483  0.9911 -0.0996  0.0739]
action: [ 0.6906 -0.1886  0.1221  0.048   0.9913 -0.0979  0.0742]
next_obs_state: [ 0.6906 -0.1886  0.1221  0.048   0.9913 -0.0979  0.0742]
--------------------------------------------------
Step 114:
obs_state: [ 0.6906 -0.1886  0.1221  0.048   0.9913 -0.0979  0.0742]
action: [ 0.6901 -0.1897  0.1126  0.0482  0.9911 -0.0993  0.0739]
next_obs_state: [ 0.6901 -0.1897  0.1126  0.0482  0.9911 -0.0993  0.0739]
--------------------------------------------------
Step 115:
obs_state: [ 0.6901 -0.1897  0.1126  0.0482  0.9911 -0.0993  0.0739]
action: [ 0.6902 -0.1893  0.1022  0.0481  0.9912 -0.0982  0.0741]
next_obs_state: [ 0.6902 -0.1893  0.1022  0.0481  0.9912 -0.0982  0.0741]
--------------------------------------------------
Step 116:
obs_state: [ 0.6902 -0.1893  0.1022  0.0481  0.9912 -0.0982  0.0741]
action: [ 0.6898 -0.2185  0.0921  0.048   0.9912 -0.0992  0.074 ]
next_obs_state: [ 0.6898 -0.2185  0.0921  0.048   0.9912 -0.0992  0.074 ]
--------------------------------------------------
Step 117:
obs_state: [ 0.6898 -0.2185  0.0921  0.048   0.9912 -0.0992  0.074 ]
action: [ 0.6899 -0.2093  0.0819  0.0483  0.9912 -0.0984  0.0741]
next_obs_state: [ 0.6899 -0.2093  0.0819  0.0483  0.9912 -0.0984  0.0741]
--------------------------------------------------
Step 118:
obs_state: [ 0.6899 -0.2093  0.0819  0.0483  0.9912 -0.0984  0.0741]
action: [ 0.6896 -0.2077  0.0717  0.0479  0.9912 -0.0991  0.0739]
next_obs_state: [ 0.6896 -0.2077  0.0717  0.0479  0.9912 -0.0991  0.0739]
--------------------------------------------------
Step 119:
obs_state: [ 0.6896 -0.2077  0.0717  0.0479  0.9912 -0.0991  0.0739]
action: [ 0.6896 -0.2122  0.0616  0.0483  0.9912 -0.0986  0.074 ]
next_obs_state: [ 0.6896 -0.2122  0.0616  0.0483  0.9912 -0.0986  0.074 ]
--------------------------------------------------
Step 120:
obs_state: [ 0.6896 -0.2122  0.0616  0.0483  0.9912 -0.0986  0.074 ]
action: [ 0.6894 -0.2084  0.0513  0.0479  0.9912 -0.099   0.0739]
next_obs_state: [ 0.6894 -0.2084  0.0513  0.0479  0.9912 -0.099   0.0739]
--------------------------------------------------
Step 121:
obs_state: [ 0.6894 -0.2084  0.0513  0.0479  0.9912 -0.099   0.0739]
action: [ 0.6894 -0.2103  0.0413  0.0482  0.9912 -0.0987  0.074 ]
next_obs_state: [ 0.6894 -0.2103  0.0413  0.0482  0.9912 -0.0987  0.074 ]
--------------------------------------------------
Step 122:
obs_state: [ 0.6894 -0.2103  0.0413  0.0482  0.9912 -0.0987  0.074 ]
action: [ 0.6892 -0.2096  0.031   0.0479  0.9912 -0.0992  0.0739]
next_obs_state: [ 0.6892 -0.2096  0.031   0.0479  0.9912 -0.0992  0.0739]
--------------------------------------------------
Step 123:
obs_state: [ 0.6892 -0.2096  0.031   0.0479  0.9912 -0.0992  0.0739]
action: [ 0.6897 -0.2098  0.0356  0.0482  0.9912 -0.0986  0.074 ]
next_obs_state: [ 0.6897 -0.2098  0.0356  0.0482  0.9912 -0.0986  0.074 ]
--------------------------------------------------
Step 124:
obs_state: [ 0.6897 -0.2098  0.0356  0.0482  0.9912 -0.0986  0.074 ]
action: [ 0.69   -0.2101  0.0634  0.048   0.9912 -0.0992  0.074 ]
next_obs_state: [ 0.69   -0.2101  0.0634  0.048   0.9912 -0.0992  0.074 ]
--------------------------------------------------
Step 125:
obs_state: [ 0.69   -0.2101  0.0634  0.048   0.9912 -0.0992  0.074 ]
action: [ 0.6899 -0.2099  0.0821  0.0481  0.9912 -0.0987  0.074 ]
next_obs_state: [ 0.6899 -0.2099  0.0821  0.0481  0.9912 -0.0987  0.074 ]
--------------------------------------------------
Step 126:
obs_state: [ 0.6899 -0.2099  0.0821  0.0481  0.9912 -0.0987  0.074 ]
action: [ 0.6905 -0.1807  0.1016  0.0483  0.9911 -0.0991  0.074 ]
next_obs_state: [ 0.6905 -0.1807  0.1016  0.0483  0.9911 -0.0991  0.074 ]
--------------------------------------------------
Step 127:
obs_state: [ 0.6905 -0.1807  0.1016  0.0483  0.9911 -0.0991  0.074 ]
action: [ 0.6905 -0.1618  0.1235  0.0481  0.9912 -0.0988  0.074 ]
next_obs_state: [ 0.6905 -0.1618  0.1235  0.0481  0.9912 -0.0988  0.074 ]
--------------------------------------------------
Step 128:
obs_state: [ 0.6905 -0.1618  0.1235  0.0481  0.9912 -0.0988  0.074 ]
action: [ 0.6908 -0.1436  0.1424  0.0484  0.9911 -0.099   0.0741]
next_obs_state: [ 0.6908 -0.1436  0.1424  0.0484  0.9911 -0.099   0.0741]
--------------------------------------------------
Step 129:
obs_state: [ 0.6908 -0.1436  0.1424  0.0484  0.9911 -0.099   0.0741]
action: [ 0.6912 -0.1208  0.1637  0.0483  0.9912 -0.0988  0.0741]
next_obs_state: [ 0.6912 -0.1208  0.1637  0.0483  0.9912 -0.0988  0.0741]
--------------------------------------------------
Step 130:
obs_state: [ 0.6912 -0.1208  0.1637  0.0483  0.9912 -0.0988  0.0741]
action: [ 0.6903 -0.1015  0.1538  0.0485  0.9911 -0.0989  0.0741]
next_obs_state: [ 0.6903 -0.1015  0.1538  0.0485  0.9911 -0.0989  0.0741]
--------------------------------------------------
Step 131:
obs_state: [ 0.6903 -0.1015  0.1538  0.0485  0.9911 -0.0989  0.0741]
action: [ 0.6921 -0.0808  0.1861  0.0485  0.9912 -0.0988  0.0742]
next_obs_state: [ 0.6921 -0.0808  0.1861  0.0485  0.9912 -0.0988  0.0742]
--------------------------------------------------
Step 132:
obs_state: [ 0.6921 -0.0808  0.1861  0.0485  0.9912 -0.0988  0.0742]
action: [ 0.69   -0.0603  0.1756  0.0485  0.9912 -0.0989  0.0739]
next_obs_state: [ 0.69   -0.0603  0.1756  0.0485  0.9912 -0.0989  0.0739]
--------------------------------------------------
Step 133:
obs_state: [ 0.69   -0.0603  0.1756  0.0485  0.9912 -0.0989  0.0739]
action: [ 0.6925 -0.0402  0.205   0.0486  0.9911 -0.0988  0.0743]
next_obs_state: [ 0.6925 -0.0402  0.205   0.0486  0.9911 -0.0988  0.0743]
--------------------------------------------------
Step 134:
obs_state: [ 0.6925 -0.0402  0.205   0.0486  0.9911 -0.0988  0.0743]
action: [ 0.6902 -0.0196  0.1975  0.0486  0.9912 -0.0989  0.0739]
next_obs_state: [ 0.6902 -0.0196  0.1975  0.0486  0.9912 -0.0989  0.0739]
--------------------------------------------------
Step 135:
obs_state: [ 0.6902 -0.0196  0.1975  0.0486  0.9912 -0.0989  0.0739]
action: [ 6.9183e-01  7.8641e-04  1.9503e-01  4.8704e-02  9.9114e-01 -9.8817e-02
  7.4257e-02]
next_obs_state: [ 6.9183e-01  7.8641e-04  1.9503e-01  4.8704e-02  9.9114e-01 -9.8817e-02
  7.4257e-02]
--------------------------------------------------
Step 136:
obs_state: [ 6.9183e-01  7.8641e-04  1.9503e-01  4.8704e-02  9.9114e-01 -9.8817e-02
  7.4257e-02]
action: [ 0.691   0.0212  0.1996  0.0487  0.9912 -0.0989  0.0739]
next_obs_state: [ 0.691   0.0212  0.1996  0.0487  0.9912 -0.0989  0.0739]
--------------------------------------------------
Step 137:
obs_state: [ 0.691   0.0212  0.1996  0.0487  0.9912 -0.0989  0.0739]
action: [ 0.6912  0.0417  0.1962  0.0488  0.9911 -0.0988  0.0742]
next_obs_state: [ 0.6912  0.0417  0.1962  0.0488  0.9911 -0.0988  0.0742]
--------------------------------------------------
Step 138:
obs_state: [ 0.6912  0.0417  0.1962  0.0488  0.9911 -0.0988  0.0742]
action: [ 0.6913  0.0621  0.1979  0.0488  0.9912 -0.0989  0.074 ]
next_obs_state: [ 0.6913  0.0621  0.1979  0.0488  0.9912 -0.0989  0.074 ]
--------------------------------------------------
Step 139:
obs_state: [ 0.6913  0.0621  0.1979  0.0488  0.9912 -0.0989  0.074 ]
action: [ 0.7053  0.0824  0.1979  0.0489  0.9911 -0.0988  0.074 ]
next_obs_state: [ 0.7053  0.0824  0.1979  0.0489  0.9911 -0.0988  0.074 ]
--------------------------------------------------
Step 140:
obs_state: [ 0.7053  0.0824  0.1979  0.0489  0.9911 -0.0988  0.074 ]
action: [ 0.7152  0.0735  0.1975  0.0487  0.9912 -0.0989  0.074 ]
next_obs_state: [ 0.7152  0.0735  0.1975  0.0487  0.9912 -0.0989  0.074 ]
--------------------------------------------------
Step 141:
obs_state: [ 0.7152  0.0735  0.1975  0.0487  0.9912 -0.0989  0.074 ]
action: [ 0.7247  0.0746  0.2271  0.0489  0.9911 -0.0988  0.074 ]
next_obs_state: [ 0.7247  0.0746  0.2271  0.0489  0.9911 -0.0988  0.074 ]
--------------------------------------------------
Step 142:
obs_state: [ 0.5938  0.0624  0.1744  0.0307  0.9904 -0.124   0.0523]
action: [ 0.6713  0.0497  0.2012  0.0467  0.9912 -0.1018  0.0705]
next_obs_state: [ 0.6713  0.0497  0.2012  0.0467  0.9912 -0.1018  0.0705]
--------------------------------------------------
Step 143:
obs_state: [ 0.6713  0.0497  0.2012  0.0467  0.9912 -0.1018  0.0705]
action: [ 0.6445  0.0347  0.1892  0.033   0.9906 -0.1207  0.0557]
next_obs_state: [ 0.6445  0.0347  0.1892  0.033   0.9906 -0.1207  0.0557]
--------------------------------------------------
Step 144:
obs_state: [ 0.6445  0.0347  0.1892  0.033   0.9906 -0.1207  0.0557]
action: [ 0.6466  0.003   0.1921  0.0448  0.9912 -0.1044  0.068 ]
next_obs_state: [ 0.6466  0.003   0.1921  0.0448  0.9912 -0.1044  0.068 ]
--------------------------------------------------
Step 145:
obs_state: [ 0.6466  0.003   0.1921  0.0448  0.9912 -0.1044  0.068 ]
action: [ 0.651  -0.0054  0.1935  0.0347  0.9907 -0.1181  0.0578]
next_obs_state: [ 0.651  -0.0054  0.1935  0.0347  0.9907 -0.1181  0.0578]
--------------------------------------------------
Step 146:
obs_state: [ 0.651  -0.0054  0.1935  0.0347  0.9907 -0.1181  0.0578]
action: [ 0.6485 -0.0359  0.1909  0.0432  0.9911 -0.1064  0.0666]
next_obs_state: [ 0.6485 -0.0359  0.1909  0.0432  0.9911 -0.1064  0.0666]
--------------------------------------------------
Step 147:
obs_state: [ 0.6485 -0.0359  0.1909  0.0432  0.9911 -0.1064  0.0666]
action: [ 0.6473 -0.0486  0.1931  0.036   0.9908 -0.1164  0.0591]
next_obs_state: [ 0.6473 -0.0486  0.1931  0.036   0.9908 -0.1164  0.0591]
--------------------------------------------------
Step 148:
obs_state: [ 0.6473 -0.0486  0.1931  0.036   0.9908 -0.1164  0.0591]
action: [ 0.6508 -0.0748  0.1918  0.0421  0.9911 -0.1078  0.0656]
next_obs_state: [ 0.6508 -0.0748  0.1918  0.0421  0.9911 -0.1078  0.0656]
--------------------------------------------------
Step 149:
obs_state: [ 0.6508 -0.0748  0.1918  0.0421  0.9911 -0.1078  0.0656]
action: [ 0.6465 -0.0907  0.1925  0.0368  0.9909 -0.1151  0.06  ]
next_obs_state: [ 0.6465 -0.0907  0.1925  0.0368  0.9909 -0.1151  0.06  ]
--------------------------------------------------
Step 150:
obs_state: [ 0.6465 -0.0907  0.1925  0.0368  0.9909 -0.1151  0.06  ]
action: [ 0.6504 -0.1148  0.1923  0.0413  0.9911 -0.1088  0.0648]
next_obs_state: [ 0.6504 -0.1148  0.1923  0.0413  0.9911 -0.1088  0.0648]
--------------------------------------------------
Step 151:
obs_state: [ 0.6504 -0.1148  0.1923  0.0413  0.9911 -0.1088  0.0648]
action: [ 0.6471 -0.132   0.1924  0.0374  0.9909 -0.1143  0.0607]
next_obs_state: [ 0.6471 -0.132   0.1924  0.0374  0.9909 -0.1143  0.0607]
--------------------------------------------------
Step 152:
obs_state: [ 0.6471 -0.132   0.1924  0.0374  0.9909 -0.1143  0.0607]
action: [ 0.6495 -0.1547  0.1924  0.0405  0.9911 -0.1097  0.0641]
next_obs_state: [ 0.6495 -0.1547  0.1924  0.0405  0.9911 -0.1097  0.0641]
--------------------------------------------------
Step 153:
obs_state: [ 0.6495 -0.1547  0.1924  0.0405  0.9911 -0.1097  0.0641]
action: [ 0.6471 -0.173   0.1777  0.0377  0.9909 -0.1136  0.0612]
next_obs_state: [ 0.6471 -0.173   0.1777  0.0377  0.9909 -0.1136  0.0612]
--------------------------------------------------
Step 154:
obs_state: [ 0.6471 -0.173   0.1777  0.0377  0.9909 -0.1136  0.0612]
action: [ 0.6489 -0.1948  0.1685  0.04    0.991  -0.1103  0.0636]
next_obs_state: [ 0.6489 -0.1948  0.1685  0.04    0.991  -0.1103  0.0636]
--------------------------------------------------
Step 155:
obs_state: [ 0.6489 -0.1948  0.1685  0.04    0.991  -0.1103  0.0636]
action: [ 0.6471 -0.2139  0.1589  0.0379  0.9909 -0.1132  0.0616]
next_obs_state: [ 0.6471 -0.2139  0.1589  0.0379  0.9909 -0.1132  0.0616]
--------------------------------------------------
Step 156:
obs_state: [ 0.6471 -0.2139  0.1589  0.0379  0.9909 -0.1132  0.0616]
action: [ 0.6484 -0.2065  0.1478  0.0397  0.991  -0.1108  0.0632]
next_obs_state: [ 0.6484 -0.2065  0.1478  0.0397  0.991  -0.1108  0.0632]
--------------------------------------------------
Step 157:
obs_state: [ 0.6484 -0.2065  0.1478  0.0397  0.991  -0.1108  0.0632]
action: [ 0.6472 -0.2064  0.1382  0.0381  0.991  -0.1128  0.0618]
next_obs_state: [ 0.6472 -0.2064  0.1382  0.0381  0.991  -0.1128  0.0618]
--------------------------------------------------
Step 158:
obs_state: [ 0.6472 -0.2064  0.1382  0.0381  0.991  -0.1128  0.0618]
action: [ 0.6479 -0.2093  0.1278  0.0395  0.991  -0.1111  0.063 ]
next_obs_state: [ 0.6479 -0.2093  0.1278  0.0395  0.991  -0.1111  0.063 ]
--------------------------------------------------
Step 159:
obs_state: [ 0.6479 -0.2093  0.1278  0.0395  0.991  -0.1111  0.063 ]
action: [ 0.6472 -0.2062  0.1176  0.0383  0.991  -0.1125  0.062 ]
next_obs_state: [ 0.6472 -0.2062  0.1176  0.0383  0.991  -0.1125  0.062 ]
--------------------------------------------------
Step 160:
obs_state: [ 0.6472 -0.2062  0.1176  0.0383  0.991  -0.1125  0.062 ]
action: [ 0.6476 -0.2083  0.1076  0.0393  0.991  -0.1113  0.0628]
next_obs_state: [ 0.6476 -0.2083  0.1076  0.0393  0.991  -0.1113  0.0628]
--------------------------------------------------
Step 161:
obs_state: [ 0.6476 -0.2083  0.1076  0.0393  0.991  -0.1113  0.0628]
action: [ 0.647  -0.2071  0.0972  0.0384  0.991  -0.1124  0.0621]
next_obs_state: [ 0.647  -0.2071  0.0972  0.0384  0.991  -0.1124  0.0621]
--------------------------------------------------
Step 162:
obs_state: [ 0.647  -0.2071  0.0972  0.0384  0.991  -0.1124  0.0621]
action: [ 0.6473 -0.2076  0.0871  0.0392  0.991  -0.1114  0.0627]
next_obs_state: [ 0.6473 -0.2076  0.0871  0.0392  0.991  -0.1114  0.0627]
--------------------------------------------------
Step 163:
obs_state: [ 0.6473 -0.2076  0.0871  0.0392  0.991  -0.1114  0.0627]
action: [ 0.6468 -0.2072  0.0769  0.0385  0.991  -0.1122  0.0621]
next_obs_state: [ 0.6468 -0.2072  0.0769  0.0385  0.991  -0.1122  0.0621]
--------------------------------------------------
Step 164:
obs_state: [ 0.6468 -0.2072  0.0769  0.0385  0.991  -0.1122  0.0621]
action: [ 0.647  -0.2075  0.0667  0.0391  0.991  -0.1116  0.0626]
next_obs_state: [ 0.647  -0.2075  0.0667  0.0391  0.991  -0.1116  0.0626]
--------------------------------------------------
Step 165:
obs_state: [ 0.647  -0.2075  0.0667  0.0391  0.991  -0.1116  0.0626]
action: [ 0.6467 -0.2072  0.0567  0.0386  0.991  -0.1121  0.0622]
next_obs_state: [ 0.6467 -0.2072  0.0567  0.0386  0.991  -0.1121  0.0622]
--------------------------------------------------
Step 166:
obs_state: [ 0.6467 -0.2072  0.0567  0.0386  0.991  -0.1121  0.0622]
action: [ 0.6614 -0.2074  0.0467  0.039   0.991  -0.1117  0.0624]
next_obs_state: [ 0.6614 -0.2074  0.0467  0.039   0.991  -0.1117  0.0624]
--------------------------------------------------
Step 167:
obs_state: [ 0.6614 -0.2074  0.0467  0.039   0.991  -0.1117  0.0624]
action: [ 0.6562 -0.2071  0.0361  0.0387  0.991  -0.112   0.0623]
next_obs_state: [ 0.6562 -0.2071  0.0361  0.0387  0.991  -0.112   0.0623]
--------------------------------------------------
Step 168:
obs_state: [ 0.6562 -0.2071  0.0361  0.0387  0.991  -0.112   0.0623]
action: [ 0.6705 -0.2073  0.0269  0.0389  0.991  -0.1117  0.0622]
next_obs_state: [ 0.6705 -0.2073  0.0269  0.0389  0.991  -0.1117  0.0622]
--------------------------------------------------
Step 169:
obs_state: [ 0.6705 -0.2073  0.0269  0.0389  0.991  -0.1117  0.0622]
action: [ 0.6673 -0.207   0.0158  0.0387  0.991  -0.112   0.0624]
next_obs_state: [ 0.6673 -0.207   0.0158  0.0387  0.991  -0.112   0.0624]
--------------------------------------------------
Step 170:
obs_state: [ 0.6673 -0.207   0.0158  0.0387  0.991  -0.112   0.0624]
action: [ 0.6657 -0.2073  0.0209  0.0389  0.991  -0.1119  0.0622]
next_obs_state: [ 0.6657 -0.2073  0.0209  0.0389  0.991  -0.1119  0.0622]
--------------------------------------------------
Step 171:
obs_state: [ 0.6657 -0.2073  0.0209  0.0389  0.991  -0.1119  0.0622]
action: [ 0.6691 -0.2073  0.049   0.0388  0.991  -0.1119  0.0625]
next_obs_state: [ 0.6691 -0.2073  0.049   0.0388  0.991  -0.1119  0.0625]
--------------------------------------------------
Step 172:
obs_state: [ 0.6691 -0.2073  0.049   0.0388  0.991  -0.1119  0.0625]
action: [ 0.6669 -0.2074  0.067   0.0388  0.991  -0.1118  0.0623]
next_obs_state: [ 0.6669 -0.2074  0.067   0.0388  0.991  -0.1118  0.0623]
--------------------------------------------------
Step 173:
obs_state: [ 0.6669 -0.2074  0.067   0.0388  0.991  -0.1118  0.0623]
action: [ 0.6684 -0.2075  0.0871  0.0388  0.991  -0.1119  0.0625]
next_obs_state: [ 0.6684 -0.2075  0.0871  0.0388  0.991  -0.1119  0.0625]
--------------------------------------------------
Step 174:
obs_state: [ 0.6684 -0.2075  0.0871  0.0388  0.991  -0.1119  0.0625]
action: [ 0.6684 -0.1795  0.1078  0.0391  0.991  -0.1118  0.0623]
next_obs_state: [ 0.6684 -0.1795  0.1078  0.0391  0.991  -0.1118  0.0623]
--------------------------------------------------
Step 175:
obs_state: [ 0.6684 -0.1795  0.1078  0.0391  0.991  -0.1118  0.0623]
action: [ 0.6684 -0.1593  0.128   0.0389  0.991  -0.1119  0.0625]
next_obs_state: [ 0.6684 -0.1593  0.128   0.0389  0.991  -0.1119  0.0625]
--------------------------------------------------
Step 176:
obs_state: [ 0.6684 -0.1593  0.128   0.0389  0.991  -0.1119  0.0625]
action: [ 0.6689 -0.1414  0.1485  0.0392  0.991  -0.1118  0.0624]
next_obs_state: [ 0.6689 -0.1414  0.1485  0.0392  0.991  -0.1118  0.0624]
--------------------------------------------------
Step 177:
obs_state: [ 0.6689 -0.1414  0.1485  0.0392  0.991  -0.1118  0.0624]
action: [ 0.669  -0.1183  0.1692  0.039   0.991  -0.1119  0.0625]
next_obs_state: [ 0.669  -0.1183  0.1692  0.039   0.991  -0.1119  0.0625]
--------------------------------------------------
Step 178:
obs_state: [ 0.669  -0.1183  0.1692  0.039   0.991  -0.1119  0.0625]
action: [ 0.6683 -0.0998  0.16    0.0392  0.991  -0.1118  0.0623]
next_obs_state: [ 0.6683 -0.0998  0.16    0.0392  0.991  -0.1118  0.0623]
--------------------------------------------------
Step 179:
obs_state: [ 0.6683 -0.0998  0.16    0.0392  0.991  -0.1118  0.0623]
action: [ 0.6693 -0.0785  0.1616  0.0392  0.991  -0.1118  0.0625]
next_obs_state: [ 0.6693 -0.0785  0.1616  0.0392  0.991  -0.1118  0.0625]
--------------------------------------------------
Step 180:
obs_state: [ 0.6693 -0.0785  0.1616  0.0392  0.991  -0.1118  0.0625]
action: [ 0.6685 -0.0579  0.1629  0.0393  0.991  -0.1118  0.0623]
next_obs_state: [ 0.6685 -0.0579  0.1629  0.0393  0.991  -0.1118  0.0623]
--------------------------------------------------
Step 181:
obs_state: [ 0.6685 -0.0579  0.1629  0.0393  0.991  -0.1118  0.0623]
action: [ 0.6689 -0.0378  0.1612  0.0393  0.991  -0.1118  0.0625]
next_obs_state: [ 0.6689 -0.0378  0.1612  0.0393  0.991  -0.1118  0.0625]
--------------------------------------------------
Step 182:
obs_state: [ 0.6689 -0.0378  0.1612  0.0393  0.991  -0.1118  0.0625]
action: [ 0.6688 -0.0173  0.1623  0.0394  0.991  -0.1118  0.0624]
next_obs_state: [ 0.6688 -0.0173  0.1623  0.0394  0.991  -0.1118  0.0624]
--------------------------------------------------
Step 183:
obs_state: [ 0.6688 -0.0173  0.1623  0.0394  0.991  -0.1118  0.0624]
action: [ 0.6688  0.0032  0.1618  0.0394  0.991  -0.1118  0.0625]
next_obs_state: [ 0.6688  0.0032  0.1618  0.0394  0.991  -0.1118  0.0625]
--------------------------------------------------
Step 184:
obs_state: [ 0.6688  0.0032  0.1618  0.0394  0.991  -0.1118  0.0625]
action: [ 0.6688  0.0235  0.1619  0.0395  0.991  -0.1118  0.0624]
next_obs_state: [ 0.6688  0.0235  0.1619  0.0395  0.991  -0.1118  0.0624]
--------------------------------------------------
Step 185:
obs_state: [ 0.6688  0.0235  0.1619  0.0395  0.991  -0.1118  0.0624]
action: [ 0.6687  0.0441  0.162   0.0395  0.991  -0.1118  0.0624]
next_obs_state: [ 0.6687  0.0441  0.162   0.0395  0.991  -0.1118  0.0624]
--------------------------------------------------
Step 186:
obs_state: [ 0.6687  0.0441  0.162   0.0395  0.991  -0.1118  0.0624]
action: [ 0.6687  0.0644  0.1619  0.0395  0.991  -0.1118  0.0624]
next_obs_state: [ 0.6687  0.0644  0.1619  0.0395  0.991  -0.1118  0.0624]
--------------------------------------------------
Step 187:
obs_state: [ 0.6687  0.0644  0.1619  0.0395  0.991  -0.1118  0.0624]
action: [ 0.6688  0.0847  0.162   0.0396  0.991  -0.1118  0.0624]
next_obs_state: [ 0.6688  0.0847  0.162   0.0396  0.991  -0.1118  0.0624]
--------------------------------------------------
Step 188:
obs_state: [ 0.6688  0.0847  0.162   0.0396  0.991  -0.1118  0.0624]
action: [ 0.6839  0.1054  0.1924  0.0396  0.991  -0.1118  0.0623]
next_obs_state: [ 0.6839  0.1054  0.1924  0.0396  0.991  -0.1118  0.0623]
--------------------------------------------------
Step 189:
obs_state: [ 0.589   0.063   0.17    0.0307  0.9904 -0.124   0.0522]
action: [ 0.644   0.0633  0.1796  0.0387  0.991  -0.1132  0.0605]
next_obs_state: [ 0.644   0.0633  0.1796  0.0387  0.991  -0.1132  0.0605]
--------------------------------------------------
Step 190:
obs_state: [ 0.644   0.0633  0.1796  0.0387  0.991  -0.1132  0.0605]
action: [ 0.626   0.0399  0.1732  0.0315  0.9905 -0.1225  0.0539]
next_obs_state: [ 0.626   0.0399  0.1732  0.0315  0.9905 -0.1225  0.0539]
--------------------------------------------------
Step 191:
obs_state: [ 0.626   0.0399  0.1732  0.0315  0.9905 -0.1225  0.0539]
action: [ 0.6252  0.0137  0.1762  0.0376  0.9909 -0.1149  0.0592]
next_obs_state: [ 0.6252  0.0137  0.1762  0.0376  0.9909 -0.1149  0.0592]
--------------------------------------------------
Step 192:
obs_state: [ 0.6252  0.0137  0.1762  0.0376  0.9909 -0.1149  0.0592]
action: [ 0.6306  0.0012  0.1755  0.0323  0.9906 -0.1215  0.0547]
next_obs_state: [ 0.6306  0.0012  0.1755  0.0323  0.9906 -0.1215  0.0547]
--------------------------------------------------
Step 193:
obs_state: [ 0.6306  0.0012  0.1755  0.0323  0.9906 -0.1215  0.0547]
action: [ 0.627  -0.0259  0.1751  0.0367  0.9909 -0.1158  0.0586]
next_obs_state: [ 0.627  -0.0259  0.1751  0.0367  0.9909 -0.1158  0.0586]
--------------------------------------------------
Step 194:
obs_state: [ 0.627  -0.0259  0.1751  0.0367  0.9909 -0.1158  0.0586]
action: [ 0.6276 -0.0416  0.1759  0.0328  0.9906 -0.1207  0.0552]
next_obs_state: [ 0.6276 -0.0416  0.1759  0.0328  0.9906 -0.1207  0.0552]
--------------------------------------------------
Step 195:
obs_state: [ 0.6276 -0.0416  0.1759  0.0328  0.9906 -0.1207  0.0552]
action: [ 0.629  -0.0648  0.1753  0.036   0.9908 -0.1166  0.0581]
next_obs_state: [ 0.629  -0.0648  0.1753  0.036   0.9908 -0.1166  0.0581]
--------------------------------------------------
Step 196:
obs_state: [ 0.629  -0.0648  0.1753  0.036   0.9908 -0.1166  0.0581]
action: [ 0.6268 -0.0833  0.1756  0.0332  0.9906 -0.1201  0.0556]
next_obs_state: [ 0.6268 -0.0833  0.1756  0.0332  0.9906 -0.1201  0.0556]
--------------------------------------------------
Step 197:
obs_state: [ 0.6268 -0.0833  0.1756  0.0332  0.9906 -0.1201  0.0556]
action: [ 0.6288 -0.1052  0.1755  0.0355  0.9908 -0.1171  0.0578]
next_obs_state: [ 0.6288 -0.1052  0.1755  0.0355  0.9908 -0.1171  0.0578]
--------------------------------------------------
Step 198:
obs_state: [ 0.6288 -0.1052  0.1755  0.0355  0.9908 -0.1171  0.0578]
action: [ 0.6271 -0.1244  0.1756  0.0334  0.9907 -0.1197  0.056 ]
next_obs_state: [ 0.6271 -0.1244  0.1756  0.0334  0.9907 -0.1197  0.056 ]
--------------------------------------------------
Step 199:
obs_state: [ 0.6271 -0.1244  0.1756  0.0334  0.9907 -0.1197  0.056 ]
action: [ 0.6283 -0.1464  0.1757  0.0352  0.9908 -0.1174  0.0575]
next_obs_state: [ 0.6283 -0.1464  0.1757  0.0352  0.9908 -0.1174  0.0575]
--------------------------------------------------
Step 200:
obs_state: [ 0.6283 -0.1464  0.1757  0.0352  0.9908 -0.1174  0.0575]
action: [ 0.6269 -0.1648  0.1612  0.0336  0.9907 -0.1194  0.0562]
next_obs_state: [ 0.6269 -0.1648  0.1612  0.0336  0.9907 -0.1194  0.0562]
--------------------------------------------------
Step 201:
obs_state: [ 0.6269 -0.1648  0.1612  0.0336  0.9907 -0.1194  0.0562]
action: [ 0.628  -0.187   0.1517  0.0349  0.9908 -0.1177  0.0573]
next_obs_state: [ 0.628  -0.187   0.1517  0.0349  0.9908 -0.1177  0.0573]
--------------------------------------------------
Step 202:
obs_state: [ 0.628  -0.187   0.1517  0.0349  0.9908 -0.1177  0.0573]
action: [ 0.6268 -0.2057  0.1425  0.0337  0.9907 -0.1192  0.0563]
next_obs_state: [ 0.6268 -0.2057  0.1425  0.0337  0.9907 -0.1192  0.0563]
--------------------------------------------------
Step 203:
obs_state: [ 0.6268 -0.2057  0.1425  0.0337  0.9907 -0.1192  0.0563]
action: [ 0.6421 -0.1979  0.1315  0.0348  0.9908 -0.1179  0.057 ]
next_obs_state: [ 0.6421 -0.1979  0.1315  0.0348  0.9908 -0.1179  0.057 ]
--------------------------------------------------
Step 204:
obs_state: [ 0.6421 -0.1979  0.1315  0.0348  0.9908 -0.1179  0.057 ]
action: [ 0.6508 -0.1983  0.122   0.0338  0.9907 -0.1189  0.0565]
next_obs_state: [ 0.6508 -0.1983  0.122   0.0338  0.9907 -0.1189  0.0565]
--------------------------------------------------
Step 205:
obs_state: [ 0.6508 -0.1983  0.122   0.0338  0.9907 -0.1189  0.0565]
action: [ 0.6605 -0.2007  0.1116  0.0347  0.9908 -0.118   0.0568]
next_obs_state: [ 0.6605 -0.2007  0.1116  0.0347  0.9908 -0.118   0.0568]
--------------------------------------------------
Step 206:
obs_state: [ 0.6605 -0.2007  0.1116  0.0347  0.9908 -0.118   0.0568]
action: [ 0.6566 -0.2271  0.1014  0.0337  0.9907 -0.1188  0.0566]
next_obs_state: [ 0.6566 -0.2271  0.1014  0.0337  0.9907 -0.1188  0.0566]
--------------------------------------------------
Step 207:
obs_state: [ 0.6566 -0.2271  0.1014  0.0337  0.9907 -0.1188  0.0566]
action: [ 0.6714 -0.2186  0.0916  0.0347  0.9908 -0.1181  0.0566]
next_obs_state: [ 0.6714 -0.2186  0.0916  0.0347  0.9908 -0.1181  0.0566]
--------------------------------------------------
Step 208:
obs_state: [ 0.6714 -0.2186  0.0916  0.0347  0.9908 -0.1181  0.0566]
action: [ 0.6672 -0.2172  0.0808  0.0337  0.9907 -0.1188  0.0567]
next_obs_state: [ 0.6672 -0.2172  0.0808  0.0337  0.9907 -0.1188  0.0567]
--------------------------------------------------
Step 209:
obs_state: [ 0.6672 -0.2172  0.0808  0.0337  0.9907 -0.1188  0.0567]
action: [ 0.6659 -0.2213  0.0712  0.0345  0.9908 -0.1183  0.0563]
next_obs_state: [ 0.6659 -0.2213  0.0712  0.0345  0.9908 -0.1183  0.0563]
--------------------------------------------------
Step 210:
obs_state: [ 0.6659 -0.2213  0.0712  0.0345  0.9908 -0.1183  0.0563]
action: [ 0.6682 -0.2177  0.0607  0.0339  0.9907 -0.1187  0.0567]
next_obs_state: [ 0.6682 -0.2177  0.0607  0.0339  0.9907 -0.1187  0.0567]
--------------------------------------------------
Step 211:
obs_state: [ 0.6682 -0.2177  0.0607  0.0339  0.9907 -0.1187  0.0567]
action: [ 0.6662 -0.2197  0.0506  0.0344  0.9908 -0.1183  0.0563]
next_obs_state: [ 0.6662 -0.2197  0.0506  0.0344  0.9908 -0.1183  0.0563]
--------------------------------------------------
Step 212:
obs_state: [ 0.6662 -0.2197  0.0506  0.0344  0.9908 -0.1183  0.0563]
action: [ 0.6671 -0.2189  0.0404  0.0339  0.9907 -0.1186  0.0567]
next_obs_state: [ 0.6671 -0.2189  0.0404  0.0339  0.9907 -0.1186  0.0567]
--------------------------------------------------
Step 213:
obs_state: [ 0.6671 -0.2189  0.0404  0.0339  0.9907 -0.1186  0.0567]
action: [ 0.6808 -0.2189  0.0309  0.0343  0.9908 -0.1184  0.0563]
next_obs_state: [ 0.6808 -0.2189  0.0309  0.0343  0.9908 -0.1184  0.0563]
--------------------------------------------------
Step 214:
obs_state: [ 0.6808 -0.2189  0.0309  0.0343  0.9908 -0.1184  0.0563]
action: [ 0.676  -0.219   0.0197  0.034   0.9907 -0.1186  0.0567]
next_obs_state: [ 0.676  -0.219   0.0197  0.034   0.9907 -0.1186  0.0567]
--------------------------------------------------
Step 215:
obs_state: [ 0.676  -0.219   0.0197  0.034   0.9907 -0.1186  0.0567]
action: [ 0.6766 -0.2194  0.0535  0.0343  0.9908 -0.1185  0.0564]
next_obs_state: [ 0.6766 -0.2194  0.0535  0.0343  0.9908 -0.1185  0.0564]
--------------------------------------------------
Step 216:
obs_state: [ 0.6766 -0.2194  0.0535  0.0343  0.9908 -0.1185  0.0564]
action: [ 0.6778 -0.219   0.0717  0.0341  0.9908 -0.1184  0.0567]
next_obs_state: [ 0.6778 -0.219   0.0717  0.0341  0.9908 -0.1184  0.0567]
--------------------------------------------------
Step 217:
obs_state: [ 0.6778 -0.219   0.0717  0.0341  0.9908 -0.1184  0.0567]
action: [ 0.6771 -0.2195  0.0896  0.0343  0.9907 -0.1185  0.0565]
next_obs_state: [ 0.6771 -0.2195  0.0896  0.0343  0.9907 -0.1185  0.0565]
--------------------------------------------------
Step 218:
obs_state: [ 0.6771 -0.2195  0.0896  0.0343  0.9907 -0.1185  0.0565]
action: [ 0.678  -0.19    0.1128  0.0343  0.9908 -0.1184  0.0567]
next_obs_state: [ 0.678  -0.19    0.1128  0.0343  0.9908 -0.1184  0.0567]
--------------------------------------------------
Step 219:
obs_state: [ 0.678  -0.19    0.1128  0.0343  0.9908 -0.1184  0.0567]
action: [ 0.6778 -0.1713  0.1311  0.0343  0.9907 -0.1185  0.0566]
next_obs_state: [ 0.6778 -0.1713  0.1311  0.0343  0.9907 -0.1185  0.0566]
--------------------------------------------------
Step 220:
obs_state: [ 0.6778 -0.1713  0.1311  0.0343  0.9907 -0.1185  0.0566]
action: [ 0.6783 -0.1524  0.1525  0.0345  0.9907 -0.1184  0.0567]
next_obs_state: [ 0.6783 -0.1524  0.1525  0.0345  0.9907 -0.1184  0.0567]
--------------------------------------------------
Step 221:
obs_state: [ 0.6783 -0.1524  0.1525  0.0345  0.9907 -0.1184  0.0567]
action: [ 0.6775 -0.1299  0.143   0.0344  0.9907 -0.1185  0.0566]
next_obs_state: [ 0.6775 -0.1299  0.143   0.0344  0.9907 -0.1185  0.0566]
--------------------------------------------------
Step 222:
obs_state: [ 0.6775 -0.1299  0.143   0.0344  0.9907 -0.1185  0.0566]
action: [ 0.6792 -0.1116  0.173   0.0346  0.9907 -0.1184  0.0568]
next_obs_state: [ 0.6792 -0.1116  0.173   0.0346  0.9907 -0.1184  0.0568]
--------------------------------------------------
Step 223:
obs_state: [ 0.6792 -0.1116  0.173   0.0346  0.9907 -0.1184  0.0568]
action: [ 0.6772 -0.0898  0.1645  0.0345  0.9907 -0.1185  0.0565]
next_obs_state: [ 0.6772 -0.0898  0.1645  0.0345  0.9907 -0.1185  0.0565]
--------------------------------------------------
Step 224:
obs_state: [ 0.6772 -0.0898  0.1645  0.0345  0.9907 -0.1185  0.0565]
action: [ 0.6788 -0.0701  0.1627  0.0347  0.9907 -0.1184  0.0568]
next_obs_state: [ 0.6788 -0.0701  0.1627  0.0347  0.9907 -0.1184  0.0568]
--------------------------------------------------
Step 225:
obs_state: [ 0.6788 -0.0701  0.1627  0.0347  0.9907 -0.1184  0.0568]
action: [ 0.6779 -0.0494  0.167   0.0346  0.9907 -0.1185  0.0566]
next_obs_state: [ 0.6779 -0.0494  0.167   0.0346  0.9907 -0.1185  0.0566]
--------------------------------------------------
Step 226:
obs_state: [ 0.6779 -0.0494  0.167   0.0346  0.9907 -0.1185  0.0566]
action: [ 0.6781 -0.0294  0.1637  0.0348  0.9907 -0.1184  0.0568]
next_obs_state: [ 0.6781 -0.0294  0.1637  0.0348  0.9907 -0.1184  0.0568]
--------------------------------------------------
Step 227:
obs_state: [ 0.6781 -0.0294  0.1637  0.0348  0.9907 -0.1184  0.0568]
action: [ 0.6783 -0.0086  0.1653  0.0347  0.9907 -0.1185  0.0564]
next_obs_state: [ 0.6783 -0.0086  0.1653  0.0347  0.9907 -0.1185  0.0564]
--------------------------------------------------
Step 228:
obs_state: [ 0.6783 -0.0086  0.1653  0.0347  0.9907 -0.1185  0.0564]
action: [ 0.678   0.0116  0.1649  0.0348  0.9907 -0.1184  0.0567]
next_obs_state: [ 0.678   0.0116  0.1649  0.0348  0.9907 -0.1184  0.0567]
--------------------------------------------------
Step 229:
obs_state: [ 0.678   0.0116  0.1649  0.0348  0.9907 -0.1184  0.0567]
action: [ 0.6782  0.0321  0.1648  0.0348  0.9907 -0.1184  0.0564]
next_obs_state: [ 0.6782  0.0321  0.1648  0.0348  0.9907 -0.1184  0.0564]
--------------------------------------------------
Step 230:
obs_state: [ 0.6782  0.0321  0.1648  0.0348  0.9907 -0.1184  0.0564]
action: [ 0.6781  0.0524  0.165   0.0349  0.9907 -0.1184  0.0568]
next_obs_state: [ 0.6781  0.0524  0.165   0.0349  0.9907 -0.1184  0.0568]
--------------------------------------------------
Step 231:
obs_state: [ 0.6781  0.0524  0.165   0.0349  0.9907 -0.1184  0.0568]
action: [ 0.678   0.0729  0.1649  0.0349  0.9907 -0.1184  0.0564]
next_obs_state: [ 0.678   0.0729  0.1649  0.0349  0.9907 -0.1184  0.0564]
--------------------------------------------------
Step 232:
obs_state: [ 0.678   0.0729  0.1649  0.0349  0.9907 -0.1184  0.0564]
action: [ 0.6924  0.0931  0.1654  0.035   0.9907 -0.1184  0.0566]
next_obs_state: [ 0.6924  0.0931  0.1654  0.035   0.9907 -0.1184  0.0566]
--------------------------------------------------
Step 233:
obs_state: [ 0.6924  0.0931  0.1654  0.035   0.9907 -0.1184  0.0566]
action: [ 0.7027  0.1133  0.1939  0.035   0.9907 -0.1184  0.0565]
next_obs_state: [ 0.7027  0.1133  0.1939  0.035   0.9907 -0.1184  0.0565]
--------------------------------------------------
Step 234:
obs_state: [ 0.7027  0.1133  0.1939  0.035   0.9907 -0.1184  0.0565]
action: [ 0.7106  0.1045  0.1838  0.0349  0.9907 -0.1184  0.0564]
next_obs_state: [ 0.7106  0.1045  0.1838  0.0349  0.9907 -0.1184  0.0564]
--------------------------------------------------
Step 235:
obs_state: [ 0.7106  0.1045  0.1838  0.0349  0.9907 -0.1184  0.0564]
action: [ 0.7234  0.1065  0.1851  0.035   0.9907 -0.1184  0.0565]
next_obs_state: [ 0.7234  0.1065  0.1851  0.035   0.9907 -0.1184  0.0565]
--------------------------------------------------
Step 236:
obs_state: [ 0.592   0.0654  0.1726  0.0307  0.9904 -0.124   0.0523]
action: [ 0.6566  0.0725  0.1838  0.0346  0.9907 -0.1191  0.0552]
next_obs_state: [ 0.6566  0.0725  0.1838  0.0346  0.9907 -0.1191  0.0552]
--------------------------------------------------
Step 237:
obs_state: [ 0.6566  0.0725  0.1838  0.0346  0.9907 -0.1191  0.0552]
action: [ 0.6385  0.0459  0.1766  0.031   0.9904 -0.1233  0.0534]
next_obs_state: [ 0.6385  0.0459  0.1766  0.031   0.9904 -0.1233  0.0534]
--------------------------------------------------
Step 238:
obs_state: [ 0.6385  0.0459  0.1766  0.031   0.9904 -0.1233  0.0534]
action: [ 0.6344  0.0212  0.1802  0.0341  0.9907 -0.1198  0.0546]
next_obs_state: [ 0.6344  0.0212  0.1802  0.0341  0.9907 -0.1198  0.0546]
--------------------------------------------------
Step 239:
obs_state: [ 0.6344  0.0212  0.1802  0.0341  0.9907 -0.1198  0.0546]
action: [ 0.6436  0.0077  0.1791  0.0313  0.9905 -0.1228  0.0537]
next_obs_state: [ 0.6436  0.0077  0.1791  0.0313  0.9905 -0.1228  0.0537]
--------------------------------------------------
Step 240:
obs_state: [ 0.6436  0.0077  0.1791  0.0313  0.9905 -0.1228  0.0537]
action: [ 0.637  -0.0184  0.1789  0.0336  0.9907 -0.1203  0.0544]
next_obs_state: [ 0.637  -0.0184  0.1789  0.0336  0.9907 -0.1203  0.0544]
--------------------------------------------------
Step 241:
obs_state: [ 0.637  -0.0184  0.1789  0.0336  0.9907 -0.1203  0.0544]
action: [ 0.6397 -0.0353  0.1796  0.0316  0.9905 -0.1225  0.0538]
next_obs_state: [ 0.6397 -0.0353  0.1796  0.0316  0.9905 -0.1225  0.0538]
--------------------------------------------------
Step 242:
obs_state: [ 0.6397 -0.0353  0.1796  0.0316  0.9905 -0.1225  0.0538]
action: [ 0.6397 -0.0571  0.1791  0.0332  0.9906 -0.1207  0.0544]
next_obs_state: [ 0.6397 -0.0571  0.1791  0.0332  0.9906 -0.1207  0.0544]
--------------------------------------------------
Step 243:
obs_state: [ 0.6397 -0.0571  0.1791  0.0332  0.9906 -0.1207  0.0544]
action: [ 0.6386 -0.0769  0.1793  0.0317  0.9905 -0.1222  0.0538]
next_obs_state: [ 0.6386 -0.0769  0.1793  0.0317  0.9905 -0.1222  0.0538]
--------------------------------------------------
Step 244:
obs_state: [ 0.6386 -0.0769  0.1793  0.0317  0.9905 -0.1222  0.0538]
action: [ 0.6396 -0.0974  0.1793  0.0329  0.9906 -0.1209  0.0543]
next_obs_state: [ 0.6396 -0.0974  0.1793  0.0329  0.9906 -0.1209  0.0543]
--------------------------------------------------
Step 245:
obs_state: [ 0.6396 -0.0974  0.1793  0.0329  0.9906 -0.1209  0.0543]
action: [ 0.6389 -0.1177  0.1793  0.0318  0.9905 -0.1221  0.0539]
next_obs_state: [ 0.6389 -0.1177  0.1793  0.0318  0.9905 -0.1221  0.0539]
--------------------------------------------------
Step 246:
obs_state: [ 0.6389 -0.1177  0.1793  0.0318  0.9905 -0.1221  0.0539]
action: [ 0.6392 -0.1383  0.1795  0.0326  0.9906 -0.1211  0.0543]
next_obs_state: [ 0.6392 -0.1383  0.1795  0.0326  0.9906 -0.1211  0.0543]
--------------------------------------------------
Step 247:
obs_state: [ 0.6392 -0.1383  0.1795  0.0326  0.9906 -0.1211  0.0543]
action: [ 0.639  -0.1584  0.1794  0.0318  0.9906 -0.1219  0.054 ]
next_obs_state: [ 0.639  -0.1584  0.1794  0.0318  0.9906 -0.1219  0.054 ]
--------------------------------------------------
Step 248:
obs_state: [ 0.639  -0.1584  0.1794  0.0318  0.9906 -0.1219  0.054 ]
action: [ 0.6386 -0.179   0.1647  0.0324  0.9906 -0.1212  0.0542]
next_obs_state: [ 0.6386 -0.179   0.1647  0.0324  0.9906 -0.1212  0.0542]
--------------------------------------------------
Step 249:
obs_state: [ 0.6386 -0.179   0.1647  0.0324  0.9906 -0.1212  0.0542]
action: [ 0.6388 -0.1992  0.1555  0.0318  0.9906 -0.1219  0.0539]
next_obs_state: [ 0.6388 -0.1992  0.1555  0.0318  0.9906 -0.1219  0.0539]
--------------------------------------------------
Step 250:
obs_state: [ 0.6388 -0.1992  0.1555  0.0318  0.9906 -0.1219  0.0539]
action: [ 0.6383 -0.2197  0.1459  0.0322  0.9906 -0.1213  0.0541]
next_obs_state: [ 0.6383 -0.2197  0.1459  0.0322  0.9906 -0.1213  0.0541]
--------------------------------------------------
Step 251:
obs_state: [ 0.6383 -0.2197  0.1459  0.0322  0.9906 -0.1213  0.0541]
action: [ 0.6384 -0.2105  0.1346  0.032   0.9906 -0.1218  0.054 ]
next_obs_state: [ 0.6384 -0.2105  0.1346  0.032   0.9906 -0.1218  0.054 ]
--------------------------------------------------
Step 252:
obs_state: [ 0.6384 -0.2105  0.1346  0.032   0.9906 -0.1218  0.054 ]
action: [ 0.6383 -0.2121  0.1253  0.0321  0.9906 -0.1214  0.0541]
next_obs_state: [ 0.6383 -0.2121  0.1253  0.0321  0.9906 -0.1214  0.0541]
--------------------------------------------------
Step 253:
obs_state: [ 0.6383 -0.2121  0.1253  0.0321  0.9906 -0.1214  0.0541]
action: [ 0.638  -0.2418  0.1152  0.0318  0.9906 -0.1217  0.054 ]
next_obs_state: [ 0.638  -0.2418  0.1152  0.0318  0.9906 -0.1217  0.054 ]
--------------------------------------------------
Step 254:
obs_state: [ 0.638  -0.2418  0.1152  0.0318  0.9906 -0.1217  0.054 ]
action: [ 0.6526 -0.2305  0.1049  0.0323  0.9906 -0.1214  0.0539]
next_obs_state: [ 0.6526 -0.2305  0.1049  0.0323  0.9906 -0.1214  0.0539]
--------------------------------------------------
Step 255:
obs_state: [ 0.6526 -0.2305  0.1049  0.0323  0.9906 -0.1214  0.0539]
action: [ 0.6619 -0.2312  0.0948  0.0317  0.9906 -0.1217  0.054 ]
next_obs_state: [ 0.6619 -0.2312  0.0948  0.0317  0.9906 -0.1217  0.054 ]
--------------------------------------------------
Step 256:
obs_state: [ 0.6619 -0.2312  0.0948  0.0317  0.9906 -0.1217  0.054 ]
action: [ 0.6565 -0.2342  0.0843  0.0323  0.9906 -0.1218  0.0539]
next_obs_state: [ 0.6565 -0.2342  0.0843  0.0323  0.9906 -0.1218  0.0539]
--------------------------------------------------
Step 257:
obs_state: [ 0.6565 -0.2342  0.0843  0.0323  0.9906 -0.1218  0.0539]
action: [ 0.6581 -0.231   0.0744  0.0318  0.9906 -0.1216  0.0539]
next_obs_state: [ 0.6581 -0.231   0.0744  0.0318  0.9906 -0.1216  0.0539]
--------------------------------------------------
Step 258:
obs_state: [ 0.6581 -0.231   0.0744  0.0318  0.9906 -0.1216  0.0539]
action: [ 0.6582 -0.2329  0.064   0.0322  0.9906 -0.1218  0.054 ]
next_obs_state: [ 0.6582 -0.2329  0.064   0.0322  0.9906 -0.1218  0.054 ]
--------------------------------------------------
Step 259:
obs_state: [ 0.6582 -0.2329  0.064   0.0322  0.9906 -0.1218  0.054 ]
action: [ 0.6573 -0.2321  0.0539  0.0319  0.9906 -0.1217  0.0539]
next_obs_state: [ 0.6573 -0.2321  0.0539  0.0319  0.9906 -0.1217  0.0539]
--------------------------------------------------
Step 260:
obs_state: [ 0.6573 -0.2321  0.0539  0.0319  0.9906 -0.1217  0.0539]
action: [ 0.6578 -0.2322  0.0437  0.0321  0.9906 -0.1217  0.0539]
next_obs_state: [ 0.6578 -0.2322  0.0437  0.0321  0.9906 -0.1217  0.0539]
--------------------------------------------------
Step 261:
obs_state: [ 0.6578 -0.2322  0.0437  0.0321  0.9906 -0.1217  0.0539]
action: [ 0.672  -0.2322  0.034   0.0319  0.9906 -0.1217  0.0537]
next_obs_state: [ 0.672  -0.2322  0.034   0.0319  0.9906 -0.1217  0.0537]
--------------------------------------------------
Step 262:
obs_state: [ 0.672  -0.2322  0.034   0.0319  0.9906 -0.1217  0.0537]
action: [ 0.667  -0.232   0.0232  0.0321  0.9906 -0.1217  0.054 ]
next_obs_state: [ 0.667  -0.232   0.0232  0.0321  0.9906 -0.1217  0.054 ]
--------------------------------------------------
Step 263:
obs_state: [ 0.667  -0.232   0.0232  0.0321  0.9906 -0.1217  0.054 ]
action: [ 0.6671 -0.2322  0.0283  0.0319  0.9906 -0.1218  0.0537]
next_obs_state: [ 0.6671 -0.2322  0.0283  0.0319  0.9906 -0.1218  0.0537]
--------------------------------------------------
Step 264:
obs_state: [ 0.6671 -0.2322  0.0283  0.0319  0.9906 -0.1218  0.0537]
action: [ 0.6696 -0.2325  0.0558  0.0322  0.9906 -0.1216  0.0541]
next_obs_state: [ 0.6696 -0.2325  0.0558  0.0322  0.9906 -0.1216  0.0541]
--------------------------------------------------
Step 265:
obs_state: [ 0.6696 -0.2325  0.0558  0.0322  0.9906 -0.1216  0.0541]
action: [ 0.6675 -0.203   0.0743  0.0321  0.9906 -0.1217  0.0538]
next_obs_state: [ 0.6675 -0.203   0.0743  0.0321  0.9906 -0.1217  0.0538]
--------------------------------------------------
Step 266:
obs_state: [ 0.6675 -0.203   0.0743  0.0321  0.9906 -0.1217  0.0538]
action: [ 0.6692 -0.1844  0.094   0.0322  0.9906 -0.1216  0.0541]
next_obs_state: [ 0.6692 -0.1844  0.094   0.0322  0.9906 -0.1216  0.0541]
--------------------------------------------------
Step 267:
obs_state: [ 0.6692 -0.1844  0.094   0.0322  0.9906 -0.1216  0.0541]
action: [ 0.6688 -0.1655  0.1155  0.0323  0.9906 -0.1217  0.0538]
next_obs_state: [ 0.6688 -0.1655  0.1155  0.0323  0.9906 -0.1217  0.0538]
--------------------------------------------------
Step 268:
obs_state: [ 0.6688 -0.1655  0.1155  0.0323  0.9906 -0.1217  0.0538]
action: [ 0.6682 -0.1431  0.1055  0.0322  0.9906 -0.1216  0.0539]
next_obs_state: [ 0.6682 -0.1431  0.1055  0.0322  0.9906 -0.1216  0.0539]
--------------------------------------------------
Step 269:
obs_state: [ 0.6682 -0.1431  0.1055  0.0322  0.9906 -0.1216  0.0539]
action: [ 0.6692 -0.1241  0.1077  0.0324  0.9906 -0.1217  0.0539]
next_obs_state: [ 0.6692 -0.1241  0.1077  0.0324  0.9906 -0.1217  0.0539]
--------------------------------------------------
Step 270:
obs_state: [ 0.6692 -0.1241  0.1077  0.0324  0.9906 -0.1217  0.0539]
action: [ 0.6684 -0.1033  0.1088  0.0323  0.9906 -0.1216  0.0539]
next_obs_state: [ 0.6684 -0.1033  0.1088  0.0323  0.9906 -0.1216  0.0539]
--------------------------------------------------
Step 271:
obs_state: [ 0.6684 -0.1033  0.1088  0.0323  0.9906 -0.1216  0.0539]
action: [ 0.6697 -0.0829  0.1368  0.0325  0.9906 -0.1217  0.054 ]
next_obs_state: [ 0.6697 -0.0829  0.1368  0.0325  0.9906 -0.1217  0.054 ]
--------------------------------------------------
Step 272:
obs_state: [ 0.6697 -0.0829  0.1368  0.0325  0.9906 -0.1217  0.054 ]
action: [ 0.6691 -0.0623  0.1564  0.0324  0.9906 -0.1216  0.0539]
next_obs_state: [ 0.6691 -0.0623  0.1564  0.0324  0.9906 -0.1216  0.0539]
--------------------------------------------------
Step 273:
obs_state: [ 0.6691 -0.0623  0.1564  0.0324  0.9906 -0.1216  0.0539]
action: [ 0.6698 -0.0421  0.1752  0.0326  0.9906 -0.1217  0.054 ]
next_obs_state: [ 0.6698 -0.0421  0.1752  0.0326  0.9906 -0.1217  0.054 ]
--------------------------------------------------
Step 274:
obs_state: [ 0.6698 -0.0421  0.1752  0.0326  0.9906 -0.1217  0.054 ]
action: [ 0.6689 -0.0213  0.1673  0.0325  0.9906 -0.1216  0.0539]
next_obs_state: [ 0.6689 -0.0213  0.1673  0.0325  0.9906 -0.1216  0.0539]
--------------------------------------------------
Step 275:
obs_state: [ 0.6689 -0.0213  0.1673  0.0325  0.9906 -0.1216  0.0539]
action: [ 0.6697 -0.0012  0.1686  0.0327  0.9906 -0.1217  0.054 ]
next_obs_state: [ 0.6697 -0.0012  0.1686  0.0327  0.9906 -0.1217  0.054 ]
--------------------------------------------------
Step 276:
obs_state: [ 0.6697 -0.0012  0.1686  0.0327  0.9906 -0.1217  0.054 ]
action: [ 0.6691  0.0194  0.1699  0.0326  0.9906 -0.1216  0.0538]
next_obs_state: [ 0.6691  0.0194  0.1699  0.0326  0.9906 -0.1216  0.0538]
--------------------------------------------------
Step 277:
obs_state: [ 0.6691  0.0194  0.1699  0.0326  0.9906 -0.1216  0.0538]
action: [ 0.6694  0.0397  0.1684  0.0327  0.9906 -0.1216  0.0537]
next_obs_state: [ 0.6694  0.0397  0.1684  0.0327  0.9906 -0.1216  0.0537]
--------------------------------------------------
Step 278:
obs_state: [ 0.6694  0.0397  0.1684  0.0327  0.9906 -0.1216  0.0537]
action: [ 0.6694  0.0307  0.1693  0.0326  0.9906 -0.1216  0.0539]
next_obs_state: [ 0.6694  0.0307  0.1693  0.0326  0.9906 -0.1216  0.0539]
--------------------------------------------------
Step 279:
obs_state: [ 0.6694  0.0307  0.1693  0.0326  0.9906 -0.1216  0.0539]
action: [ 0.6832  0.0319  0.1694  0.0328  0.9906 -0.1217  0.0536]
next_obs_state: [ 0.6832  0.0319  0.1694  0.0328  0.9906 -0.1217  0.0536]
--------------------------------------------------
Step 280:
obs_state: [ 0.6832  0.0319  0.1694  0.0328  0.9906 -0.1217  0.0536]
action: [ 0.6934  0.0338  0.1692  0.0325  0.9906 -0.1215  0.0539]
next_obs_state: [ 0.6934  0.0338  0.1692  0.0325  0.9906 -0.1215  0.0539]
--------------------------------------------------
Step 281:
obs_state: [ 0.6934  0.0338  0.1692  0.0325  0.9906 -0.1215  0.0539]
action: [ 0.7028  0.0605  0.199   0.033   0.9906 -0.1217  0.0536]
next_obs_state: [ 0.7028  0.0605  0.199   0.033   0.9906 -0.1217  0.0536]
--------------------------------------------------
Step 282:
obs_state: [ 0.7028  0.0605  0.199   0.033   0.9906 -0.1217  0.0536]
action: [ 0.7128  0.0813  0.1877  0.0326  0.9906 -0.1215  0.0537]
next_obs_state: [ 0.7128  0.0813  0.1877  0.0326  0.9906 -0.1215  0.0537]
--------------------------------------------------
Step 283:
obs_state: [ 0.5905  0.059   0.1749  0.0307  0.9904 -0.124   0.0522]
action: [ 0.6526  0.0495  0.1848  0.0327  0.9906 -0.1219  0.0529]
next_obs_state: [ 0.6526  0.0495  0.1848  0.0327  0.9906 -0.1219  0.0529]
--------------------------------------------------
Step 284:
obs_state: [ 0.6526  0.0495  0.1848  0.0327  0.9906 -0.1219  0.0529]
action: [ 0.6362  0.0267  0.1788  0.0309  0.9904 -0.1238  0.0529]
next_obs_state: [ 0.6362  0.0267  0.1788  0.0309  0.9904 -0.1238  0.0529]
--------------------------------------------------
Step 285:
obs_state: [ 0.6362  0.0267  0.1788  0.0309  0.9904 -0.1238  0.0529]
action: [ 0.6305  0.0044  0.1817  0.0324  0.9906 -0.1221  0.0526]
next_obs_state: [ 0.6305  0.0044  0.1817  0.0324  0.9906 -0.1221  0.0526]
--------------------------------------------------
Step 286:
obs_state: [ 0.6305  0.0044  0.1817  0.0324  0.9906 -0.1221  0.0526]
action: [ 0.6411 -0.0128  0.181   0.0311  0.9904 -0.1236  0.053 ]
next_obs_state: [ 0.6411 -0.0128  0.181   0.0311  0.9904 -0.1236  0.053 ]
--------------------------------------------------
Step 287:
obs_state: [ 0.6411 -0.0128  0.181   0.0311  0.9904 -0.1236  0.053 ]
action: [ 0.6335 -0.0359  0.1807  0.0322  0.9906 -0.1223  0.0527]
next_obs_state: [ 0.6335 -0.0359  0.1807  0.0322  0.9906 -0.1223  0.0527]
--------------------------------------------------
Step 288:
obs_state: [ 0.6335 -0.0359  0.1807  0.0322  0.9906 -0.1223  0.0527]
action: [ 0.6369 -0.0546  0.1813  0.0312  0.9905 -0.1234  0.0529]
next_obs_state: [ 0.6369 -0.0546  0.1813  0.0312  0.9905 -0.1234  0.0529]
--------------------------------------------------
Step 289:
obs_state: [ 0.6369 -0.0546  0.1813  0.0312  0.9905 -0.1234  0.0529]
action: [ 0.6362 -0.0759  0.1808  0.0319  0.9905 -0.1225  0.0528]
next_obs_state: [ 0.6362 -0.0759  0.1808  0.0319  0.9905 -0.1225  0.0528]
--------------------------------------------------
Step 290:
obs_state: [ 0.6362 -0.0759  0.1808  0.0319  0.9905 -0.1225  0.0528]
action: [ 0.6357 -0.0958  0.1811  0.0312  0.9905 -0.1232  0.0529]
next_obs_state: [ 0.6357 -0.0958  0.1811  0.0312  0.9905 -0.1232  0.0529]
--------------------------------------------------
Step 291:
obs_state: [ 0.6357 -0.0958  0.1811  0.0312  0.9905 -0.1232  0.0529]
action: [ 0.6363 -0.1161  0.1811  0.0317  0.9905 -0.1227  0.0528]
next_obs_state: [ 0.6363 -0.1161  0.1811  0.0317  0.9905 -0.1227  0.0528]
--------------------------------------------------
Step 292:
obs_state: [ 0.6363 -0.1161  0.1811  0.0317  0.9905 -0.1227  0.0528]
action: [ 0.6358 -0.1364  0.181   0.0312  0.9905 -0.1231  0.0529]
next_obs_state: [ 0.6358 -0.1364  0.181   0.0312  0.9905 -0.1231  0.0529]
--------------------------------------------------
Step 293:
obs_state: [ 0.6358 -0.1364  0.181   0.0312  0.9905 -0.1231  0.0529]
action: [ 0.6355 -0.1567  0.1667  0.0315  0.9905 -0.1228  0.0528]
next_obs_state: [ 0.6355 -0.1567  0.1667  0.0315  0.9905 -0.1228  0.0528]
--------------------------------------------------
Step 294:
obs_state: [ 0.6355 -0.1567  0.1667  0.0315  0.9905 -0.1228  0.0528]
action: [ 0.6358 -0.1771  0.1571  0.0311  0.9905 -0.1231  0.0528]
next_obs_state: [ 0.6358 -0.1771  0.1571  0.0311  0.9905 -0.1231  0.0528]
--------------------------------------------------
Step 295:
obs_state: [ 0.6358 -0.1771  0.1571  0.0311  0.9905 -0.1231  0.0528]
action: [ 0.6352 -0.1973  0.1479  0.0314  0.9905 -0.1228  0.0528]
next_obs_state: [ 0.6352 -0.1973  0.1479  0.0314  0.9905 -0.1228  0.0528]
--------------------------------------------------
Step 296:
obs_state: [ 0.6352 -0.1973  0.1479  0.0314  0.9905 -0.1228  0.0528]
action: [ 0.65   -0.1884  0.1369  0.0312  0.9905 -0.1231  0.0526]
next_obs_state: [ 0.65   -0.1884  0.1369  0.0312  0.9905 -0.1231  0.0526]
--------------------------------------------------
Step 297:
obs_state: [ 0.65   -0.1884  0.1369  0.0312  0.9905 -0.1231  0.0526]
action: [ 0.6449 -0.1898  0.1269  0.0313  0.9905 -0.1228  0.0529]
next_obs_state: [ 0.6449 -0.1898  0.1269  0.0313  0.9905 -0.1228  0.0529]
--------------------------------------------------
Step 298:
obs_state: [ 0.6449 -0.1898  0.1269  0.0313  0.9905 -0.1228  0.0529]
action: [ 0.6443 -0.2208  0.1171  0.031   0.9905 -0.123   0.0526]
next_obs_state: [ 0.6443 -0.2208  0.1171  0.031   0.9905 -0.123   0.0526]
--------------------------------------------------
Step 299:
obs_state: [ 0.6443 -0.2208  0.1171  0.031   0.9905 -0.123   0.0526]
action: [ 0.6463 -0.2084  0.1062  0.0315  0.9905 -0.1229  0.0529]
next_obs_state: [ 0.6463 -0.2084  0.1062  0.0315  0.9905 -0.1229  0.0529]
--------------------------------------------------
Step 300:
obs_state: [ 0.6463 -0.2084  0.1062  0.0315  0.9905 -0.1229  0.0529]
action: [ 0.6443 -0.2092  0.0966  0.0309  0.9905 -0.123   0.0526]
next_obs_state: [ 0.6443 -0.2092  0.0966  0.0309  0.9905 -0.123   0.0526]
--------------------------------------------------
Step 301:
obs_state: [ 0.6443 -0.2092  0.0966  0.0309  0.9905 -0.123   0.0526]
action: [ 0.6452 -0.2125  0.0862  0.0314  0.9905 -0.123   0.0528]
next_obs_state: [ 0.6452 -0.2125  0.0862  0.0314  0.9905 -0.123   0.0528]
--------------------------------------------------
Step 302:
obs_state: [ 0.6452 -0.2125  0.0862  0.0314  0.9905 -0.123   0.0528]
action: [ 0.6448 -0.209   0.0761  0.031   0.9905 -0.123   0.0526]
next_obs_state: [ 0.6448 -0.209   0.0761  0.031   0.9905 -0.123   0.0526]
--------------------------------------------------
Step 303:
obs_state: [ 0.6448 -0.209   0.0761  0.031   0.9905 -0.123   0.0526]
action: [ 0.6446 -0.2111  0.0659  0.0313  0.9905 -0.123   0.0528]
next_obs_state: [ 0.6446 -0.2111  0.0659  0.0313  0.9905 -0.123   0.0528]
--------------------------------------------------
Step 304:
obs_state: [ 0.6446 -0.2111  0.0659  0.0313  0.9905 -0.123   0.0528]
action: [ 0.6592 -0.2102  0.0562  0.0311  0.9905 -0.123   0.0525]
next_obs_state: [ 0.6592 -0.2102  0.0562  0.0311  0.9905 -0.123   0.0525]
--------------------------------------------------
Step 305:
obs_state: [ 0.6592 -0.2102  0.0562  0.0311  0.9905 -0.123   0.0525]
action: [ 0.654  -0.2103  0.0453  0.0313  0.9905 -0.1229  0.0529]
next_obs_state: [ 0.654  -0.2103  0.0453  0.0313  0.9905 -0.1229  0.0529]
--------------------------------------------------
Step 306:
obs_state: [ 0.654  -0.2103  0.0453  0.0313  0.9905 -0.1229  0.0529]
action: [ 0.6679 -0.2104  0.0363  0.0311  0.9905 -0.123   0.0524]
next_obs_state: [ 0.6679 -0.2104  0.0363  0.0311  0.9905 -0.123   0.0524]
--------------------------------------------------
Step 307:
obs_state: [ 0.6679 -0.2104  0.0363  0.0311  0.9905 -0.123   0.0524]
action: [ 0.6649 -0.2102  0.0249  0.0314  0.9905 -0.1229  0.0529]
next_obs_state: [ 0.6649 -0.2102  0.0249  0.0314  0.9905 -0.1229  0.0529]
--------------------------------------------------
Step 308:
obs_state: [ 0.6649 -0.2102  0.0249  0.0314  0.9905 -0.1229  0.0529]
action: [ 0.6631 -0.2104  0.0301  0.0311  0.9905 -0.1231  0.0525]
next_obs_state: [ 0.6631 -0.2104  0.0301  0.0311  0.9905 -0.1231  0.0525]
--------------------------------------------------
Step 309:
obs_state: [ 0.6631 -0.2104  0.0301  0.0311  0.9905 -0.1231  0.0525]
action: [ 0.6666 -0.2106  0.0586  0.0314  0.9905 -0.1229  0.0529]
next_obs_state: [ 0.6666 -0.2106  0.0586  0.0314  0.9905 -0.1229  0.0529]
--------------------------------------------------
Step 310:
obs_state: [ 0.6666 -0.2106  0.0586  0.0314  0.9905 -0.1229  0.0529]
action: [ 0.6643 -0.2104  0.0764  0.0312  0.9905 -0.123   0.0525]
next_obs_state: [ 0.6643 -0.2104  0.0764  0.0312  0.9905 -0.123   0.0525]
--------------------------------------------------
Step 311:
obs_state: [ 0.6643 -0.2104  0.0764  0.0312  0.9905 -0.123   0.0525]
action: [ 0.666  -0.1812  0.0965  0.0316  0.9905 -0.1229  0.0529]
next_obs_state: [ 0.666  -0.1812  0.0965  0.0316  0.9905 -0.1229  0.0529]
--------------------------------------------------
Step 312:
obs_state: [ 0.666  -0.1812  0.0965  0.0316  0.9905 -0.1229  0.0529]
action: [ 0.6657 -0.1623  0.1179  0.0312  0.9905 -0.123   0.0526]
next_obs_state: [ 0.6657 -0.1623  0.1179  0.0312  0.9905 -0.123   0.0526]
--------------------------------------------------
Step 313:
obs_state: [ 0.6657 -0.1623  0.1179  0.0312  0.9905 -0.123   0.0526]
action: [ 0.6659 -0.1436  0.1374  0.0317  0.9905 -0.123   0.0529]
next_obs_state: [ 0.6659 -0.1436  0.1374  0.0317  0.9905 -0.123   0.0529]
--------------------------------------------------
Step 314:
obs_state: [ 0.6659 -0.1436  0.1374  0.0317  0.9905 -0.123   0.0529]
action: [ 0.6663 -0.1214  0.158   0.0314  0.9905 -0.123   0.0527]
next_obs_state: [ 0.6663 -0.1214  0.158   0.0314  0.9905 -0.123   0.0527]
--------------------------------------------------
Step 315:
obs_state: [ 0.6663 -0.1214  0.158   0.0314  0.9905 -0.123   0.0527]
action: [ 0.6664 -0.1025  0.1783  0.0317  0.9905 -0.1229  0.0529]
next_obs_state: [ 0.6664 -0.1025  0.1783  0.0317  0.9905 -0.1229  0.0529]
--------------------------------------------------
Step 316:
obs_state: [ 0.6664 -0.1025  0.1783  0.0317  0.9905 -0.1229  0.0529]
action: [ 0.6658 -0.0811  0.1691  0.0315  0.9905 -0.123   0.0527]
next_obs_state: [ 0.6658 -0.0811  0.1691  0.0315  0.9905 -0.123   0.0527]
--------------------------------------------------
Step 317:
obs_state: [ 0.6658 -0.0811  0.1691  0.0315  0.9905 -0.123   0.0527]
action: [ 0.6667 -0.0615  0.1708  0.0318  0.9905 -0.1229  0.0529]
next_obs_state: [ 0.6667 -0.0615  0.1708  0.0318  0.9905 -0.1229  0.0529]
--------------------------------------------------
Step 318:
obs_state: [ 0.6667 -0.0615  0.1708  0.0318  0.9905 -0.1229  0.0529]
action: [ 0.6659 -0.0406  0.1721  0.0316  0.9905 -0.123   0.0527]
next_obs_state: [ 0.6659 -0.0406  0.1721  0.0316  0.9905 -0.123   0.0527]
--------------------------------------------------
Step 319:
obs_state: [ 0.6659 -0.0406  0.1721  0.0316  0.9905 -0.123   0.0527]
action: [ 0.6663 -0.0204  0.1703  0.0319  0.9905 -0.1229  0.0528]
next_obs_state: [ 0.6663 -0.0204  0.1703  0.0319  0.9905 -0.1229  0.0528]
--------------------------------------------------
Step 320:
obs_state: [ 0.6663 -0.0204  0.1703  0.0319  0.9905 -0.1229  0.0528]
action: [ 6.6621e-01  1.6948e-04  1.7151e-01  3.1750e-02  9.9051e-01 -1.2294e-01
  5.2690e-02]
next_obs_state: [ 6.6621e-01  1.6948e-04  1.7151e-01  3.1750e-02  9.9051e-01 -1.2294e-01
  5.2690e-02]
--------------------------------------------------
Step 321:
obs_state: [ 6.6621e-01  1.6948e-04  1.7151e-01  3.1750e-02  9.9051e-01 -1.2294e-01
  5.2690e-02]
action: [ 0.6661  0.0203  0.171   0.0319  0.9905 -0.1229  0.0528]
next_obs_state: [ 0.6661  0.0203  0.171   0.0319  0.9905 -0.1229  0.0528]
--------------------------------------------------
Step 322:
obs_state: [ 0.6661  0.0203  0.171   0.0319  0.9905 -0.1229  0.0528]
action: [ 0.6662  0.041   0.1711  0.0319  0.9905 -0.1229  0.0526]
next_obs_state: [ 0.6662  0.041   0.1711  0.0319  0.9905 -0.1229  0.0526]
--------------------------------------------------
Step 323:
obs_state: [ 0.6662  0.041   0.1711  0.0319  0.9905 -0.1229  0.0526]
action: [ 0.6806  0.0612  0.1717  0.032   0.9905 -0.1229  0.0526]
next_obs_state: [ 0.6806  0.0612  0.1717  0.032   0.9905 -0.1229  0.0526]
--------------------------------------------------
Step 324:
obs_state: [ 0.6806  0.0612  0.1717  0.032   0.9905 -0.1229  0.0526]
action: [ 0.6901  0.0813  0.1713  0.032   0.9905 -0.1229  0.0526]
next_obs_state: [ 0.6901  0.0813  0.1713  0.032   0.9905 -0.1229  0.0526]
--------------------------------------------------
Step 325:
obs_state: [ 0.6901  0.0813  0.1713  0.032   0.9905 -0.1229  0.0526]
action: [ 0.6858  0.1022  0.2011  0.0321  0.9905 -0.1229  0.0528]
next_obs_state: [ 0.6858  0.1022  0.2011  0.0321  0.9905 -0.1229  0.0528]
--------------------------------------------------
Step 326:
obs_state: [ 0.6858  0.1022  0.2011  0.0321  0.9905 -0.1229  0.0528]
action: [ 0.6998  0.0931  0.1908  0.0318  0.9905 -0.1229  0.0524]
next_obs_state: [ 0.6998  0.0931  0.1908  0.0318  0.9905 -0.1229  0.0524]
--------------------------------------------------
Step 327:
obs_state: [ 0.5885  0.0645  0.1753  0.0307  0.9904 -0.124   0.0522]
action: [ 0.6452  0.0644  0.1859  0.0322  0.9905 -0.123   0.0521]
next_obs_state: [ 0.6452  0.0644  0.1859  0.0322  0.9905 -0.123   0.0521]
--------------------------------------------------
Step 328:
obs_state: [ 0.6452  0.0644  0.1859  0.0322  0.9905 -0.123   0.0521]
action: [ 0.6287  0.0384  0.1797  0.0307  0.9904 -0.1239  0.0527]
next_obs_state: [ 0.6287  0.0384  0.1797  0.0307  0.9904 -0.1239  0.0527]
--------------------------------------------------
Step 329:
obs_state: [ 0.6287  0.0384  0.1797  0.0307  0.9904 -0.1239  0.0527]
action: [ 0.6251  0.0162  0.1826  0.032   0.9905 -0.1232  0.0519]
next_obs_state: [ 0.6251  0.0162  0.1826  0.032   0.9905 -0.1232  0.0519]
--------------------------------------------------
Step 330:
obs_state: [ 0.6251  0.0162  0.1826  0.032   0.9905 -0.1232  0.0519]
action: [ 6.3368e-01 -6.7434e-04  1.8174e-01  3.0790e-02  9.9043e-01 -1.2377e-01
  5.2735e-02]
next_obs_state: [ 6.3368e-01 -6.7434e-04  1.8174e-01  3.0790e-02  9.9043e-01 -1.2377e-01
  5.2735e-02]
--------------------------------------------------
Step 331:
obs_state: [ 6.3368e-01 -6.7434e-04  1.8174e-01  3.0790e-02  9.9043e-01 -1.2377e-01
  5.2735e-02]
action: [ 0.627  -0.024   0.1816  0.0317  0.9905 -0.1232  0.052 ]
next_obs_state: [ 0.627  -0.024   0.1816  0.0317  0.9905 -0.1232  0.052 ]
--------------------------------------------------
Step 332:
obs_state: [ 0.627  -0.024   0.1816  0.0317  0.9905 -0.1232  0.052 ]
action: [ 0.6301 -0.0422  0.1821  0.0309  0.9905 -0.1237  0.0526]
next_obs_state: [ 0.6301 -0.0422  0.1821  0.0309  0.9905 -0.1237  0.0526]
--------------------------------------------------
Step 333:
obs_state: [ 0.6301 -0.0422  0.1821  0.0309  0.9905 -0.1237  0.0526]
action: [ 0.6293 -0.0638  0.1817  0.0315  0.9905 -0.1233  0.0522]
next_obs_state: [ 0.6293 -0.0638  0.1817  0.0315  0.9905 -0.1233  0.0522]
--------------------------------------------------
Step 334:
obs_state: [ 0.6293 -0.0638  0.1817  0.0315  0.9905 -0.1233  0.0522]
action: [ 0.6291 -0.0834  0.1819  0.0309  0.9905 -0.1236  0.0525]
next_obs_state: [ 0.6291 -0.0834  0.1819  0.0309  0.9905 -0.1236  0.0525]
--------------------------------------------------
Step 335:
obs_state: [ 0.6291 -0.0834  0.1819  0.0309  0.9905 -0.1236  0.0525]
action: [ 0.6294 -0.1043  0.182   0.0313  0.9905 -0.1234  0.0523]
next_obs_state: [ 0.6294 -0.1043  0.182   0.0313  0.9905 -0.1234  0.0523]
--------------------------------------------------
Step 336:
obs_state: [ 0.6294 -0.1043  0.182   0.0313  0.9905 -0.1234  0.0523]
action: [ 0.6291 -0.1242  0.1819  0.0309  0.9905 -0.1236  0.0525]
next_obs_state: [ 0.6291 -0.1242  0.1819  0.0309  0.9905 -0.1236  0.0525]
--------------------------------------------------
Step 337:
obs_state: [ 0.6291 -0.1242  0.1819  0.0309  0.9905 -0.1236  0.0525]
action: [ 0.6292 -0.1451  0.1821  0.0312  0.9905 -0.1235  0.0523]
next_obs_state: [ 0.6292 -0.1451  0.1821  0.0312  0.9905 -0.1235  0.0523]
--------------------------------------------------
Step 338:
obs_state: [ 0.6292 -0.1451  0.1821  0.0312  0.9905 -0.1235  0.0523]
action: [ 0.6287 -0.1653  0.1668  0.0308  0.9905 -0.1235  0.0525]
next_obs_state: [ 0.6287 -0.1653  0.1668  0.0308  0.9905 -0.1235  0.0525]
--------------------------------------------------
Step 339:
obs_state: [ 0.6287 -0.1653  0.1668  0.0308  0.9905 -0.1235  0.0525]
action: [ 0.629  -0.1858  0.1581  0.031   0.9905 -0.1235  0.0523]
next_obs_state: [ 0.629  -0.1858  0.1581  0.031   0.9905 -0.1235  0.0523]
--------------------------------------------------
Step 340:
obs_state: [ 0.629  -0.1858  0.1581  0.031   0.9905 -0.1235  0.0523]
action: [ 0.6285 -0.206   0.1482  0.0308  0.9905 -0.1235  0.0524]
next_obs_state: [ 0.6285 -0.206   0.1482  0.0308  0.9905 -0.1235  0.0524]
--------------------------------------------------
Step 341:
obs_state: [ 0.6285 -0.206   0.1482  0.0308  0.9905 -0.1235  0.0524]
action: [ 0.6285 -0.226   0.1376  0.0309  0.9905 -0.1235  0.0523]
next_obs_state: [ 0.6285 -0.226   0.1376  0.0309  0.9905 -0.1235  0.0523]
--------------------------------------------------
Step 342:
obs_state: [ 0.6285 -0.226   0.1376  0.0309  0.9905 -0.1235  0.0523]
action: [ 0.6285 -0.2174  0.1275  0.0309  0.9905 -0.1235  0.0524]
next_obs_state: [ 0.6285 -0.2174  0.1275  0.0309  0.9905 -0.1235  0.0524]
--------------------------------------------------
Step 343:
obs_state: [ 0.6285 -0.2174  0.1275  0.0309  0.9905 -0.1235  0.0524]
action: [ 0.6282 -0.2183  0.1176  0.0308  0.9905 -0.1235  0.0523]
next_obs_state: [ 0.6282 -0.2183  0.1176  0.0308  0.9905 -0.1235  0.0523]
--------------------------------------------------
Step 344:
obs_state: [ 0.6282 -0.2183  0.1176  0.0308  0.9905 -0.1235  0.0523]
action: [ 0.6427 -0.2202  0.1075  0.0309  0.9905 -0.1235  0.0522]
next_obs_state: [ 0.6427 -0.2202  0.1075  0.0309  0.9905 -0.1235  0.0522]
--------------------------------------------------
Step 345:
obs_state: [ 0.6427 -0.2202  0.1075  0.0309  0.9905 -0.1235  0.0522]
action: [ 0.6379 -0.218   0.097   0.0308  0.9905 -0.1234  0.0524]
next_obs_state: [ 0.6379 -0.218   0.097   0.0308  0.9905 -0.1234  0.0524]
--------------------------------------------------
Step 346:
obs_state: [ 0.6379 -0.218   0.097   0.0308  0.9905 -0.1234  0.0524]
action: [ 0.6517 -0.2193  0.0876  0.0309  0.9905 -0.1235  0.0521]
next_obs_state: [ 0.6517 -0.2193  0.0876  0.0309  0.9905 -0.1235  0.0521]
--------------------------------------------------
Step 347:
obs_state: [ 0.6517 -0.2193  0.0876  0.0309  0.9905 -0.1235  0.0521]
action: [ 0.6632 -0.2187  0.077   0.0308  0.9905 -0.1234  0.0523]
next_obs_state: [ 0.6632 -0.2187  0.077   0.0308  0.9905 -0.1234  0.0523]
--------------------------------------------------
Step 348:
obs_state: [ 0.6632 -0.2187  0.077   0.0308  0.9905 -0.1234  0.0523]
action: [ 0.6561 -0.2187  0.0667  0.0308  0.9905 -0.1235  0.0521]
next_obs_state: [ 0.6561 -0.2187  0.0667  0.0308  0.9905 -0.1235  0.0521]
--------------------------------------------------
Step 349:
obs_state: [ 0.6561 -0.2187  0.0667  0.0308  0.9905 -0.1235  0.0521]
action: [ 0.673  -0.2188  0.0573  0.0308  0.9905 -0.1235  0.0521]
next_obs_state: [ 0.673  -0.2188  0.0573  0.0308  0.9905 -0.1235  0.0521]
--------------------------------------------------
Step 350:
obs_state: [ 0.673  -0.2188  0.0573  0.0308  0.9905 -0.1235  0.0521]
action: [ 0.6678 -0.2186  0.046   0.0309  0.9905 -0.1234  0.0523]
next_obs_state: [ 0.6678 -0.2186  0.046   0.0309  0.9905 -0.1234  0.0523]
--------------------------------------------------
Step 351:
obs_state: [ 0.6678 -0.2186  0.046   0.0309  0.9905 -0.1234  0.0523]
action: [ 0.6811 -0.2186  0.0373  0.0308  0.9905 -0.1235  0.0519]
next_obs_state: [ 0.6811 -0.2186  0.0373  0.0308  0.9905 -0.1235  0.0519]
--------------------------------------------------
Step 352:
obs_state: [ 0.6811 -0.2186  0.0373  0.0308  0.9905 -0.1235  0.0519]
action: [ 0.6792 -0.2186  0.0261  0.0309  0.9905 -0.1234  0.0524]
next_obs_state: [ 0.6792 -0.2186  0.0261  0.0309  0.9905 -0.1234  0.0524]
--------------------------------------------------
Step 353:
obs_state: [ 0.6792 -0.2186  0.0261  0.0309  0.9905 -0.1234  0.0524]
action: [ 0.6767 -0.2187  0.0312  0.0308  0.9905 -0.1237  0.052 ]
next_obs_state: [ 0.6767 -0.2187  0.0312  0.0308  0.9905 -0.1237  0.052 ]
--------------------------------------------------
Step 354:
obs_state: [ 0.6767 -0.2187  0.0312  0.0308  0.9905 -0.1237  0.052 ]
action: [ 0.6805 -0.2189  0.0591  0.0309  0.9905 -0.1234  0.0524]
next_obs_state: [ 0.6805 -0.2189  0.0591  0.0309  0.9905 -0.1234  0.0524]
--------------------------------------------------
Step 355:
obs_state: [ 0.6805 -0.2189  0.0591  0.0309  0.9905 -0.1234  0.0524]
action: [ 0.6781 -0.2187  0.0775  0.0308  0.9905 -0.1236  0.052 ]
next_obs_state: [ 0.6781 -0.2187  0.0775  0.0308  0.9905 -0.1236  0.052 ]
--------------------------------------------------
Step 356:
obs_state: [ 0.6781 -0.2187  0.0775  0.0308  0.9905 -0.1236  0.052 ]
action: [ 0.6796 -0.2191  0.0968  0.0309  0.9905 -0.1235  0.0524]
next_obs_state: [ 0.6796 -0.2191  0.0968  0.0309  0.9905 -0.1235  0.0524]
--------------------------------------------------
Step 357:
obs_state: [ 0.6796 -0.2191  0.0968  0.0309  0.9905 -0.1235  0.0524]
action: [ 0.6795 -0.219   0.119   0.0308  0.9905 -0.1235  0.0521]
next_obs_state: [ 0.6795 -0.219   0.119   0.0308  0.9905 -0.1235  0.0521]
--------------------------------------------------
Step 358:
obs_state: [ 0.6795 -0.219   0.119   0.0308  0.9905 -0.1235  0.0521]
action: [ 0.6795 -0.2191  0.1381  0.031   0.9905 -0.1237  0.0524]
next_obs_state: [ 0.6795 -0.2191  0.1381  0.031   0.9905 -0.1237  0.0524]
--------------------------------------------------
Step 359:
obs_state: [ 0.6795 -0.2191  0.1381  0.031   0.9905 -0.1237  0.0524]
action: [ 0.6802 -0.1898  0.159   0.0311  0.9905 -0.1235  0.0522]
next_obs_state: [ 0.6802 -0.1898  0.159   0.0311  0.9905 -0.1235  0.0522]
--------------------------------------------------
Step 360:
obs_state: [ 0.6802 -0.1898  0.159   0.0311  0.9905 -0.1235  0.0522]
action: [ 0.6801 -0.171   0.1793  0.031   0.9905 -0.1236  0.0524]
next_obs_state: [ 0.6801 -0.171   0.1793  0.031   0.9905 -0.1236  0.0524]
--------------------------------------------------
Step 361:
obs_state: [ 0.6801 -0.171   0.1793  0.031   0.9905 -0.1236  0.0524]
action: [ 0.6805 -0.1521  0.1998  0.0312  0.9905 -0.1235  0.0522]
next_obs_state: [ 0.6805 -0.1521  0.1998  0.0312  0.9905 -0.1235  0.0522]
--------------------------------------------------
Step 362:
obs_state: [ 0.6805 -0.1521  0.1998  0.0312  0.9905 -0.1235  0.0522]
action: [ 0.6798 -0.1296  0.1904  0.0311  0.9905 -0.1236  0.0523]
next_obs_state: [ 0.6798 -0.1296  0.1904  0.0311  0.9905 -0.1236  0.0523]
--------------------------------------------------
Step 363:
obs_state: [ 0.6798 -0.1296  0.1904  0.0311  0.9905 -0.1236  0.0523]
action: [ 0.6807 -0.1106  0.1925  0.0313  0.9905 -0.1235  0.0522]
next_obs_state: [ 0.6807 -0.1106  0.1925  0.0313  0.9905 -0.1235  0.0522]
--------------------------------------------------
Step 364:
obs_state: [ 0.6807 -0.1106  0.1925  0.0313  0.9905 -0.1235  0.0522]
action: [ 0.6801 -0.0896  0.1935  0.0312  0.9905 -0.1236  0.0523]
next_obs_state: [ 0.6801 -0.0896  0.1935  0.0312  0.9905 -0.1236  0.0523]
--------------------------------------------------
Step 365:
obs_state: [ 0.6801 -0.0896  0.1935  0.0312  0.9905 -0.1236  0.0523]
action: [ 0.6804 -0.0696  0.1919  0.0313  0.9905 -0.1235  0.0522]
next_obs_state: [ 0.6804 -0.0696  0.1919  0.0313  0.9905 -0.1235  0.0522]
--------------------------------------------------
Step 366:
obs_state: [ 0.6804 -0.0696  0.1919  0.0313  0.9905 -0.1235  0.0522]
action: [ 0.6804 -0.0489  0.193   0.0313  0.9905 -0.1236  0.0523]
next_obs_state: [ 0.6804 -0.0489  0.193   0.0313  0.9905 -0.1236  0.0523]
--------------------------------------------------
Step 367:
obs_state: [ 0.6804 -0.0489  0.193   0.0313  0.9905 -0.1236  0.0523]
action: [ 0.6802 -0.0288  0.1925  0.0314  0.9905 -0.1236  0.0522]
next_obs_state: [ 0.6802 -0.0288  0.1925  0.0314  0.9905 -0.1236  0.0522]
--------------------------------------------------
Step 368:
obs_state: [ 0.6802 -0.0288  0.1925  0.0314  0.9905 -0.1236  0.0522]
action: [ 0.6804 -0.0081  0.1926  0.0314  0.9905 -0.1236  0.0523]
next_obs_state: [ 0.6804 -0.0081  0.1926  0.0314  0.9905 -0.1236  0.0523]
--------------------------------------------------
Step 369:
obs_state: [ 0.6804 -0.0081  0.1926  0.0314  0.9905 -0.1236  0.0523]
action: [ 0.6803  0.012   0.1926  0.0315  0.9905 -0.1236  0.0522]
next_obs_state: [ 0.6803  0.012   0.1926  0.0315  0.9905 -0.1236  0.0522]
--------------------------------------------------
Step 370:
obs_state: [ 0.6803  0.012   0.1926  0.0315  0.9905 -0.1236  0.0522]
action: [ 0.6803  0.0327  0.1925  0.0315  0.9905 -0.1236  0.0523]
next_obs_state: [ 0.6803  0.0327  0.1925  0.0315  0.9905 -0.1236  0.0523]
--------------------------------------------------
Step 371:
obs_state: [ 0.6803  0.0327  0.1925  0.0315  0.9905 -0.1236  0.0523]
action: [ 0.6803  0.0529  0.1926  0.0316  0.9905 -0.1236  0.0522]
next_obs_state: [ 0.6803  0.0529  0.1926  0.0316  0.9905 -0.1236  0.0522]
--------------------------------------------------
Step 372:
obs_state: [ 0.6803  0.0529  0.1926  0.0316  0.9905 -0.1236  0.0522]
action: [ 0.6803  0.0731  0.1926  0.0316  0.9905 -0.1236  0.0522]
next_obs_state: [ 0.6803  0.0731  0.1926  0.0316  0.9905 -0.1236  0.0522]
--------------------------------------------------
Step 373:
obs_state: [ 0.6803  0.0731  0.1926  0.0316  0.9905 -0.1236  0.0522]
action: [ 0.6949  0.0941  0.1931  0.0317  0.9905 -0.1236  0.0521]
next_obs_state: [ 0.6949  0.0941  0.1931  0.0317  0.9905 -0.1236  0.0521]
--------------------------------------------------
Step 374:
obs_state: [ 0.591   0.0605  0.1739  0.0308  0.9904 -0.124   0.0522]
action: [ 0.6492  0.0583  0.1874  0.0316  0.9905 -0.1236  0.0515]
next_obs_state: [ 0.6492  0.0583  0.1874  0.0316  0.9905 -0.1236  0.0515]
--------------------------------------------------
Step 375:
obs_state: [ 0.6492  0.0583  0.1874  0.0316  0.9905 -0.1236  0.0515]
action: [ 0.6337  0.0323  0.1797  0.0307  0.9904 -0.1239  0.0527]
next_obs_state: [ 0.6337  0.0323  0.1797  0.0307  0.9904 -0.1239  0.0527]
--------------------------------------------------
Step 376:
obs_state: [ 0.6337  0.0323  0.1797  0.0307  0.9904 -0.1239  0.0527]
action: [ 0.6284  0.0109  0.183   0.0314  0.9905 -0.1237  0.0514]
next_obs_state: [ 0.6284  0.0109  0.183   0.0314  0.9905 -0.1237  0.0514]
--------------------------------------------------
Step 377:
obs_state: [ 0.6284  0.0109  0.183   0.0314  0.9905 -0.1237  0.0514]
action: [ 0.6385 -0.0066  0.1823  0.0307  0.9904 -0.1239  0.0527]
next_obs_state: [ 0.6385 -0.0066  0.1823  0.0307  0.9904 -0.1239  0.0527]
--------------------------------------------------
Step 378:
obs_state: [ 0.6385 -0.0066  0.1823  0.0307  0.9904 -0.1239  0.0527]
action: [ 0.6311 -0.029   0.1818  0.0312  0.9905 -0.1237  0.0516]
next_obs_state: [ 0.6311 -0.029   0.1818  0.0312  0.9905 -0.1237  0.0516]
--------------------------------------------------
Step 379:
obs_state: [ 0.6311 -0.029   0.1818  0.0312  0.9905 -0.1237  0.0516]
action: [ 0.6346 -0.0485  0.1826  0.0307  0.9904 -0.1239  0.0525]
next_obs_state: [ 0.6346 -0.0485  0.1826  0.0307  0.9904 -0.1239  0.0525]
--------------------------------------------------
Step 380:
obs_state: [ 0.6346 -0.0485  0.1826  0.0307  0.9904 -0.1239  0.0525]
action: [ 0.6337 -0.0689  0.1821  0.031   0.9905 -0.1237  0.0518]
next_obs_state: [ 0.6337 -0.0689  0.1821  0.031   0.9905 -0.1237  0.0518]
--------------------------------------------------
Step 381:
obs_state: [ 0.6337 -0.0689  0.1821  0.031   0.9905 -0.1237  0.0518]
action: [ 0.6335 -0.0896  0.1823  0.0307  0.9904 -0.1239  0.0524]
next_obs_state: [ 0.6335 -0.0896  0.1823  0.0307  0.9904 -0.1239  0.0524]
--------------------------------------------------
Step 382:
obs_state: [ 0.6335 -0.0896  0.1823  0.0307  0.9904 -0.1239  0.0524]
action: [ 0.6338 -0.1094  0.1824  0.0309  0.9905 -0.1238  0.0519]
next_obs_state: [ 0.6338 -0.1094  0.1824  0.0309  0.9905 -0.1238  0.0519]
--------------------------------------------------
Step 383:
obs_state: [ 0.6338 -0.1094  0.1824  0.0309  0.9905 -0.1238  0.0519]
action: [ 0.6336 -0.1303  0.1823  0.0306  0.9904 -0.1239  0.0523]
next_obs_state: [ 0.6336 -0.1303  0.1823  0.0306  0.9904 -0.1239  0.0523]
--------------------------------------------------
Step 384:
obs_state: [ 0.6336 -0.1303  0.1823  0.0306  0.9904 -0.1239  0.0523]
action: [ 0.6335 -0.1504  0.1825  0.0308  0.9905 -0.1238  0.052 ]
next_obs_state: [ 0.6335 -0.1504  0.1825  0.0308  0.9905 -0.1238  0.052 ]
--------------------------------------------------
Step 385:
obs_state: [ 0.6335 -0.1504  0.1825  0.0308  0.9905 -0.1238  0.052 ]
action: [ 0.6333 -0.1414  0.1673  0.0307  0.9904 -0.1238  0.0523]
next_obs_state: [ 0.6333 -0.1414  0.1673  0.0307  0.9904 -0.1238  0.0523]
--------------------------------------------------
Step 386:
obs_state: [ 0.6333 -0.1414  0.1673  0.0307  0.9904 -0.1238  0.0523]
action: [ 0.6333 -0.1432  0.1584  0.0306  0.9905 -0.1238  0.0518]
next_obs_state: [ 0.6333 -0.1432  0.1584  0.0306  0.9905 -0.1238  0.0518]
--------------------------------------------------
Step 387:
obs_state: [ 0.6333 -0.1432  0.1584  0.0306  0.9905 -0.1238  0.0518]
action: [ 0.6329 -0.1738  0.1488  0.0305  0.9905 -0.1239  0.0522]
next_obs_state: [ 0.6329 -0.1738  0.1488  0.0305  0.9905 -0.1239  0.0522]
--------------------------------------------------
Step 388:
obs_state: [ 0.6329 -0.1738  0.1488  0.0305  0.9905 -0.1239  0.0522]
action: [ 0.6329 -0.1909  0.1378  0.0306  0.9905 -0.1238  0.0519]
next_obs_state: [ 0.6329 -0.1909  0.1378  0.0306  0.9905 -0.1238  0.0519]
--------------------------------------------------
Step 389:
obs_state: [ 0.6329 -0.1909  0.1378  0.0306  0.9905 -0.1238  0.0519]
action: [ 0.6328 -0.2104  0.1284  0.0304  0.9905 -0.1239  0.0521]
next_obs_state: [ 0.6328 -0.2104  0.1284  0.0304  0.9905 -0.1239  0.0521]
--------------------------------------------------
Step 390:
obs_state: [ 0.6328 -0.2104  0.1284  0.0304  0.9905 -0.1239  0.0521]
action: [ 0.6326 -0.2033  0.1176  0.0307  0.9905 -0.1238  0.0519]
next_obs_state: [ 0.6326 -0.2033  0.1176  0.0307  0.9905 -0.1238  0.0519]
--------------------------------------------------
Step 391:
obs_state: [ 0.6326 -0.2033  0.1176  0.0307  0.9905 -0.1238  0.0519]
action: [ 0.6471 -0.2031  0.1082  0.0303  0.9905 -0.1237  0.0519]
next_obs_state: [ 0.6471 -0.2031  0.1082  0.0303  0.9905 -0.1237  0.0519]
--------------------------------------------------
Step 392:
obs_state: [ 0.6471 -0.2031  0.1082  0.0303  0.9905 -0.1237  0.0519]
action: [ 0.6563 -0.2056  0.0977  0.0307  0.9905 -0.1239  0.0519]
next_obs_state: [ 0.6563 -0.2056  0.0977  0.0307  0.9905 -0.1239  0.0519]
--------------------------------------------------
Step 393:
obs_state: [ 0.6563 -0.2056  0.0977  0.0307  0.9905 -0.1239  0.0519]
action: [ 0.6513 -0.2033  0.0874  0.0303  0.9905 -0.1234  0.052 ]
next_obs_state: [ 0.6513 -0.2033  0.0874  0.0303  0.9905 -0.1234  0.052 ]
--------------------------------------------------
Step 394:
obs_state: [ 0.6513 -0.2033  0.0874  0.0303  0.9905 -0.1234  0.052 ]
action: [ 0.6525 -0.2046  0.0775  0.0306  0.9905 -0.1238  0.0519]
next_obs_state: [ 0.6525 -0.2046  0.0775  0.0306  0.9905 -0.1238  0.0519]
--------------------------------------------------
Step 395:
obs_state: [ 0.6525 -0.2046  0.0775  0.0306  0.9905 -0.1238  0.0519]
action: [ 0.6528 -0.2041  0.067   0.0304  0.9905 -0.1235  0.052 ]
next_obs_state: [ 0.6528 -0.2041  0.067   0.0304  0.9905 -0.1235  0.052 ]
--------------------------------------------------
Step 396:
obs_state: [ 0.6528 -0.2041  0.067   0.0304  0.9905 -0.1235  0.052 ]
action: [ 0.6518 -0.204   0.0573  0.0305  0.9905 -0.1238  0.0518]
next_obs_state: [ 0.6518 -0.204   0.0573  0.0305  0.9905 -0.1238  0.0518]
--------------------------------------------------
Step 397:
obs_state: [ 0.6518 -0.204   0.0573  0.0305  0.9905 -0.1238  0.0518]
action: [ 0.6668 -0.2041  0.0473  0.0304  0.9905 -0.1235  0.0518]
next_obs_state: [ 0.6668 -0.2041  0.0473  0.0304  0.9905 -0.1235  0.0518]
--------------------------------------------------
Step 398:
obs_state: [ 0.6668 -0.2041  0.0473  0.0304  0.9905 -0.1235  0.0518]
action: [ 0.661  -0.2039  0.0363  0.0306  0.9905 -0.1237  0.052 ]
next_obs_state: [ 0.661  -0.2039  0.0363  0.0306  0.9905 -0.1237  0.052 ]
--------------------------------------------------
Step 399:
obs_state: [ 0.661  -0.2039  0.0363  0.0306  0.9905 -0.1237  0.052 ]
action: [ 0.6612 -0.204   0.0269  0.0303  0.9905 -0.1236  0.0516]
next_obs_state: [ 0.6612 -0.204   0.0269  0.0303  0.9905 -0.1236  0.0516]
--------------------------------------------------
Step 400:
obs_state: [ 0.6612 -0.204   0.0269  0.0303  0.9905 -0.1236  0.0516]
action: [ 0.6627 -0.2039  0.0161  0.0305  0.9905 -0.1235  0.052 ]
next_obs_state: [ 0.6627 -0.2039  0.0161  0.0305  0.9905 -0.1235  0.052 ]
--------------------------------------------------
Step 401:
obs_state: [ 0.6627 -0.2039  0.0161  0.0305  0.9905 -0.1235  0.052 ]
action: [ 0.6624 -0.2043  0.0504  0.0304  0.9905 -0.1237  0.0518]
next_obs_state: [ 0.6624 -0.2043  0.0504  0.0304  0.9905 -0.1237  0.0518]
--------------------------------------------------
Step 402:
obs_state: [ 0.6624 -0.2043  0.0504  0.0304  0.9905 -0.1237  0.0518]
action: [ 0.6623 -0.2041  0.068   0.0306  0.9905 -0.1236  0.0521]
next_obs_state: [ 0.6623 -0.2041  0.068   0.0306  0.9905 -0.1236  0.0521]
--------------------------------------------------
Step 403:
obs_state: [ 0.6623 -0.2041  0.068   0.0306  0.9905 -0.1236  0.0521]
action: [ 0.663  -0.2043  0.0864  0.0304  0.9905 -0.1237  0.0518]
next_obs_state: [ 0.663  -0.2043  0.0864  0.0304  0.9905 -0.1237  0.0518]
--------------------------------------------------
Step 404:
obs_state: [ 0.663  -0.2043  0.0864  0.0304  0.9905 -0.1237  0.0518]
action: [ 0.663  -0.1752  0.1091  0.0308  0.9905 -0.1236  0.0521]
next_obs_state: [ 0.663  -0.1752  0.1091  0.0308  0.9905 -0.1236  0.0521]
--------------------------------------------------
Step 405:
obs_state: [ 0.663  -0.1752  0.1091  0.0308  0.9905 -0.1236  0.0521]
action: [ 0.6632 -0.156   0.1284  0.0305  0.9905 -0.1237  0.0519]
next_obs_state: [ 0.6632 -0.156   0.1284  0.0305  0.9905 -0.1237  0.0519]
--------------------------------------------------
Step 406:
obs_state: [ 0.6632 -0.156   0.1284  0.0305  0.9905 -0.1237  0.0519]
action: [ 0.6637 -0.1376  0.149   0.0309  0.9905 -0.1236  0.0521]
next_obs_state: [ 0.6637 -0.1376  0.149   0.0309  0.9905 -0.1236  0.0521]
--------------------------------------------------
Step 407:
obs_state: [ 0.6637 -0.1376  0.149   0.0309  0.9905 -0.1236  0.0521]
action: [ 0.6637 -0.115   0.1696  0.0307  0.9905 -0.1237  0.052 ]
next_obs_state: [ 0.6637 -0.115   0.1696  0.0307  0.9905 -0.1237  0.052 ]
--------------------------------------------------
Step 408:
obs_state: [ 0.6637 -0.115   0.1696  0.0307  0.9905 -0.1237  0.052 ]
action: [ 0.6631 -0.0959  0.1601  0.0309  0.9905 -0.1236  0.052 ]
next_obs_state: [ 0.6631 -0.0959  0.1601  0.0309  0.9905 -0.1236  0.052 ]
--------------------------------------------------
Step 409:
obs_state: [ 0.6631 -0.0959  0.1601  0.0309  0.9905 -0.1236  0.052 ]
action: [ 0.664  -0.0751  0.1621  0.0308  0.9905 -0.1237  0.052 ]
next_obs_state: [ 0.664  -0.0751  0.1621  0.0308  0.9905 -0.1237  0.052 ]
--------------------------------------------------
Step 410:
obs_state: [ 0.664  -0.0751  0.1621  0.0308  0.9905 -0.1237  0.052 ]
action: [ 0.6633 -0.0546  0.1632  0.031   0.9905 -0.1236  0.052 ]
next_obs_state: [ 0.6633 -0.0546  0.1632  0.031   0.9905 -0.1236  0.052 ]
--------------------------------------------------
Step 411:
obs_state: [ 0.6633 -0.0546  0.1632  0.031   0.9905 -0.1236  0.052 ]
action: [ 0.6636 -0.0349  0.1615  0.0309  0.9905 -0.1237  0.052 ]
next_obs_state: [ 0.6636 -0.0349  0.1615  0.0309  0.9905 -0.1237  0.052 ]
--------------------------------------------------
Step 412:
obs_state: [ 0.6636 -0.0349  0.1615  0.0309  0.9905 -0.1237  0.052 ]
action: [ 0.6636 -0.0139  0.1627  0.031   0.9905 -0.1236  0.052 ]
next_obs_state: [ 0.6636 -0.0139  0.1627  0.031   0.9905 -0.1236  0.052 ]
--------------------------------------------------
Step 413:
obs_state: [ 0.6636 -0.0139  0.1627  0.031   0.9905 -0.1236  0.052 ]
action: [ 0.6635  0.0059  0.1622  0.031   0.9905 -0.1236  0.052 ]
next_obs_state: [ 0.6635  0.0059  0.1622  0.031   0.9905 -0.1236  0.052 ]
--------------------------------------------------
Step 414:
obs_state: [ 0.6635  0.0059  0.1622  0.031   0.9905 -0.1236  0.052 ]
action: [ 0.6635  0.0267  0.1622  0.0311  0.9905 -0.1236  0.052 ]
next_obs_state: [ 0.6635  0.0267  0.1622  0.0311  0.9905 -0.1236  0.052 ]
--------------------------------------------------
Step 415:
obs_state: [ 0.6635  0.0267  0.1622  0.0311  0.9905 -0.1236  0.052 ]
action: [ 0.6635  0.0468  0.1624  0.0311  0.9905 -0.1236  0.0519]
next_obs_state: [ 0.6635  0.0468  0.1624  0.0311  0.9905 -0.1236  0.0519]
--------------------------------------------------
Step 416:
obs_state: [ 0.6635  0.0468  0.1624  0.0311  0.9905 -0.1236  0.0519]
action: [ 0.678   0.0674  0.1627  0.0312  0.9905 -0.1236  0.0518]
next_obs_state: [ 0.678   0.0674  0.1627  0.0312  0.9905 -0.1236  0.0518]
--------------------------------------------------
Step 417:
obs_state: [ 0.678   0.0674  0.1627  0.0312  0.9905 -0.1236  0.0518]
action: [ 0.6883  0.0876  0.1918  0.0312  0.9905 -0.1236  0.052 ]
next_obs_state: [ 0.6883  0.0876  0.1918  0.0312  0.9905 -0.1236  0.052 ]
--------------------------------------------------
Step 418:
obs_state: [ 0.6883  0.0876  0.1918  0.0312  0.9905 -0.1236  0.052 ]
action: [ 0.6957  0.1076  0.1823  0.0313  0.9905 -0.1236  0.0517]
next_obs_state: [ 0.6957  0.1076  0.1823  0.0313  0.9905 -0.1236  0.0517]
--------------------------------------------------
Step 419:
obs_state: [ 0.5922  0.0624  0.1736  0.0307  0.9904 -0.124   0.0522]
action: [ 0.651   0.0671  0.181   0.0313  0.9905 -0.1237  0.0512]
next_obs_state: [ 0.651   0.0671  0.181   0.0313  0.9905 -0.1237  0.0512]
--------------------------------------------------
Step 420:
obs_state: [ 0.651   0.0671  0.181   0.0313  0.9905 -0.1237  0.0512]
action: [ 0.6359  0.0389  0.1754  0.0306  0.9904 -0.1239  0.0527]
next_obs_state: [ 0.6359  0.0389  0.1754  0.0306  0.9904 -0.1239  0.0527]
--------------------------------------------------
Step 421:
obs_state: [ 0.6359  0.0389  0.1754  0.0306  0.9904 -0.1239  0.0527]
action: [ 0.6298  0.0173  0.1787  0.0312  0.9905 -0.1239  0.0512]
next_obs_state: [ 0.6298  0.0173  0.1787  0.0312  0.9905 -0.1239  0.0512]
--------------------------------------------------
Step 422:
obs_state: [ 0.6298  0.0173  0.1787  0.0312  0.9905 -0.1239  0.0512]
action: [ 6.4023e-01  5.6345e-04  1.7732e-01  3.0576e-02  9.9042e-01 -1.2390e-01
  5.2656e-02]
next_obs_state: [ 6.4023e-01  5.6345e-04  1.7732e-01  3.0576e-02  9.9042e-01 -1.2390e-01
  5.2656e-02]
--------------------------------------------------
Step 423:
obs_state: [ 6.4023e-01  5.6345e-04  1.7732e-01  3.0576e-02  9.9042e-01 -1.2390e-01
  5.2656e-02]
action: [ 0.6324 -0.0232  0.1776  0.031   0.9905 -0.1239  0.0514]
next_obs_state: [ 0.6324 -0.0232  0.1776  0.031   0.9905 -0.1239  0.0514]
--------------------------------------------------
Step 424:
obs_state: [ 0.6324 -0.0232  0.1776  0.031   0.9905 -0.1239  0.0514]
action: [ 0.6363 -0.0417  0.1778  0.0306  0.9904 -0.1239  0.0524]
next_obs_state: [ 0.6363 -0.0417  0.1778  0.0306  0.9904 -0.1239  0.0524]
--------------------------------------------------
Step 425:
obs_state: [ 0.6363 -0.0417  0.1778  0.0306  0.9904 -0.1239  0.0524]
action: [ 0.6351 -0.0628  0.1776  0.0309  0.9905 -0.1239  0.0516]
next_obs_state: [ 0.6351 -0.0628  0.1776  0.0309  0.9905 -0.1239  0.0516]
--------------------------------------------------
Step 426:
obs_state: [ 0.6351 -0.0628  0.1776  0.0309  0.9905 -0.1239  0.0516]
action: [ 0.635  -0.0833  0.1777  0.0305  0.9904 -0.1239  0.0523]
next_obs_state: [ 0.635  -0.0833  0.1777  0.0305  0.9904 -0.1239  0.0523]
--------------------------------------------------
Step 427:
obs_state: [ 0.635  -0.0833  0.1777  0.0305  0.9904 -0.1239  0.0523]
action: [ 0.6353 -0.1035  0.1778  0.0307  0.9905 -0.1239  0.0517]
next_obs_state: [ 0.6353 -0.1035  0.1778  0.0307  0.9905 -0.1239  0.0517]
--------------------------------------------------
Step 428:
obs_state: [ 0.6353 -0.1035  0.1778  0.0307  0.9905 -0.1239  0.0517]
action: [ 0.6351 -0.1244  0.1777  0.0305  0.9904 -0.1239  0.0523]
next_obs_state: [ 0.6351 -0.1244  0.1777  0.0305  0.9904 -0.1239  0.0523]
--------------------------------------------------
Step 429:
obs_state: [ 0.6351 -0.1244  0.1777  0.0305  0.9904 -0.1239  0.0523]
action: [ 0.635  -0.1444  0.1779  0.0306  0.9905 -0.1239  0.0518]
next_obs_state: [ 0.635  -0.1444  0.1779  0.0306  0.9905 -0.1239  0.0518]
--------------------------------------------------
Step 430:
obs_state: [ 0.635  -0.1444  0.1779  0.0306  0.9905 -0.1239  0.0518]
action: [ 0.6346 -0.165   0.1628  0.0304  0.9904 -0.124   0.0522]
next_obs_state: [ 0.6346 -0.165   0.1628  0.0304  0.9904 -0.124   0.0522]
--------------------------------------------------
Step 431:
obs_state: [ 0.6346 -0.165   0.1628  0.0304  0.9904 -0.124   0.0522]
action: [ 0.6348 -0.1854  0.1539  0.0305  0.9905 -0.1239  0.0518]
next_obs_state: [ 0.6348 -0.1854  0.1539  0.0305  0.9905 -0.1239  0.0518]
--------------------------------------------------
Step 432:
obs_state: [ 0.6348 -0.1854  0.1539  0.0305  0.9905 -0.1239  0.0518]
action: [ 0.6344 -0.2058  0.1441  0.0303  0.9905 -0.124   0.0521]
next_obs_state: [ 0.6344 -0.2058  0.1441  0.0303  0.9905 -0.124   0.0521]
--------------------------------------------------
Step 433:
obs_state: [ 0.6344 -0.2058  0.1441  0.0303  0.9905 -0.124   0.0521]
action: [ 0.6344 -0.2269  0.1329  0.0304  0.9905 -0.1239  0.0518]
next_obs_state: [ 0.6344 -0.2269  0.1329  0.0304  0.9905 -0.1239  0.0518]
--------------------------------------------------
Step 434:
obs_state: [ 0.6344 -0.2269  0.1329  0.0304  0.9905 -0.1239  0.0518]
action: [ 0.6489 -0.2172  0.1238  0.0304  0.9905 -0.124   0.0519]
next_obs_state: [ 0.6489 -0.2172  0.1238  0.0304  0.9905 -0.124   0.0519]
--------------------------------------------------
Step 435:
obs_state: [ 0.6489 -0.2172  0.1238  0.0304  0.9905 -0.124   0.0519]
action: [ 0.658  -0.219   0.1131  0.0303  0.9905 -0.1239  0.0518]
next_obs_state: [ 0.658  -0.219   0.1131  0.0303  0.9905 -0.1239  0.0518]
--------------------------------------------------
Step 436:
obs_state: [ 0.658  -0.219   0.1131  0.0303  0.9905 -0.1239  0.0518]
action: [ 0.6674 -0.2205  0.1033  0.0304  0.9905 -0.124   0.0518]
next_obs_state: [ 0.6674 -0.2205  0.1033  0.0304  0.9905 -0.124   0.0518]
--------------------------------------------------
Step 437:
obs_state: [ 0.6674 -0.2205  0.1033  0.0304  0.9905 -0.124   0.0518]
action: [ 0.6638 -0.2184  0.0926  0.0303  0.9905 -0.1238  0.0519]
next_obs_state: [ 0.6638 -0.2184  0.0926  0.0303  0.9905 -0.1238  0.0519]
--------------------------------------------------
Step 438:
obs_state: [ 0.6638 -0.2184  0.0926  0.0303  0.9905 -0.1238  0.0519]
action: [ 0.6637 -0.2198  0.0828  0.0303  0.9905 -0.124   0.0517]
next_obs_state: [ 0.6637 -0.2198  0.0828  0.0303  0.9905 -0.124   0.0517]
--------------------------------------------------
Step 439:
obs_state: [ 0.6637 -0.2198  0.0828  0.0303  0.9905 -0.124   0.0517]
action: [ 0.6649 -0.191   0.0724  0.0306  0.9905 -0.1238  0.0519]
next_obs_state: [ 0.6649 -0.191   0.0724  0.0306  0.9905 -0.1238  0.0519]
--------------------------------------------------
Step 440:
obs_state: [ 0.6649 -0.191   0.0724  0.0306  0.9905 -0.1238  0.0519]
action: [ 0.6636 -0.2003  0.0624  0.0301  0.9905 -0.124   0.0517]
next_obs_state: [ 0.6636 -0.2003  0.0624  0.0301  0.9905 -0.124   0.0517]
--------------------------------------------------
Step 441:
obs_state: [ 0.6636 -0.2003  0.0624  0.0301  0.9905 -0.124   0.0517]
action: [ 0.6641 -0.2014  0.0522  0.0306  0.9905 -0.1239  0.0518]
next_obs_state: [ 0.6641 -0.2014  0.0522  0.0306  0.9905 -0.1239  0.0518]
--------------------------------------------------
Step 442:
obs_state: [ 0.6641 -0.2014  0.0522  0.0306  0.9905 -0.1239  0.0518]
action: [ 0.6638 -0.1971  0.042   0.0301  0.9905 -0.1238  0.0517]
next_obs_state: [ 0.6638 -0.1971  0.042   0.0301  0.9905 -0.1238  0.0517]
--------------------------------------------------
Step 443:
obs_state: [ 0.6638 -0.1971  0.042   0.0301  0.9905 -0.1238  0.0517]
action: [ 0.6636 -0.2006  0.032   0.0305  0.9905 -0.1239  0.0518]
next_obs_state: [ 0.6636 -0.2006  0.032   0.0305  0.9905 -0.1239  0.0518]
--------------------------------------------------
Step 444:
obs_state: [ 0.6636 -0.2006  0.032   0.0305  0.9905 -0.1239  0.0518]
action: [ 0.6636 -0.1987  0.0216  0.0302  0.9905 -0.1238  0.0517]
next_obs_state: [ 0.6636 -0.1987  0.0216  0.0302  0.9905 -0.1238  0.0517]
--------------------------------------------------
Step 445:
obs_state: [ 0.6636 -0.1987  0.0216  0.0302  0.9905 -0.1238  0.0517]
action: [ 0.6639 -0.1995  0.0263  0.0305  0.9905 -0.1238  0.0518]
next_obs_state: [ 0.6639 -0.1995  0.0263  0.0305  0.9905 -0.1238  0.0518]
--------------------------------------------------
Step 446:
obs_state: [ 0.6639 -0.1995  0.0263  0.0305  0.9905 -0.1238  0.0518]
action: [ 0.6645 -0.1996  0.0549  0.0303  0.9905 -0.1238  0.0518]
next_obs_state: [ 0.6645 -0.1996  0.0549  0.0303  0.9905 -0.1238  0.0518]
--------------------------------------------------
Step 447:
obs_state: [ 0.6645 -0.1996  0.0549  0.0303  0.9905 -0.1238  0.0518]
action: [ 0.6642 -0.1994  0.0727  0.0304  0.9905 -0.1238  0.0518]
next_obs_state: [ 0.6642 -0.1994  0.0727  0.0304  0.9905 -0.1238  0.0518]
--------------------------------------------------
Step 448:
obs_state: [ 0.6642 -0.1994  0.0727  0.0304  0.9905 -0.1238  0.0518]
action: [ 0.6648 -0.1997  0.0929  0.0303  0.9905 -0.124   0.0518]
next_obs_state: [ 0.6648 -0.1997  0.0929  0.0303  0.9905 -0.124   0.0518]
--------------------------------------------------
Step 449:
obs_state: [ 0.6648 -0.1997  0.0929  0.0303  0.9905 -0.124   0.0518]
action: [ 0.6648 -0.1997  0.1143  0.0304  0.9905 -0.1238  0.0518]
next_obs_state: [ 0.6648 -0.1997  0.1143  0.0304  0.9905 -0.1238  0.0518]
--------------------------------------------------
Step 450:
obs_state: [ 0.6648 -0.1997  0.1143  0.0304  0.9905 -0.1238  0.0518]
action: [ 0.6652 -0.1703  0.1337  0.0306  0.9905 -0.1239  0.0518]
next_obs_state: [ 0.6652 -0.1703  0.1337  0.0306  0.9905 -0.1239  0.0518]
--------------------------------------------------
Step 451:
obs_state: [ 0.6652 -0.1703  0.1337  0.0306  0.9905 -0.1239  0.0518]
action: [ 0.6654 -0.1516  0.1546  0.0305  0.9905 -0.1238  0.0519]
next_obs_state: [ 0.6654 -0.1516  0.1546  0.0305  0.9905 -0.1238  0.0519]
--------------------------------------------------
Step 452:
obs_state: [ 0.6654 -0.1516  0.1546  0.0305  0.9905 -0.1238  0.0519]
action: [ 0.6656 -0.1334  0.1744  0.0307  0.9905 -0.1239  0.0518]
next_obs_state: [ 0.6656 -0.1334  0.1744  0.0307  0.9905 -0.1239  0.0518]
--------------------------------------------------
Step 453:
obs_state: [ 0.6656 -0.1334  0.1744  0.0307  0.9905 -0.1239  0.0518]
action: [ 0.6649 -0.11    0.1651  0.0305  0.9905 -0.1238  0.0518]
next_obs_state: [ 0.6649 -0.11    0.1651  0.0305  0.9905 -0.1238  0.0518]
--------------------------------------------------
Step 454:
obs_state: [ 0.6649 -0.11    0.1651  0.0305  0.9905 -0.1238  0.0518]
action: [ 0.6658 -0.0921  0.167   0.0308  0.9905 -0.1239  0.0518]
next_obs_state: [ 0.6658 -0.0921  0.167   0.0308  0.9905 -0.1239  0.0518]
--------------------------------------------------
Step 455:
obs_state: [ 0.6658 -0.0921  0.167   0.0308  0.9905 -0.1239  0.0518]
action: [ 0.6651 -0.0703  0.1682  0.0307  0.9905 -0.1238  0.0518]
next_obs_state: [ 0.6651 -0.0703  0.1682  0.0307  0.9905 -0.1238  0.0518]
--------------------------------------------------
Step 456:
obs_state: [ 0.6651 -0.0703  0.1682  0.0307  0.9905 -0.1238  0.0518]
action: [ 0.6654 -0.0506  0.1665  0.0308  0.9905 -0.1239  0.0518]
next_obs_state: [ 0.6654 -0.0506  0.1665  0.0308  0.9905 -0.1239  0.0518]
--------------------------------------------------
Step 457:
obs_state: [ 0.6654 -0.0506  0.1665  0.0308  0.9905 -0.1239  0.0518]
action: [ 0.6654 -0.0299  0.1676  0.0308  0.9905 -0.1238  0.0518]
next_obs_state: [ 0.6654 -0.0299  0.1676  0.0308  0.9905 -0.1238  0.0518]
--------------------------------------------------
Step 458:
obs_state: [ 0.6654 -0.0299  0.1676  0.0308  0.9905 -0.1238  0.0518]
action: [ 0.6653 -0.0097  0.1671  0.0309  0.9905 -0.1239  0.0518]
next_obs_state: [ 0.6653 -0.0097  0.1671  0.0309  0.9905 -0.1239  0.0518]
--------------------------------------------------
Step 459:
obs_state: [ 0.6653 -0.0097  0.1671  0.0309  0.9905 -0.1239  0.0518]
action: [ 0.6654  0.0104  0.1672  0.0309  0.9905 -0.1238  0.0518]
next_obs_state: [ 0.6654  0.0104  0.1672  0.0309  0.9905 -0.1238  0.0518]
--------------------------------------------------
Step 460:
obs_state: [ 0.6654  0.0104  0.1672  0.0309  0.9905 -0.1238  0.0518]
action: [ 0.6653  0.0312  0.1673  0.031   0.9905 -0.1238  0.0518]
next_obs_state: [ 0.6653  0.0312  0.1673  0.031   0.9905 -0.1238  0.0518]
--------------------------------------------------
Step 461:
obs_state: [ 0.6653  0.0312  0.1673  0.031   0.9905 -0.1238  0.0518]
action: [ 0.6653  0.051   0.1672  0.031   0.9905 -0.1238  0.0518]
next_obs_state: [ 0.6653  0.051   0.1672  0.031   0.9905 -0.1238  0.0518]
--------------------------------------------------
Step 462:
obs_state: [ 0.6653  0.051   0.1672  0.031   0.9905 -0.1238  0.0518]
action: [ 0.6654  0.0719  0.1673  0.0311  0.9905 -0.1238  0.0518]
next_obs_state: [ 0.6654  0.0719  0.1673  0.0311  0.9905 -0.1238  0.0518]
--------------------------------------------------
Step 463:
obs_state: [ 0.6654  0.0719  0.1673  0.0311  0.9905 -0.1238  0.0518]
action: [ 0.6793  0.0916  0.1677  0.0311  0.9905 -0.1238  0.0517]
next_obs_state: [ 0.6793  0.0916  0.1677  0.0311  0.9905 -0.1238  0.0517]
--------------------------------------------------
Step 464:
obs_state: [ 0.6793  0.0916  0.1677  0.0311  0.9905 -0.1238  0.0517]
action: [ 0.6893  0.1125  0.1675  0.0312  0.9905 -0.1239  0.0517]
next_obs_state: [ 0.6893  0.1125  0.1675  0.0312  0.9905 -0.1239  0.0517]
--------------------------------------------------
Step 465:
obs_state: [ 0.5908  0.0629  0.1773  0.0307  0.9904 -0.124   0.0522]
action: [ 0.6464  0.0698  0.1902  0.0312  0.9905 -0.1238  0.051 ]
next_obs_state: [ 0.6464  0.0698  0.1902  0.0312  0.9905 -0.1238  0.051 ]
--------------------------------------------------
Step 466:
obs_state: [ 0.6464  0.0698  0.1902  0.0312  0.9905 -0.1238  0.051 ]
action: [ 0.6314  0.0407  0.1834  0.0306  0.9904 -0.1239  0.0526]
next_obs_state: [ 0.6314  0.0407  0.1834  0.0306  0.9904 -0.1239  0.0526]
--------------------------------------------------
Step 467:
obs_state: [ 0.6314  0.0407  0.1834  0.0306  0.9904 -0.1239  0.0526]
action: [ 0.6257  0.0193  0.1859  0.0312  0.9905 -0.1241  0.051 ]
next_obs_state: [ 0.6257  0.0193  0.1859  0.0312  0.9905 -0.1241  0.051 ]
--------------------------------------------------
Step 468:
obs_state: [ 0.6257  0.0193  0.1859  0.0312  0.9905 -0.1241  0.051 ]
action: [ 0.636   0.0028  0.1856  0.0305  0.9904 -0.124   0.0525]
next_obs_state: [ 0.636   0.0028  0.1856  0.0305  0.9904 -0.124   0.0525]
--------------------------------------------------
Step 469:
obs_state: [ 0.636   0.0028  0.1856  0.0305  0.9904 -0.124   0.0525]
action: [ 0.6283 -0.0209  0.1851  0.031   0.9905 -0.1241  0.0512]
next_obs_state: [ 0.6283 -0.0209  0.1851  0.031   0.9905 -0.1241  0.0512]
--------------------------------------------------
Step 470:
obs_state: [ 0.6283 -0.0209  0.1851  0.031   0.9905 -0.1241  0.0512]
action: [ 0.6321 -0.0396  0.1857  0.0305  0.9904 -0.124   0.0523]
next_obs_state: [ 0.6321 -0.0396  0.1857  0.0305  0.9904 -0.124   0.0523]
--------------------------------------------------
Step 471:
obs_state: [ 0.6321 -0.0396  0.1857  0.0305  0.9904 -0.124   0.0523]
action: [ 0.631  -0.0603  0.1854  0.0308  0.9905 -0.1241  0.0514]
next_obs_state: [ 0.631  -0.0603  0.1854  0.0308  0.9905 -0.1241  0.0514]
--------------------------------------------------
Step 472:
obs_state: [ 0.631  -0.0603  0.1854  0.0308  0.9905 -0.1241  0.0514]
action: [ 0.6309 -0.081   0.1855  0.0305  0.9904 -0.124   0.0522]
next_obs_state: [ 0.6309 -0.081   0.1855  0.0305  0.9904 -0.124   0.0522]
--------------------------------------------------
Step 473:
obs_state: [ 0.6309 -0.081   0.1855  0.0305  0.9904 -0.124   0.0522]
action: [ 0.6311 -0.101   0.1856  0.0307  0.9905 -0.1241  0.0516]
next_obs_state: [ 0.6311 -0.101   0.1856  0.0307  0.9905 -0.1241  0.0516]
--------------------------------------------------
Step 474:
obs_state: [ 0.6311 -0.101   0.1856  0.0307  0.9905 -0.1241  0.0516]
action: [ 0.631  -0.122   0.1855  0.0304  0.9904 -0.124   0.0521]
next_obs_state: [ 0.631  -0.122   0.1855  0.0304  0.9904 -0.124   0.0521]
--------------------------------------------------
Step 475:
obs_state: [ 0.631  -0.122   0.1855  0.0304  0.9904 -0.124   0.0521]
action: [ 0.6309 -0.142   0.1857  0.0306  0.9905 -0.1241  0.0517]
next_obs_state: [ 0.6309 -0.142   0.1857  0.0306  0.9905 -0.1241  0.0517]
--------------------------------------------------
Step 476:
obs_state: [ 0.6309 -0.142   0.1857  0.0306  0.9905 -0.1241  0.0517]
action: [ 0.6305 -0.162   0.1712  0.0303  0.9905 -0.124   0.052 ]
next_obs_state: [ 0.6305 -0.162   0.1712  0.0303  0.9905 -0.124   0.052 ]
--------------------------------------------------
Step 477:
obs_state: [ 0.6305 -0.162   0.1712  0.0303  0.9905 -0.124   0.052 ]
action: [ 0.6452 -0.1535  0.162   0.0306  0.9905 -0.1241  0.0516]
next_obs_state: [ 0.6452 -0.1535  0.162   0.0306  0.9905 -0.1241  0.0516]
--------------------------------------------------
Step 478:
obs_state: [ 0.6452 -0.1535  0.162   0.0306  0.9905 -0.1241  0.0516]
action: [ 0.6402 -0.1828  0.1524  0.0301  0.9905 -0.124   0.0521]
next_obs_state: [ 0.6402 -0.1828  0.1524  0.0301  0.9905 -0.124   0.0521]
--------------------------------------------------
Step 479:
obs_state: [ 0.6402 -0.1828  0.1524  0.0301  0.9905 -0.124   0.0521]
action: [ 0.6396 -0.1753  0.1413  0.0308  0.9905 -0.124   0.0515]
next_obs_state: [ 0.6396 -0.1753  0.1413  0.0308  0.9905 -0.124   0.0515]
--------------------------------------------------
Step 480:
obs_state: [ 0.6396 -0.1753  0.1413  0.0308  0.9905 -0.124   0.0515]
action: [ 0.6561 -0.1723  0.1321  0.03    0.9905 -0.124   0.0519]
next_obs_state: [ 0.6561 -0.1723  0.1321  0.03    0.9905 -0.124   0.0519]
--------------------------------------------------
Step 481:
obs_state: [ 0.6561 -0.1723  0.1321  0.03    0.9905 -0.124   0.0519]
action: [ 0.6636 -0.1774  0.1212  0.0307  0.9904 -0.1244  0.0515]
next_obs_state: [ 0.6636 -0.1774  0.1212  0.0307  0.9904 -0.1244  0.0515]
--------------------------------------------------
Step 482:
obs_state: [ 0.6636 -0.1774  0.1212  0.0307  0.9904 -0.1244  0.0515]
action: [ 0.6738 -0.1735  0.1117  0.0301  0.9905 -0.124   0.0517]
next_obs_state: [ 0.6738 -0.1735  0.1117  0.0301  0.9905 -0.124   0.0517]
--------------------------------------------------
Step 483:
obs_state: [ 0.6738 -0.1735  0.1117  0.0301  0.9905 -0.124   0.0517]
action: [ 0.6697 -0.2048  0.1012  0.0304  0.9904 -0.1243  0.0516]
next_obs_state: [ 0.6697 -0.2048  0.1012  0.0304  0.9904 -0.1243  0.0516]
--------------------------------------------------
Step 484:
obs_state: [ 0.6697 -0.2048  0.1012  0.0304  0.9904 -0.1243  0.0516]
action: [ 0.6699 -0.1937  0.091   0.0304  0.9905 -0.124   0.0516]
next_obs_state: [ 0.6699 -0.1937  0.091   0.0304  0.9905 -0.124   0.0516]
--------------------------------------------------
Step 485:
obs_state: [ 0.6699 -0.1937  0.091   0.0304  0.9905 -0.124   0.0516]
action: [ 0.6707 -0.1935  0.0809  0.0302  0.9904 -0.1243  0.0516]
next_obs_state: [ 0.6707 -0.1935  0.0809  0.0302  0.9904 -0.1243  0.0516]
--------------------------------------------------
Step 486:
obs_state: [ 0.6707 -0.1935  0.0809  0.0302  0.9904 -0.1243  0.0516]
action: [ 0.6696 -0.1974  0.0707  0.0304  0.9905 -0.1242  0.0516]
next_obs_state: [ 0.6696 -0.1974  0.0707  0.0304  0.9905 -0.1242  0.0516]
--------------------------------------------------
Step 487:
obs_state: [ 0.6696 -0.1974  0.0707  0.0304  0.9905 -0.1242  0.0516]
action: [ 0.6701 -0.1938  0.0606  0.0303  0.9904 -0.1242  0.0516]
next_obs_state: [ 0.6701 -0.1938  0.0606  0.0303  0.9904 -0.1242  0.0516]
--------------------------------------------------
Step 488:
obs_state: [ 0.6701 -0.1938  0.0606  0.0303  0.9904 -0.1242  0.0516]
action: [ 0.6698 -0.1957  0.0503  0.0303  0.9905 -0.1242  0.0516]
next_obs_state: [ 0.6698 -0.1957  0.0503  0.0303  0.9905 -0.1242  0.0516]
--------------------------------------------------
Step 489:
obs_state: [ 0.6698 -0.1957  0.0503  0.0303  0.9905 -0.1242  0.0516]
action: [ 0.6696 -0.1951  0.0404  0.0303  0.9904 -0.1243  0.0516]
next_obs_state: [ 0.6696 -0.1951  0.0404  0.0303  0.9904 -0.1243  0.0516]
--------------------------------------------------
Step 490:
obs_state: [ 0.6696 -0.1951  0.0404  0.0303  0.9904 -0.1243  0.0516]
action: [ 0.6696 -0.195   0.03    0.0303  0.9905 -0.1239  0.0516]
next_obs_state: [ 0.6696 -0.195   0.03    0.0303  0.9905 -0.1239  0.0516]
--------------------------------------------------
Step 491:
obs_state: [ 0.6696 -0.195   0.03    0.0303  0.9905 -0.1239  0.0516]
action: [ 0.6694 -0.1952  0.02    0.0303  0.9904 -0.1243  0.0515]
next_obs_state: [ 0.6694 -0.1952  0.02    0.0303  0.9904 -0.1243  0.0515]
--------------------------------------------------
Step 492:
obs_state: [ 0.6694 -0.1952  0.02    0.0303  0.9904 -0.1243  0.0515]
action: [ 0.6699 -0.1952  0.0245  0.0303  0.9905 -0.124   0.0516]
next_obs_state: [ 0.6699 -0.1952  0.0245  0.0303  0.9905 -0.124   0.0516]
--------------------------------------------------
Step 493:
obs_state: [ 0.6699 -0.1952  0.0245  0.0303  0.9905 -0.124   0.0516]
action: [ 0.6703 -0.1953  0.0529  0.0303  0.9904 -0.1243  0.0517]
next_obs_state: [ 0.6703 -0.1953  0.0529  0.0303  0.9904 -0.1243  0.0517]
--------------------------------------------------
Step 494:
obs_state: [ 0.6703 -0.1953  0.0529  0.0303  0.9904 -0.1243  0.0517]
action: [ 0.6701 -0.1954  0.071   0.0303  0.9905 -0.1241  0.0516]
next_obs_state: [ 0.6701 -0.1954  0.071   0.0303  0.9905 -0.1241  0.0516]
--------------------------------------------------
Step 495:
obs_state: [ 0.6701 -0.1954  0.071   0.0303  0.9905 -0.1241  0.0516]
action: [ 0.6707 -0.1954  0.0908  0.0303  0.9904 -0.1242  0.0517]
next_obs_state: [ 0.6707 -0.1954  0.0908  0.0303  0.9904 -0.1242  0.0517]
--------------------------------------------------
Step 496:
obs_state: [ 0.6707 -0.1954  0.0908  0.0303  0.9904 -0.1242  0.0517]
action: [ 0.6707 -0.1955  0.1127  0.0303  0.9905 -0.1241  0.0517]
next_obs_state: [ 0.6707 -0.1955  0.1127  0.0303  0.9905 -0.1241  0.0517]
--------------------------------------------------
Step 497:
obs_state: [ 0.6707 -0.1955  0.1127  0.0303  0.9905 -0.1241  0.0517]
action: [ 0.6711 -0.1662  0.1317  0.0306  0.9904 -0.1242  0.0517]
next_obs_state: [ 0.6711 -0.1662  0.1317  0.0306  0.9904 -0.1242  0.0517]
--------------------------------------------------
Step 498:
obs_state: [ 0.6711 -0.1662  0.1317  0.0306  0.9904 -0.1242  0.0517]
action: [ 0.6712 -0.1473  0.1533  0.0304  0.9905 -0.1241  0.0517]
next_obs_state: [ 0.6712 -0.1473  0.1533  0.0304  0.9905 -0.1241  0.0517]
--------------------------------------------------
Step 499:
obs_state: [ 0.6712 -0.1473  0.1533  0.0304  0.9905 -0.1241  0.0517]
action: [ 0.6706 -0.1284  0.1434  0.0306  0.9904 -0.1242  0.0516]
next_obs_state: [ 0.6706 -0.1284  0.1434  0.0306  0.9904 -0.1242  0.0516]
--------------------------------------------------
Step 500:
obs_state: [ 0.6706 -0.1284  0.1434  0.0306  0.9904 -0.1242  0.0516]
action: [ 0.6723 -0.1066  0.1745  0.0306  0.9904 -0.1241  0.0518]
next_obs_state: [ 0.6723 -0.1066  0.1745  0.0306  0.9904 -0.1241  0.0518]
--------------------------------------------------
Step 501:
obs_state: [ 0.6723 -0.1066  0.1745  0.0306  0.9904 -0.1241  0.0518]
action: [ 0.671  -0.0869  0.1948  0.0307  0.9904 -0.1242  0.0517]
next_obs_state: [ 0.671  -0.0869  0.1948  0.0307  0.9904 -0.1242  0.0517]
--------------------------------------------------
Step 502:
obs_state: [ 0.671  -0.0869  0.1948  0.0307  0.9904 -0.1242  0.0517]
action: [ 0.6713 -0.0663  0.1823  0.0306  0.9904 -0.1241  0.0517]
next_obs_state: [ 0.6713 -0.0663  0.1823  0.0306  0.9904 -0.1241  0.0517]
--------------------------------------------------
Step 503:
obs_state: [ 0.6713 -0.0663  0.1823  0.0306  0.9904 -0.1241  0.0517]
action: [ 0.6718 -0.0458  0.1873  0.0308  0.9904 -0.1242  0.0518]
next_obs_state: [ 0.6718 -0.0458  0.1873  0.0308  0.9904 -0.1242  0.0518]
--------------------------------------------------
Step 504:
obs_state: [ 0.6718 -0.0458  0.1873  0.0308  0.9904 -0.1242  0.0518]
action: [ 0.6711 -0.0257  0.1868  0.0307  0.9904 -0.1241  0.0516]
next_obs_state: [ 0.6711 -0.0257  0.1868  0.0307  0.9904 -0.1241  0.0516]
--------------------------------------------------
Step 505:
obs_state: [ 0.6711 -0.0257  0.1868  0.0307  0.9904 -0.1241  0.0516]
action: [ 0.6717 -0.005   0.1856  0.0309  0.9904 -0.1242  0.0517]
next_obs_state: [ 0.6717 -0.005   0.1856  0.0309  0.9904 -0.1242  0.0517]
--------------------------------------------------
Step 506:
obs_state: [ 0.6717 -0.005   0.1856  0.0309  0.9904 -0.1242  0.0517]
action: [ 0.6713  0.0152  0.1868  0.0309  0.9904 -0.1241  0.0517]
next_obs_state: [ 0.6713  0.0152  0.1868  0.0309  0.9904 -0.1241  0.0517]
--------------------------------------------------
Step 507:
obs_state: [ 0.6713  0.0152  0.1868  0.0309  0.9904 -0.1241  0.0517]
action: [ 0.6714  0.0362  0.1861  0.031   0.9904 -0.1242  0.0516]
next_obs_state: [ 0.6714  0.0362  0.1861  0.031   0.9904 -0.1242  0.0516]
--------------------------------------------------
Step 508:
obs_state: [ 0.6714  0.0362  0.1861  0.031   0.9904 -0.1242  0.0516]
action: [ 0.6715  0.056   0.1864  0.0309  0.9904 -0.1241  0.0516]
next_obs_state: [ 0.6715  0.056   0.1864  0.0309  0.9904 -0.1241  0.0516]
--------------------------------------------------
Step 509:
obs_state: [ 0.6715  0.056   0.1864  0.0309  0.9904 -0.1241  0.0516]
action: [ 0.6713  0.0768  0.1864  0.0311  0.9904 -0.1241  0.0517]
next_obs_state: [ 0.6713  0.0768  0.1864  0.0311  0.9904 -0.1241  0.0517]
--------------------------------------------------
Step 510:
obs_state: [ 0.6713  0.0768  0.1864  0.0311  0.9904 -0.1241  0.0517]
action: [ 0.6714  0.097   0.1864  0.031   0.9904 -0.1241  0.0516]
next_obs_state: [ 0.6714  0.097   0.1864  0.031   0.9904 -0.1241  0.0516]
--------------------------------------------------
Step 511:
obs_state: [ 0.5898  0.0609  0.1732  0.0308  0.9904 -0.124   0.0522]
action: [ 0.6383  0.0607  0.1835  0.0311  0.9905 -0.1241  0.051 ]
next_obs_state: [ 0.6383  0.0607  0.1835  0.0311  0.9905 -0.1241  0.051 ]
--------------------------------------------------
Step 512:
obs_state: [ 0.6383  0.0607  0.1835  0.0311  0.9905 -0.1241  0.051 ]
action: [ 0.6258  0.0337  0.1772  0.0306  0.9904 -0.124   0.0526]
next_obs_state: [ 0.6258  0.0337  0.1772  0.0306  0.9904 -0.124   0.0526]
--------------------------------------------------
Step 513:
obs_state: [ 0.6258  0.0337  0.1772  0.0306  0.9904 -0.124   0.0526]
action: [ 0.6205  0.0127  0.18    0.031   0.9905 -0.1241  0.051 ]
next_obs_state: [ 0.6205  0.0127  0.18    0.031   0.9905 -0.1241  0.051 ]
--------------------------------------------------
Step 514:
obs_state: [ 0.6205  0.0127  0.18    0.031   0.9905 -0.1241  0.051 ]
action: [ 0.6297 -0.0045  0.1794  0.0306  0.9904 -0.124   0.0525]
next_obs_state: [ 0.6297 -0.0045  0.1794  0.0306  0.9904 -0.124   0.0525]
--------------------------------------------------
Step 515:
obs_state: [ 0.6297 -0.0045  0.1794  0.0306  0.9904 -0.124   0.0525]
action: [ 0.6229 -0.0278  0.179   0.0308  0.9905 -0.1241  0.0512]
next_obs_state: [ 0.6229 -0.0278  0.179   0.0308  0.9905 -0.1241  0.0512]
--------------------------------------------------
Step 516:
obs_state: [ 0.6229 -0.0278  0.179   0.0308  0.9905 -0.1241  0.0512]
action: [ 0.6263 -0.0466  0.1796  0.0305  0.9904 -0.124   0.0523]
next_obs_state: [ 0.6263 -0.0466  0.1796  0.0305  0.9904 -0.124   0.0523]
--------------------------------------------------
Step 517:
obs_state: [ 0.6263 -0.0466  0.1796  0.0305  0.9904 -0.124   0.0523]
action: [ 0.6251 -0.0676  0.1793  0.0307  0.9905 -0.124   0.0514]
next_obs_state: [ 0.6251 -0.0676  0.1793  0.0307  0.9905 -0.124   0.0514]
--------------------------------------------------
Step 518:
obs_state: [ 0.6251 -0.0676  0.1793  0.0307  0.9905 -0.124   0.0514]
action: [ 0.6251 -0.0876  0.1794  0.0305  0.9904 -0.124   0.0521]
next_obs_state: [ 0.6251 -0.0876  0.1794  0.0305  0.9904 -0.124   0.0521]
--------------------------------------------------
Step 519:
obs_state: [ 0.6251 -0.0876  0.1794  0.0305  0.9904 -0.124   0.0521]
action: [ 0.6253 -0.1083  0.1795  0.0306  0.9905 -0.124   0.0516]
next_obs_state: [ 0.6253 -0.1083  0.1795  0.0306  0.9905 -0.124   0.0516]
--------------------------------------------------
Step 520:
obs_state: [ 0.6253 -0.1083  0.1795  0.0306  0.9905 -0.124   0.0516]
action: [ 0.6252 -0.1283  0.1794  0.0304  0.9904 -0.124   0.052 ]
next_obs_state: [ 0.6252 -0.1283  0.1794  0.0304  0.9904 -0.124   0.052 ]
--------------------------------------------------
Step 521:
obs_state: [ 0.6252 -0.1283  0.1794  0.0304  0.9904 -0.124   0.052 ]
action: [ 0.6251 -0.149   0.1796  0.0305  0.9905 -0.1241  0.0516]
next_obs_state: [ 0.6251 -0.149   0.1796  0.0305  0.9905 -0.1241  0.0516]
--------------------------------------------------
Step 522:
obs_state: [ 0.6251 -0.149   0.1796  0.0305  0.9905 -0.1241  0.0516]
action: [ 0.6247 -0.1689  0.1649  0.0303  0.9905 -0.124   0.0519]
next_obs_state: [ 0.6247 -0.1689  0.1649  0.0303  0.9905 -0.124   0.0519]
--------------------------------------------------
Step 523:
obs_state: [ 0.6247 -0.1689  0.1649  0.0303  0.9905 -0.124   0.0519]
action: [ 0.6249 -0.1897  0.1556  0.0303  0.9905 -0.1241  0.0516]
next_obs_state: [ 0.6249 -0.1897  0.1556  0.0303  0.9905 -0.1241  0.0516]
--------------------------------------------------
Step 524:
obs_state: [ 0.6249 -0.1897  0.1556  0.0303  0.9905 -0.1241  0.0516]
action: [ 0.6246 -0.1805  0.1459  0.0304  0.9905 -0.124   0.0519]
next_obs_state: [ 0.6246 -0.1805  0.1459  0.0304  0.9905 -0.124   0.0519]
--------------------------------------------------
Step 525:
obs_state: [ 0.6246 -0.1805  0.1459  0.0304  0.9905 -0.124   0.0519]
action: [ 0.6245 -0.1817  0.1352  0.0302  0.9905 -0.124   0.0516]
next_obs_state: [ 0.6245 -0.1817  0.1352  0.0302  0.9905 -0.124   0.0516]
--------------------------------------------------
Step 526:
obs_state: [ 0.6245 -0.1817  0.1352  0.0302  0.9905 -0.124   0.0516]
action: [ 0.6245 -0.1837  0.1253  0.0304  0.9904 -0.1241  0.0518]
next_obs_state: [ 0.6245 -0.1837  0.1253  0.0304  0.9904 -0.1241  0.0518]
--------------------------------------------------
Step 527:
obs_state: [ 0.6245 -0.1837  0.1253  0.0304  0.9904 -0.1241  0.0518]
action: [ 0.6384 -0.1813  0.1155  0.0302  0.9905 -0.124   0.0515]
next_obs_state: [ 0.6384 -0.1813  0.1155  0.0302  0.9905 -0.124   0.0515]
--------------------------------------------------
Step 528:
obs_state: [ 0.6384 -0.1813  0.1155  0.0302  0.9905 -0.124   0.0515]
action: [ 0.6482 -0.1827  0.1049  0.0304  0.9905 -0.1239  0.0518]
next_obs_state: [ 0.6482 -0.1827  0.1049  0.0304  0.9905 -0.1239  0.0518]
--------------------------------------------------
Step 529:
obs_state: [ 0.6482 -0.1827  0.1049  0.0304  0.9905 -0.1239  0.0518]
action: [ 0.6571 -0.1821  0.0954  0.0302  0.9905 -0.124   0.0514]
next_obs_state: [ 0.6571 -0.1821  0.0954  0.0302  0.9905 -0.124   0.0514]
--------------------------------------------------
Step 530:
obs_state: [ 0.6571 -0.1821  0.0954  0.0302  0.9905 -0.124   0.0514]
action: [ 0.6538 -0.1821  0.0846  0.0304  0.9905 -0.1239  0.0518]
next_obs_state: [ 0.6538 -0.1821  0.0846  0.0304  0.9905 -0.1239  0.0518]
--------------------------------------------------
Step 531:
obs_state: [ 0.6538 -0.1821  0.0846  0.0304  0.9905 -0.1239  0.0518]
action: [ 0.6535 -0.2107  0.0752  0.03    0.9905 -0.1241  0.0515]
next_obs_state: [ 0.6535 -0.2107  0.0752  0.03    0.9905 -0.1241  0.0515]
--------------------------------------------------
Step 532:
obs_state: [ 0.6535 -0.2107  0.0752  0.03    0.9905 -0.1241  0.0515]
action: [ 0.6692 -0.2009  0.0647  0.0306  0.9905 -0.1239  0.0518]
next_obs_state: [ 0.6692 -0.2009  0.0647  0.0306  0.9905 -0.1239  0.0518]
--------------------------------------------------
Step 533:
obs_state: [ 0.6692 -0.2009  0.0647  0.0306  0.9905 -0.1239  0.0518]
action: [ 0.663  -0.2003  0.0543  0.03    0.9905 -0.124   0.0516]
next_obs_state: [ 0.663  -0.2003  0.0543  0.03    0.9905 -0.124   0.0516]
--------------------------------------------------
Step 534:
obs_state: [ 0.663  -0.2003  0.0543  0.03    0.9905 -0.124   0.0516]
action: [ 0.6773 -0.2042  0.0451  0.0305  0.9905 -0.1239  0.0515]
next_obs_state: [ 0.6773 -0.2042  0.0451  0.0305  0.9905 -0.1239  0.0515]
--------------------------------------------------
Step 535:
obs_state: [ 0.6773 -0.2042  0.0451  0.0305  0.9905 -0.1239  0.0515]
action: [ 0.6743 -0.2006  0.0337  0.0301  0.9905 -0.1239  0.0517]
next_obs_state: [ 0.6743 -0.2006  0.0337  0.0301  0.9905 -0.1239  0.0517]
--------------------------------------------------
Step 536:
obs_state: [ 0.6743 -0.2006  0.0337  0.0301  0.9905 -0.1239  0.0517]
action: [ 0.6719 -0.2025  0.0247  0.0304  0.9905 -0.1239  0.0514]
next_obs_state: [ 0.6719 -0.2025  0.0247  0.0304  0.9905 -0.1239  0.0514]
--------------------------------------------------
Step 537:
obs_state: [ 0.6719 -0.2025  0.0247  0.0304  0.9905 -0.1239  0.0514]
action: [ 0.6754 -0.2019  0.0285  0.0301  0.9905 -0.1239  0.0517]
next_obs_state: [ 0.6754 -0.2019  0.0285  0.0301  0.9905 -0.1239  0.0517]
--------------------------------------------------
Step 538:
obs_state: [ 0.6754 -0.2019  0.0285  0.0301  0.9905 -0.1239  0.0517]
action: [ 0.6738 -0.2022  0.0572  0.0304  0.9905 -0.1239  0.0515]
next_obs_state: [ 0.6738 -0.2022  0.0572  0.0304  0.9905 -0.1239  0.0515]
--------------------------------------------------
Step 539:
obs_state: [ 0.6738 -0.2022  0.0572  0.0304  0.9905 -0.1239  0.0515]
action: [ 0.6744 -0.2022  0.0753  0.0302  0.9905 -0.1239  0.0517]
next_obs_state: [ 0.6744 -0.2022  0.0753  0.0302  0.9905 -0.1239  0.0517]
--------------------------------------------------
Step 540:
obs_state: [ 0.6744 -0.2022  0.0753  0.0302  0.9905 -0.1239  0.0517]
action: [ 0.675  -0.2023  0.0948  0.0303  0.9905 -0.1239  0.0516]
next_obs_state: [ 0.675  -0.2023  0.0948  0.0303  0.9905 -0.1239  0.0516]
--------------------------------------------------
Step 541:
obs_state: [ 0.675  -0.2023  0.0948  0.0303  0.9905 -0.1239  0.0516]
action: [ 0.6749 -0.173   0.1165  0.0304  0.9905 -0.1239  0.0517]
next_obs_state: [ 0.6749 -0.173   0.1165  0.0304  0.9905 -0.1239  0.0517]
--------------------------------------------------
Step 542:
obs_state: [ 0.6749 -0.173   0.1165  0.0304  0.9905 -0.1239  0.0517]
action: [ 0.6752 -0.1541  0.1361  0.0304  0.9905 -0.1239  0.0516]
next_obs_state: [ 0.6752 -0.1541  0.1361  0.0304  0.9905 -0.1239  0.0516]
--------------------------------------------------
Step 543:
obs_state: [ 0.6752 -0.1541  0.1361  0.0304  0.9905 -0.1239  0.0516]
action: [ 0.6755 -0.1354  0.1568  0.0306  0.9905 -0.1239  0.0517]
next_obs_state: [ 0.6755 -0.1354  0.1568  0.0306  0.9905 -0.1239  0.0517]
--------------------------------------------------
Step 544:
obs_state: [ 0.6755 -0.1354  0.1568  0.0306  0.9905 -0.1239  0.0517]
action: [ 0.6757 -0.1133  0.177   0.0305  0.9905 -0.1239  0.0517]
next_obs_state: [ 0.6757 -0.1133  0.177   0.0305  0.9905 -0.1239  0.0517]
--------------------------------------------------
Step 545:
obs_state: [ 0.6757 -0.1133  0.177   0.0305  0.9905 -0.1239  0.0517]
action: [ 0.6759 -0.0939  0.1976  0.0307  0.9905 -0.1239  0.0517]
next_obs_state: [ 0.6759 -0.0939  0.1976  0.0307  0.9905 -0.1239  0.0517]
--------------------------------------------------
Step 546:
obs_state: [ 0.6759 -0.0939  0.1976  0.0307  0.9905 -0.1239  0.0517]
action: [ 0.6752 -0.0731  0.1882  0.0306  0.9905 -0.1238  0.0516]
next_obs_state: [ 0.6752 -0.0731  0.1882  0.0306  0.9905 -0.1238  0.0516]
--------------------------------------------------
Step 547:
obs_state: [ 0.6752 -0.0731  0.1882  0.0306  0.9905 -0.1238  0.0516]
action: [ 0.6761 -0.0527  0.1903  0.0308  0.9905 -0.1239  0.0518]
next_obs_state: [ 0.6761 -0.0527  0.1903  0.0308  0.9905 -0.1239  0.0518]
--------------------------------------------------
Step 548:
obs_state: [ 0.6761 -0.0527  0.1903  0.0308  0.9905 -0.1239  0.0518]
action: [ 0.6754 -0.0325  0.1914  0.0307  0.9905 -0.1239  0.0516]
next_obs_state: [ 0.6754 -0.0325  0.1914  0.0307  0.9905 -0.1239  0.0516]
--------------------------------------------------
Step 549:
obs_state: [ 0.6754 -0.0325  0.1914  0.0307  0.9905 -0.1239  0.0516]
action: [ 0.6757 -0.0124  0.1897  0.0308  0.9905 -0.1239  0.0517]
next_obs_state: [ 0.6757 -0.0124  0.1897  0.0308  0.9905 -0.1239  0.0517]
--------------------------------------------------
Step 550:
obs_state: [ 0.6757 -0.0124  0.1897  0.0308  0.9905 -0.1239  0.0517]
action: [ 0.6756  0.0084  0.1909  0.0308  0.9905 -0.1239  0.0516]
next_obs_state: [ 0.6756  0.0084  0.1909  0.0308  0.9905 -0.1239  0.0516]
--------------------------------------------------
Step 551:
obs_state: [ 0.6756  0.0084  0.1909  0.0308  0.9905 -0.1239  0.0516]
action: [ 0.6756  0.0284  0.1903  0.0309  0.9905 -0.1238  0.0517]
next_obs_state: [ 0.6756  0.0284  0.1903  0.0309  0.9905 -0.1238  0.0517]
--------------------------------------------------
Step 552:
obs_state: [ 0.6756  0.0284  0.1903  0.0309  0.9905 -0.1238  0.0517]
action: [ 0.6757  0.0491  0.1905  0.0309  0.9905 -0.1238  0.0514]
next_obs_state: [ 0.6757  0.0491  0.1905  0.0309  0.9905 -0.1238  0.0514]
--------------------------------------------------
Step 553:
obs_state: [ 0.6757  0.0491  0.1905  0.0309  0.9905 -0.1238  0.0514]
action: [ 0.6755  0.0689  0.1906  0.031   0.9905 -0.1239  0.0517]
next_obs_state: [ 0.6755  0.0689  0.1906  0.031   0.9905 -0.1239  0.0517]
--------------------------------------------------
Step 554:
obs_state: [ 0.5871  0.0573  0.1741  0.0308  0.9904 -0.124   0.0522]
action: [ 0.62    0.0886  0.1522  0.0561  0.9872 -0.1257  0.0802]
next_obs_state: [ 0.62    0.0886  0.1522  0.0561  0.9872 -0.1257  0.0802]
--------------------------------------------------
Step 555:
obs_state: [ 0.62    0.0886  0.1522  0.0561  0.9872 -0.1257  0.0802]
action: [ 0.5977  0.1024  0.1258  0.0532  0.987  -0.1222  0.0895]
next_obs_state: [ 0.5977  0.1024  0.1258  0.0532  0.987  -0.1222  0.0895]
--------------------------------------------------
Step 556:
obs_state: [ 0.5977  0.1024  0.1258  0.0532  0.987  -0.1222  0.0895]
action: [ 0.5987  0.0909  0.1697  0.0556  0.9872 -0.1253  0.0813]
next_obs_state: [ 0.5987  0.0909  0.1697  0.0556  0.9872 -0.1253  0.0813]
--------------------------------------------------
Step 557:
obs_state: [ 0.5987  0.0909  0.1697  0.0556  0.9872 -0.1253  0.0813]
action: [ 0.6065  0.0675  0.1827  0.0534  0.987  -0.1226  0.0886]
next_obs_state: [ 0.6065  0.0675  0.1827  0.0534  0.987  -0.1226  0.0886]
--------------------------------------------------
Step 558:
obs_state: [ 0.6065  0.0675  0.1827  0.0534  0.987  -0.1226  0.0886]
action: [ 0.5985  0.0468  0.2028  0.0553  0.9872 -0.1249  0.0824]
next_obs_state: [ 0.5985  0.0468  0.2028  0.0553  0.9872 -0.1249  0.0824]
--------------------------------------------------
Step 559:
obs_state: [ 0.5985  0.0468  0.2028  0.0553  0.9872 -0.1249  0.0824]
action: [ 0.6047  0.0277  0.2255  0.0536  0.9871 -0.123   0.0877]
next_obs_state: [ 0.6047  0.0277  0.2255  0.0536  0.9871 -0.123   0.0877]
--------------------------------------------------
Step 560:
obs_state: [ 0.6047  0.0277  0.2255  0.0536  0.9871 -0.123   0.0877]
action: [ 0.6003  0.0061  0.2147  0.0549  0.9872 -0.1246  0.0831]
next_obs_state: [ 0.6003  0.0061  0.2147  0.0549  0.9872 -0.1246  0.0831]
--------------------------------------------------
Step 561:
obs_state: [ 0.6003  0.0061  0.2147  0.0549  0.9872 -0.1246  0.0831]
action: [ 0.6034 -0.0137  0.2171  0.0537  0.9871 -0.1232  0.0872]
next_obs_state: [ 0.6034 -0.0137  0.2171  0.0537  0.9871 -0.1232  0.0872]
--------------------------------------------------
Step 562:
obs_state: [ 0.6034 -0.0137  0.2171  0.0537  0.9871 -0.1232  0.0872]
action: [ 0.6011 -0.0344  0.2186  0.0546  0.9872 -0.1244  0.0837]
next_obs_state: [ 0.6011 -0.0344  0.2186  0.0546  0.9872 -0.1244  0.0837]
--------------------------------------------------
Step 563:
obs_state: [ 0.6011 -0.0344  0.2186  0.0546  0.9872 -0.1244  0.0837]
action: [ 0.6027 -0.0543  0.2162  0.0538  0.9871 -0.1234  0.0866]
next_obs_state: [ 0.6027 -0.0543  0.2162  0.0538  0.9871 -0.1234  0.0866]
--------------------------------------------------
Step 564:
obs_state: [ 0.6027 -0.0543  0.2162  0.0538  0.9871 -0.1234  0.0866]
action: [ 0.6014 -0.0752  0.2182  0.0544  0.9872 -0.1243  0.0842]
next_obs_state: [ 0.6014 -0.0752  0.2182  0.0544  0.9872 -0.1243  0.0842]
--------------------------------------------------
Step 565:
obs_state: [ 0.6014 -0.0752  0.2182  0.0544  0.9872 -0.1243  0.0842]
action: [ 0.5509 -0.0285  0.253   0.0479  0.9881 -0.1372  0.0511]
next_obs_state: [ 0.5509 -0.0285  0.253   0.0479  0.9881 -0.1372  0.0511]
--------------------------------------------------
Step 566:
obs_state: [ 0.5509 -0.0285  0.253   0.0479  0.9881 -0.1372  0.0511]
action: [ 0.5683 -0.0105  0.2748  0.0472  0.9878 -0.1416  0.0449]
next_obs_state: [ 0.5683 -0.0105  0.2748  0.0472  0.9878 -0.1416  0.0449]
--------------------------------------------------
Step 567:
obs_state: [ 0.5683 -0.0105  0.2748  0.0472  0.9878 -0.1416  0.0449]
action: [ 0.518   0.0133  0.2971  0.0414  0.9875 -0.1513  0.0158]
next_obs_state: [ 0.518   0.0133  0.2971  0.0414  0.9875 -0.1513  0.0158]
--------------------------------------------------
Step 568:
obs_state: [ 0.518   0.0133  0.2971  0.0414  0.9875 -0.1513  0.0158]
action: [ 0.5361 -0.0269  0.2874  0.046   0.9878 -0.1429  0.0405]
next_obs_state: [ 0.5361 -0.0269  0.2874  0.046   0.9878 -0.1429  0.0405]
--------------------------------------------------
Step 569:
obs_state: [ 0.5361 -0.0269  0.2874  0.046   0.9878 -0.1429  0.0405]
action: [ 0.5321 -0.0422  0.2904  0.0422  0.9876 -0.1502  0.0194]
next_obs_state: [ 0.5321 -0.0422  0.2904  0.0422  0.9876 -0.1502  0.0194]
--------------------------------------------------
Step 570:
obs_state: [ 0.5321 -0.0422  0.2904  0.0422  0.9876 -0.1502  0.0194]
action: [ 0.5327 -0.0619  0.2747  0.0452  0.9879 -0.1439  0.0373]
next_obs_state: [ 0.5327 -0.0619  0.2747  0.0452  0.9879 -0.1439  0.0373]
--------------------------------------------------
Step 571:
obs_state: [ 0.5327 -0.0619  0.2747  0.0452  0.9879 -0.1439  0.0373]
action: [ 0.5299 -0.0836  0.2665  0.0425  0.9876 -0.1494  0.0219]
next_obs_state: [ 0.5299 -0.0836  0.2665  0.0425  0.9876 -0.1494  0.0219]
--------------------------------------------------
Step 572:
obs_state: [ 0.5299 -0.0836  0.2665  0.0425  0.9876 -0.1494  0.0219]
action: [ 0.5347 -0.1041  0.2553  0.0448  0.9878 -0.1447  0.0352]
next_obs_state: [ 0.5347 -0.1041  0.2553  0.0448  0.9878 -0.1447  0.0352]
--------------------------------------------------
Step 573:
obs_state: [ 0.5347 -0.1041  0.2553  0.0448  0.9878 -0.1447  0.0352]
action: [ 0.5429 -0.1227  0.2611  0.0428  0.9877 -0.1486  0.024 ]
next_obs_state: [ 0.5429 -0.1227  0.2611  0.0428  0.9877 -0.1486  0.024 ]
--------------------------------------------------
Step 574:
obs_state: [ 0.5429 -0.1227  0.2611  0.0428  0.9877 -0.1486  0.024 ]
action: [ 0.5584 -0.1454  0.259   0.0444  0.9878 -0.1452  0.0335]
next_obs_state: [ 0.5584 -0.1454  0.259   0.0444  0.9878 -0.1452  0.0335]
--------------------------------------------------
Step 575:
obs_state: [ 0.5584 -0.1454  0.259   0.0444  0.9878 -0.1452  0.0335]
action: [ 0.5623 -0.1634  0.2599  0.0429  0.9877 -0.148   0.0254]
next_obs_state: [ 0.5623 -0.1634  0.2599  0.0429  0.9877 -0.148   0.0254]
--------------------------------------------------
Step 576:
obs_state: [ 0.5623 -0.1634  0.2599  0.0429  0.9877 -0.148   0.0254]
action: [ 0.5778 -0.1563  0.2594  0.0443  0.9878 -0.1456  0.0323]
next_obs_state: [ 0.5778 -0.1563  0.2594  0.0443  0.9878 -0.1456  0.0323]
--------------------------------------------------
Step 577:
obs_state: [ 0.5778 -0.1563  0.2594  0.0443  0.9878 -0.1456  0.0323]
action: [ 0.5834 -0.1561  0.2455  0.043   0.9878 -0.1477  0.0264]
next_obs_state: [ 0.5834 -0.1561  0.2455  0.043   0.9878 -0.1477  0.0264]
--------------------------------------------------
Step 578:
obs_state: [ 0.5834 -0.1561  0.2455  0.043   0.9878 -0.1477  0.0264]
action: [ 0.5969 -0.1589  0.2355  0.0441  0.9878 -0.1459  0.0314]
next_obs_state: [ 0.5969 -0.1589  0.2355  0.0441  0.9878 -0.1459  0.0314]
--------------------------------------------------
Step 579:
obs_state: [ 0.5969 -0.1589  0.2355  0.0441  0.9878 -0.1459  0.0314]
action: [ 0.6043 -0.1559  0.2267  0.0431  0.9878 -0.1474  0.0271]
next_obs_state: [ 0.6043 -0.1559  0.2267  0.0431  0.9878 -0.1474  0.0271]
--------------------------------------------------
Step 580:
obs_state: [ 0.6043 -0.1559  0.2267  0.0431  0.9878 -0.1474  0.0271]
action: [ 0.6164 -0.1579  0.2151  0.044   0.9878 -0.1461  0.0307]
next_obs_state: [ 0.6164 -0.1579  0.2151  0.044   0.9878 -0.1461  0.0307]
--------------------------------------------------
Step 581:
obs_state: [ 0.6164 -0.1579  0.2151  0.044   0.9878 -0.1461  0.0307]
action: [ 0.6247 -0.1567  0.2061  0.0432  0.9878 -0.1472  0.0276]
next_obs_state: [ 0.6247 -0.1567  0.2061  0.0432  0.9878 -0.1472  0.0276]
--------------------------------------------------
Step 582:
obs_state: [ 0.6247 -0.1567  0.2061  0.0432  0.9878 -0.1472  0.0276]
action: [ 0.6362 -0.1572  0.1952  0.0438  0.9878 -0.1462  0.0302]
next_obs_state: [ 0.6362 -0.1572  0.1952  0.0438  0.9878 -0.1462  0.0302]
--------------------------------------------------
Step 583:
obs_state: [ 0.6362 -0.1572  0.1952  0.0438  0.9878 -0.1462  0.0302]
action: [ 0.6449 -0.1568  0.1856  0.0433  0.9878 -0.147   0.0279]
next_obs_state: [ 0.6449 -0.1568  0.1856  0.0433  0.9878 -0.147   0.0279]
--------------------------------------------------
Step 584:
obs_state: [ 0.6449 -0.1568  0.1856  0.0433  0.9878 -0.147   0.0279]
action: [ 0.6419 -0.1572  0.1749  0.0438  0.9878 -0.1462  0.0299]
next_obs_state: [ 0.6419 -0.1572  0.1749  0.0438  0.9878 -0.1462  0.0299]
--------------------------------------------------
Step 585:
obs_state: [ 0.6419 -0.1572  0.1749  0.0438  0.9878 -0.1462  0.0299]
action: [ 0.6411 -0.1862  0.1653  0.0431  0.9878 -0.1469  0.0281]
next_obs_state: [ 0.6411 -0.1862  0.1653  0.0431  0.9878 -0.1469  0.0281]
--------------------------------------------------
Step 586:
obs_state: [ 0.6411 -0.1862  0.1653  0.0431  0.9878 -0.1469  0.0281]
action: [ 0.6428 -0.2052  0.155   0.0436  0.9878 -0.1463  0.0296]
next_obs_state: [ 0.6428 -0.2052  0.155   0.0436  0.9878 -0.1463  0.0296]
--------------------------------------------------
Step 587:
obs_state: [ 0.6428 -0.2052  0.155   0.0436  0.9878 -0.1463  0.0296]
action: [ 0.6411 -0.1944  0.1446  0.0433  0.9878 -0.1468  0.0283]
next_obs_state: [ 0.6411 -0.1944  0.1446  0.0433  0.9878 -0.1468  0.0283]
--------------------------------------------------
Step 588:
obs_state: [ 0.6411 -0.1944  0.1446  0.0433  0.9878 -0.1468  0.0283]
action: [ 0.642  -0.1978  0.1348  0.0435  0.9878 -0.1464  0.0294]
next_obs_state: [ 0.642  -0.1978  0.1348  0.0435  0.9878 -0.1464  0.0294]
--------------------------------------------------
Step 589:
obs_state: [ 0.642  -0.1978  0.1348  0.0435  0.9878 -0.1464  0.0294]
action: [ 0.6413 -0.1981  0.1243  0.0434  0.9878 -0.147   0.0285]
next_obs_state: [ 0.6413 -0.1981  0.1243  0.0434  0.9878 -0.147   0.0285]
--------------------------------------------------
Step 590:
obs_state: [ 0.6413 -0.1981  0.1243  0.0434  0.9878 -0.147   0.0285]
action: [ 0.6416 -0.1967  0.114   0.0435  0.9879 -0.1462  0.0292]
next_obs_state: [ 0.6416 -0.1967  0.114   0.0435  0.9879 -0.1462  0.0292]
--------------------------------------------------
Step 591:
obs_state: [ 0.6416 -0.1967  0.114   0.0435  0.9879 -0.1462  0.0292]
action: [ 0.6411 -0.1977  0.104   0.0434  0.9878 -0.1469  0.0286]
next_obs_state: [ 0.6411 -0.1977  0.104   0.0434  0.9878 -0.1469  0.0286]
--------------------------------------------------
Step 592:
obs_state: [ 0.6411 -0.1977  0.104   0.0434  0.9878 -0.1469  0.0286]
action: [ 0.6413 -0.2262  0.094   0.0432  0.9879 -0.1463  0.0291]
next_obs_state: [ 0.6413 -0.2262  0.094   0.0432  0.9879 -0.1463  0.0291]
--------------------------------------------------
Step 593:
obs_state: [ 0.6413 -0.2262  0.094   0.0432  0.9879 -0.1463  0.0291]
action: [ 0.6409 -0.216   0.0834  0.0436  0.9878 -0.1468  0.0286]
next_obs_state: [ 0.6409 -0.216   0.0834  0.0436  0.9878 -0.1468  0.0286]
--------------------------------------------------
Step 594:
obs_state: [ 0.6409 -0.216   0.0834  0.0436  0.9878 -0.1468  0.0286]
action: [ 0.6411 -0.2158  0.0735  0.0431  0.9879 -0.1463  0.0289]
next_obs_state: [ 0.6411 -0.2158  0.0735  0.0431  0.9879 -0.1463  0.0289]
--------------------------------------------------
Step 595:
obs_state: [ 0.6411 -0.2158  0.0735  0.0431  0.9879 -0.1463  0.0289]
action: [ 0.6406 -0.2193  0.0634  0.0436  0.9878 -0.1471  0.0287]
next_obs_state: [ 0.6406 -0.2193  0.0634  0.0436  0.9878 -0.1471  0.0287]
--------------------------------------------------
Step 596:
obs_state: [ 0.6406 -0.2193  0.0634  0.0436  0.9878 -0.1471  0.0287]
action: [ 0.6408 -0.216   0.053   0.0431  0.9879 -0.1464  0.0289]
next_obs_state: [ 0.6408 -0.216   0.053   0.0431  0.9879 -0.1464  0.0289]
--------------------------------------------------
Step 597:
obs_state: [ 0.6408 -0.216   0.053   0.0431  0.9879 -0.1464  0.0289]
action: [ 0.6405 -0.2178  0.0431  0.0435  0.9878 -0.1469  0.0287]
next_obs_state: [ 0.6405 -0.2178  0.0431  0.0435  0.9878 -0.1469  0.0287]
--------------------------------------------------
Step 598:
obs_state: [ 0.6405 -0.2178  0.0431  0.0435  0.9878 -0.1469  0.0287]
action: [ 0.6405 -0.2172  0.0327  0.0432  0.9879 -0.1465  0.0289]
next_obs_state: [ 0.6405 -0.2172  0.0327  0.0432  0.9879 -0.1465  0.0289]
--------------------------------------------------
Step 599:
obs_state: [ 0.6405 -0.2172  0.0327  0.0432  0.9879 -0.1465  0.0289]
action: [ 0.6408 -0.2173  0.0371  0.0434  0.9878 -0.1468  0.0287]
next_obs_state: [ 0.6408 -0.2173  0.0371  0.0434  0.9878 -0.1468  0.0287]
--------------------------------------------------
Step 600:
obs_state: [ 0.6408 -0.2173  0.0371  0.0434  0.9878 -0.1468  0.0287]
action: [ 0.6413 -0.2177  0.0658  0.0432  0.9878 -0.1465  0.0289]
next_obs_state: [ 0.6413 -0.2177  0.0658  0.0432  0.9878 -0.1465  0.0289]
--------------------------------------------------
Step 601:
obs_state: [ 0.6413 -0.2177  0.0658  0.0432  0.9878 -0.1465  0.0289]
action: [ 0.641  -0.2174  0.0837  0.0434  0.9878 -0.1467  0.0288]
next_obs_state: [ 0.641  -0.2174  0.0837  0.0434  0.9878 -0.1467  0.0288]
--------------------------------------------------
Step 602:
obs_state: [ 0.641  -0.2174  0.0837  0.0434  0.9878 -0.1467  0.0288]
action: [ 0.6418 -0.1883  0.1036  0.0435  0.9878 -0.1466  0.0289]
next_obs_state: [ 0.6418 -0.1883  0.1036  0.0435  0.9878 -0.1466  0.0289]
--------------------------------------------------
Step 603:
obs_state: [ 0.6418 -0.1883  0.1036  0.0435  0.9878 -0.1466  0.0289]
action: [ 0.6417 -0.1694  0.1252  0.0435  0.9878 -0.1467  0.0288]
next_obs_state: [ 0.6417 -0.1694  0.1252  0.0435  0.9878 -0.1467  0.0288]
--------------------------------------------------
Step 604:
obs_state: [ 0.6417 -0.1694  0.1252  0.0435  0.9878 -0.1467  0.0288]
action: [ 0.6421 -0.1505  0.1446  0.0437  0.9878 -0.1466  0.0289]
next_obs_state: [ 0.6421 -0.1505  0.1446  0.0437  0.9878 -0.1466  0.0289]
--------------------------------------------------
Step 605:
obs_state: [ 0.6421 -0.1505  0.1446  0.0437  0.9878 -0.1466  0.0289]
action: [ 0.6423 -0.1285  0.1653  0.0436  0.9878 -0.1467  0.0288]
next_obs_state: [ 0.6423 -0.1285  0.1653  0.0436  0.9878 -0.1467  0.0288]
--------------------------------------------------
Step 606:
obs_state: [ 0.6423 -0.1285  0.1653  0.0436  0.9878 -0.1467  0.0288]
action: [ 0.6425 -0.1096  0.1854  0.0438  0.9878 -0.1466  0.0289]
next_obs_state: [ 0.6425 -0.1096  0.1854  0.0438  0.9878 -0.1466  0.0289]
--------------------------------------------------
Step 607:
obs_state: [ 0.6425 -0.1096  0.1854  0.0438  0.9878 -0.1466  0.0289]
action: [ 0.6427 -0.0883  0.2061  0.0437  0.9878 -0.1467  0.0289]
next_obs_state: [ 0.6427 -0.0883  0.2061  0.0437  0.9878 -0.1467  0.0289]
--------------------------------------------------
Step 608:
obs_state: [ 0.6427 -0.0883  0.2061  0.0437  0.9878 -0.1467  0.0289]
action: [ 0.642  -0.0682  0.1967  0.0438  0.9878 -0.1466  0.0289]
next_obs_state: [ 0.642  -0.0682  0.1967  0.0438  0.9878 -0.1466  0.0289]
--------------------------------------------------
Step 609:
obs_state: [ 0.642  -0.0682  0.1967  0.0438  0.9878 -0.1466  0.0289]
action: [ 0.6429 -0.0478  0.1986  0.0439  0.9878 -0.1466  0.0289]
next_obs_state: [ 0.6429 -0.0478  0.1986  0.0439  0.9878 -0.1466  0.0289]
--------------------------------------------------
Step 610:
obs_state: [ 0.6429 -0.0478  0.1986  0.0439  0.9878 -0.1466  0.0289]
action: [ 0.6422 -0.0272  0.1998  0.0439  0.9878 -0.1466  0.0288]
next_obs_state: [ 0.6422 -0.0272  0.1998  0.0439  0.9878 -0.1466  0.0288]
--------------------------------------------------
Step 611:
obs_state: [ 0.6422 -0.0272  0.1998  0.0439  0.9878 -0.1466  0.0288]
action: [ 0.6425 -0.0069  0.1981  0.0439  0.9878 -0.1466  0.0289]
next_obs_state: [ 0.6425 -0.0069  0.1981  0.0439  0.9878 -0.1466  0.0289]
--------------------------------------------------
Step 612:
obs_state: [ 0.6425 -0.0069  0.1981  0.0439  0.9878 -0.1466  0.0289]
action: [ 0.6425  0.0135  0.1993  0.044   0.9878 -0.1466  0.0288]
next_obs_state: [ 0.6425  0.0135  0.1993  0.044   0.9878 -0.1466  0.0288]
--------------------------------------------------
Step 613:
obs_state: [ 0.6425  0.0135  0.1993  0.044   0.9878 -0.1466  0.0288]
action: [ 0.6424  0.034   0.1988  0.044   0.9878 -0.1466  0.0289]
next_obs_state: [ 0.6424  0.034   0.1988  0.044   0.9878 -0.1466  0.0289]
--------------------------------------------------
Step 614:
obs_state: [ 0.6424  0.034   0.1988  0.044   0.9878 -0.1466  0.0289]
action: [ 0.6425  0.0544  0.1989  0.0441  0.9878 -0.1467  0.0288]
next_obs_state: [ 0.6425  0.0544  0.1989  0.0441  0.9878 -0.1467  0.0288]
--------------------------------------------------
Step 615:
obs_state: [ 0.6425  0.0544  0.1989  0.0441  0.9878 -0.1467  0.0288]
action: [ 0.6569  0.0453  0.1994  0.0439  0.9878 -0.1466  0.0287]
next_obs_state: [ 0.6569  0.0453  0.1994  0.0439  0.9878 -0.1466  0.0287]
--------------------------------------------------
Step 616:
obs_state: [ 0.6569  0.0453  0.1994  0.0439  0.9878 -0.1466  0.0287]
action: [ 0.6664  0.0469  0.1991  0.0441  0.9878 -0.1466  0.0288]
next_obs_state: [ 0.6664  0.0469  0.1991  0.0441  0.9878 -0.1466  0.0288]
--------------------------------------------------
Step 617:
obs_state: [ 0.6664  0.0469  0.1991  0.0441  0.9878 -0.1466  0.0288]
action: [ 0.6761  0.0487  0.2284  0.0439  0.9878 -0.1466  0.0287]
next_obs_state: [ 0.6761  0.0487  0.2284  0.0439  0.9878 -0.1466  0.0287]
--------------------------------------------------
Step 618:
obs_state: [ 0.6761  0.0487  0.2284  0.0439  0.9878 -0.1466  0.0287]
action: [ 0.6717  0.076   0.2174  0.0443  0.9878 -0.1466  0.0288]
next_obs_state: [ 0.6717  0.076   0.2174  0.0443  0.9878 -0.1466  0.0288]
--------------------------------------------------
Step 619:
obs_state: [ 0.6717  0.076   0.2174  0.0443  0.9878 -0.1466  0.0288]
action: [ 0.6865  0.0962  0.2183  0.044   0.9878 -0.1466  0.0285]
next_obs_state: [ 0.6865  0.0962  0.2183  0.044   0.9878 -0.1466  0.0285]
--------------------------------------------------
Step 620:
obs_state: [ 0.6865  0.0962  0.2183  0.044   0.9878 -0.1466  0.0285]
action: [ 0.6828  0.1144  0.2207  0.0444  0.9878 -0.1466  0.0289]
next_obs_state: [ 0.6828  0.1144  0.2207  0.0444  0.9878 -0.1466  0.0289]
--------------------------------------------------
