Step 0:
obs_state: [[ 0.5551  0.0427  0.1815 -0.0324  0.9904  0.124  -0.0519]]
action: [ 0.5551 -0.0073  0.1815 -0.0324  0.9904  0.124  -0.0519]
next_obs_state: [[ 0.5557  0.0258  0.1818 -0.0327  0.9904  0.1239 -0.0519]]
--------------------------------------------------
Step 1:
obs_state: [[ 0.5557  0.0258  0.1818 -0.0327  0.9904  0.1239 -0.0519]]
action: [ 0.5557 -0.0242  0.1818 -0.0327  0.9904  0.1239 -0.0519]
next_obs_state: [[ 0.5552  0.0104  0.1815 -0.0322  0.9904  0.124  -0.052 ]]
--------------------------------------------------
Step 2:
obs_state: [[ 0.5552  0.0104  0.1815 -0.0322  0.9904  0.124  -0.052 ]]
action: [ 0.5552 -0.0396  0.1815 -0.0322  0.9904  0.124  -0.052 ]
next_obs_state: [[ 0.5555 -0.0179  0.1817 -0.0326  0.9904  0.124  -0.0519]]
--------------------------------------------------
Step 3:
obs_state: [[ 0.5555 -0.0179  0.1817 -0.0326  0.9904  0.124  -0.0519]]
action: [ 0.5555 -0.0679  0.1817 -0.0326  0.9904  0.124  -0.0519]
next_obs_state: [[ 0.5553 -0.0335  0.1816 -0.0322  0.9904  0.124  -0.052 ]]
--------------------------------------------------
Step 4:
obs_state: [[ 0.5553 -0.0335  0.1816 -0.0322  0.9904  0.124  -0.052 ]]
action: [ 0.5553 -0.0835  0.1816 -0.0322  0.9904  0.124  -0.052 ]
next_obs_state: [[ 0.5553 -0.0571  0.1817 -0.0324  0.9904  0.124  -0.0519]]
--------------------------------------------------
Step 5:
obs_state: [[ 0.5553 -0.0571  0.1817 -0.0324  0.9904  0.124  -0.0519]]
action: [ 0.5553 -0.1071  0.1817 -0.0324  0.9904  0.124  -0.0519]
next_obs_state: [[ 0.5553 -0.0766  0.1817 -0.0321  0.9904  0.124  -0.052 ]]
--------------------------------------------------
Step 6:
obs_state: [[ 0.5553 -0.0766  0.1817 -0.0321  0.9904  0.124  -0.052 ]]
action: [ 0.5553 -0.1266  0.1817 -0.0321  0.9904  0.124  -0.052 ]
next_obs_state: [[ 0.5553 -0.098   0.1818 -0.0323  0.9904  0.124  -0.052 ]]
--------------------------------------------------
Step 7:
obs_state: [[ 0.5553 -0.098   0.1818 -0.0323  0.9904  0.124  -0.052 ]]
action: [ 0.5553 -0.148   0.1818 -0.0323  0.9904  0.124  -0.052 ]
next_obs_state: [[ 0.5552 -0.1188  0.1818 -0.0321  0.9904  0.124  -0.052 ]]
--------------------------------------------------
Step 8:
obs_state: [[ 0.5552 -0.1188  0.1818 -0.0321  0.9904  0.124  -0.052 ]]
action: [ 0.5552 -0.1688  0.1818 -0.0321  0.9904  0.124  -0.052 ]
next_obs_state: [[ 0.5552 -0.1395  0.1819 -0.0322  0.9904  0.124  -0.052 ]]
--------------------------------------------------
Step 9:
obs_state: [[ 0.5552 -0.1395  0.1819 -0.0322  0.9904  0.124  -0.052 ]]
action: [ 0.5552 -0.1895  0.1819 -0.0322  0.9904  0.124  -0.052 ]
next_obs_state: [[ 0.5551 -0.1606  0.1819 -0.032   0.9904  0.124  -0.052 ]]
--------------------------------------------------
Step 10:
obs_state: [[ 0.5551 -0.1606  0.1819 -0.032   0.9904  0.124  -0.052 ]]
action: [ 0.5801 -0.2106  0.1819 -0.032   0.9904  0.124  -0.052 ]
next_obs_state: [[ 0.5551 -0.1809  0.182  -0.0321  0.9904  0.124  -0.052 ]]
--------------------------------------------------
Step 11:
obs_state: [[ 0.5551 -0.1809  0.182  -0.0321  0.9904  0.124  -0.052 ]]
action: [ 0.5801 -0.2309  0.182  -0.0321  0.9904  0.124  -0.052 ]
next_obs_state: [[ 0.5706 -0.2021  0.1825 -0.0319  0.9904  0.124  -0.0519]]
--------------------------------------------------
Step 12:
obs_state: [[ 0.5706 -0.2021  0.1825 -0.0319  0.9904  0.124  -0.0519]]
action: [ 0.5956 -0.2521  0.1825 -0.0319  0.9904  0.124  -0.0519]
next_obs_state: [[ 0.5792 -0.2228  0.1823 -0.032   0.9904  0.124  -0.052 ]]
--------------------------------------------------
Step 13:
obs_state: [[ 0.5792 -0.2228  0.1823 -0.032   0.9904  0.124  -0.052 ]]
action: [ 0.6042 -0.2228  0.1823 -0.032   0.9904  0.124  -0.052 ]
next_obs_state: [[ 0.5894 -0.2433  0.1828 -0.0318  0.9904  0.124  -0.0518]]
--------------------------------------------------
Step 14:
obs_state: [[ 0.5894 -0.2433  0.1828 -0.0318  0.9904  0.124  -0.0518]]
action: [ 0.6144 -0.2433  0.1828 -0.0318  0.9904  0.124  -0.0518]
next_obs_state: [[ 0.6004 -0.2329  0.1825 -0.0321  0.9904  0.124  -0.052 ]]
--------------------------------------------------
Step 15:
obs_state: [[ 0.6004 -0.2329  0.1825 -0.0321  0.9904  0.124  -0.052 ]]
action: [ 0.6254 -0.2329  0.1575 -0.0321  0.9904  0.124  -0.052 ]
next_obs_state: [[ 0.6102 -0.2365  0.1829 -0.0317  0.9904  0.124  -0.0518]]
--------------------------------------------------
Step 16:
obs_state: [[ 0.6102 -0.2365  0.1829 -0.0317  0.9904  0.124  -0.0518]]
action: [ 0.6352 -0.2365  0.1579 -0.0317  0.9904  0.124  -0.0518]
next_obs_state: [[ 0.6202 -0.2361  0.1673 -0.0321  0.9904  0.124  -0.0519]]
--------------------------------------------------
Step 17:
obs_state: [[ 0.6202 -0.2361  0.1673 -0.0321  0.9904  0.124  -0.0519]]
action: [ 0.6452 -0.2361  0.1423 -0.0321  0.9904  0.124  -0.0519]
next_obs_state: [[ 0.6311 -0.2353  0.1588 -0.0317  0.9904  0.124  -0.0517]]
--------------------------------------------------
Step 18:
obs_state: [[ 0.6311 -0.2353  0.1588 -0.0317  0.9904  0.124  -0.0517]]
action: [ 0.6561 -0.2353  0.1338 -0.0317  0.9904  0.124  -0.0517]
next_obs_state: [[ 0.6406 -0.236   0.1485 -0.032   0.9904  0.124  -0.0518]]
--------------------------------------------------
Step 19:
obs_state: [[ 0.6406 -0.236   0.1485 -0.032   0.9904  0.124  -0.0518]]
action: [ 0.6406 -0.236   0.1235 -0.032   0.9904  0.124  -0.0518]
next_obs_state: [[ 0.6515 -0.2355  0.1376 -0.0317  0.9904  0.124  -0.0516]]
--------------------------------------------------
Step 20:
obs_state: [[ 0.6515 -0.2355  0.1376 -0.0317  0.9904  0.124  -0.0516]]
action: [ 0.6515 -0.2355  0.1126 -0.0317  0.9904  0.124  -0.0516]
next_obs_state: [[ 0.6457 -0.2357  0.1273 -0.032   0.9904  0.124  -0.0518]]
--------------------------------------------------
Step 21:
obs_state: [[ 0.6457 -0.2357  0.1273 -0.032   0.9904  0.124  -0.0518]]
action: [ 0.6457 -0.2357  0.1023 -0.032   0.9904  0.124  -0.0518]
next_obs_state: [[ 0.6474 -0.2356  0.1172 -0.0317  0.9904  0.124  -0.0515]]
--------------------------------------------------
Step 22:
obs_state: [[ 0.6474 -0.2356  0.1172 -0.0317  0.9904  0.124  -0.0515]]
action: [ 0.6474 -0.2356  0.0922 -0.0317  0.9904  0.124  -0.0515]
next_obs_state: [[ 0.6473 -0.2355  0.1064 -0.032   0.9904  0.1239 -0.0518]]
--------------------------------------------------
Step 23:
obs_state: [[ 0.6473 -0.2355  0.1064 -0.032   0.9904  0.1239 -0.0518]]
action: [ 0.6473 -0.2355  0.0814 -0.032   0.9904  0.1239 -0.0518]
next_obs_state: [[ 0.6467 -0.2355  0.0962 -0.0317  0.9904  0.1241 -0.0515]]
--------------------------------------------------
Step 24:
obs_state: [[ 0.6467 -0.2355  0.0962 -0.0317  0.9904  0.1241 -0.0515]]
action: [ 0.6467 -0.1855  0.0712 -0.0317  0.9904  0.1241 -0.0515]
next_obs_state: [[ 0.647  -0.2355  0.0859 -0.032   0.9904  0.1239 -0.0518]]
--------------------------------------------------
Step 25:
obs_state: [[ 0.647  -0.2355  0.0859 -0.032   0.9904  0.1239 -0.0518]]
action: [ 0.647  -0.2355  0.0609 -0.032   0.9904  0.1239 -0.0518]
next_obs_state: [[ 0.6467 -0.2038  0.075  -0.032   0.9904  0.1241 -0.0515]]
--------------------------------------------------
Step 26:
obs_state: [[ 0.6467 -0.2038  0.075  -0.032   0.9904  0.1241 -0.0515]]
action: [ 0.6467 -0.2038  0.05   -0.032   0.9904  0.1241 -0.0515]
next_obs_state: [[ 0.6467 -0.2189  0.0651 -0.0317  0.9904  0.124  -0.0517]]
--------------------------------------------------
Step 27:
obs_state: [[ 0.6467 -0.2189  0.0651 -0.0317  0.9904  0.124  -0.0517]]
action: [ 0.6467 -0.2189  0.0401 -0.0317  0.9904  0.124  -0.0517]
next_obs_state: [[ 0.6466 -0.2142  0.0543 -0.0321  0.9904  0.124  -0.0515]]
--------------------------------------------------
Step 28:
obs_state: [[ 0.6466 -0.2142  0.0543 -0.0321  0.9904  0.124  -0.0515]]
action: [ 0.6466 -0.2142  0.0293 -0.0321  0.9904  0.124  -0.0515]
next_obs_state: [[ 0.6464 -0.2141  0.0442 -0.0317  0.9904  0.124  -0.0517]]
--------------------------------------------------
Step 29:
obs_state: [[ 0.6464 -0.2141  0.0442 -0.0317  0.9904  0.124  -0.0517]]
action: [ 0.6464 -0.2141  0.0442 -0.0317  0.9904  0.124  -0.0517]
next_obs_state: [[ 0.6464 -0.2155  0.0338 -0.032   0.9904  0.1243 -0.0515]]
--------------------------------------------------
Step 30:
obs_state: [[ 0.6464 -0.2155  0.0338 -0.032   0.9904  0.1243 -0.0515]]
action: [ 0.6464 -0.2155  0.0838 -0.032   0.9904  0.1243 -0.0515]
next_obs_state: [[ 0.6467 -0.2143  0.0391 -0.0317  0.9904  0.124  -0.0517]]
--------------------------------------------------
Step 31:
obs_state: [[ 0.6467 -0.2143  0.0391 -0.0317  0.9904  0.124  -0.0517]]
action: [ 0.6467 -0.2143  0.0891 -0.0317  0.9904  0.124  -0.0517]
next_obs_state: [[ 0.6472 -0.2153  0.0695 -0.032   0.9904  0.1242 -0.0515]]
--------------------------------------------------
Step 32:
obs_state: [[ 0.6472 -0.2153  0.0695 -0.032   0.9904  0.1242 -0.0515]]
action: [ 0.6472 -0.2153  0.1195 -0.032   0.9904  0.1242 -0.0515]
next_obs_state: [[ 0.6469 -0.2149  0.0858 -0.0318  0.9904  0.124  -0.0517]]
--------------------------------------------------
Step 33:
obs_state: [[ 0.6469 -0.2149  0.0858 -0.0318  0.9904  0.124  -0.0517]]
action: [ 0.6469 -0.2149  0.1358 -0.0318  0.9904  0.124  -0.0517]
next_obs_state: [[ 0.6476 -0.2151  0.1081 -0.032   0.9904  0.1242 -0.0516]]
--------------------------------------------------
Step 34:
obs_state: [[ 0.6476 -0.2151  0.1081 -0.032   0.9904  0.1242 -0.0516]]
action: [ 0.6476 -0.1651  0.1581 -0.032   0.9904  0.1242 -0.0516]
next_obs_state: [[ 0.6475 -0.2152  0.1289 -0.0318  0.9904  0.124  -0.0517]]
--------------------------------------------------
Step 35:
obs_state: [[ 0.6475 -0.2152  0.1289 -0.0318  0.9904  0.124  -0.0517]]
action: [ 0.6475 -0.1652  0.1789 -0.0318  0.9904  0.124  -0.0517]
next_obs_state: [[ 0.648  -0.1839  0.149  -0.0322  0.9904  0.1241 -0.0516]]
--------------------------------------------------
Step 36:
obs_state: [[ 0.648  -0.1839  0.149  -0.0322  0.9904  0.1241 -0.0516]]
action: [ 0.648  -0.1339  0.199  -0.0322  0.9904  0.1241 -0.0516]
next_obs_state: [[ 0.648  -0.1667  0.1705 -0.0319  0.9904  0.124  -0.0517]]
--------------------------------------------------
Step 37:
obs_state: [[ 0.648  -0.1667  0.1705 -0.0319  0.9904  0.124  -0.0517]]
action: [ 0.648  -0.1167  0.2205 -0.0319  0.9904  0.124  -0.0517]
next_obs_state: [[ 0.6484 -0.1454  0.1909 -0.0324  0.9904  0.1241 -0.0516]]
--------------------------------------------------
Step 38:
obs_state: [[ 0.6484 -0.1454  0.1909 -0.0324  0.9904  0.1241 -0.0516]]
action: [ 0.6484 -0.0954  0.1909 -0.0324  0.9904  0.1241 -0.0516]
next_obs_state: [[ 0.6485 -0.1236  0.2123 -0.032   0.9904  0.124  -0.0518]]
--------------------------------------------------
Step 39:
obs_state: [[ 0.6485 -0.1236  0.2123 -0.032   0.9904  0.124  -0.0518]]
action: [ 0.6485 -0.0736  0.2123 -0.032   0.9904  0.124  -0.0518]
next_obs_state: [[ 0.6479 -0.1035  0.2008 -0.0324  0.9904  0.1241 -0.0516]]
--------------------------------------------------
Step 40:
obs_state: [[ 0.6479 -0.1035  0.2008 -0.0324  0.9904  0.1241 -0.0516]]
action: [ 0.6479 -0.0535  0.2008 -0.0324  0.9904  0.1241 -0.0516]
next_obs_state: [[ 0.6487 -0.0823  0.2053 -0.0322  0.9904  0.1241 -0.0518]]
--------------------------------------------------
Step 41:
obs_state: [[ 0.6487 -0.0823  0.2053 -0.0322  0.9904  0.1241 -0.0518]]
action: [ 0.6487 -0.0323  0.2053 -0.0322  0.9904  0.1241 -0.0518]
next_obs_state: [[ 0.648  -0.0615  0.2043 -0.0325  0.9904  0.1241 -0.0516]]
--------------------------------------------------
Step 42:
obs_state: [[ 0.648  -0.0615  0.2043 -0.0325  0.9904  0.1241 -0.0516]]
action: [ 0.648  -0.0115  0.2043 -0.0325  0.9904  0.1241 -0.0516]
next_obs_state: [[ 0.6486 -0.0406  0.2039 -0.0323  0.9904  0.1241 -0.0517]]
--------------------------------------------------
Step 43:
obs_state: [[ 0.6486 -0.0406  0.2039 -0.0323  0.9904  0.1241 -0.0517]]
action: [ 0.6486  0.0094  0.2039 -0.0323  0.9904  0.1241 -0.0517]
next_obs_state: [[ 0.6483 -0.02    0.2045 -0.0326  0.9904  0.1241 -0.0516]]
--------------------------------------------------
Step 44:
obs_state: [[ 0.6483 -0.02    0.2045 -0.0326  0.9904  0.1241 -0.0516]]
action: [ 0.6483  0.03    0.2045 -0.0326  0.9904  0.1241 -0.0516]
next_obs_state: [[ 0.6484  0.0011  0.2041 -0.0324  0.9904  0.1241 -0.0517]]
--------------------------------------------------
Step 45:
obs_state: [[ 0.6484  0.0011  0.2041 -0.0324  0.9904  0.1241 -0.0517]]
action: [ 0.6484  0.0511  0.2041 -0.0324  0.9904  0.1241 -0.0517]
next_obs_state: [[ 0.6484  0.0215  0.2043 -0.0326  0.9904  0.1241 -0.0516]]
--------------------------------------------------
Step 46:
obs_state: [[ 0.6484  0.0215  0.2043 -0.0326  0.9904  0.1241 -0.0516]]
action: [ 0.6734  0.0715  0.2043 -0.0326  0.9904  0.1241 -0.0516]
next_obs_state: [[ 0.6483  0.0428  0.2042 -0.0325  0.9904  0.1241 -0.0516]]
--------------------------------------------------
Step 47:
obs_state: [[ 0.6483  0.0428  0.2042 -0.0325  0.9904  0.1241 -0.0516]]
action: [ 0.6733  0.0928  0.2042 -0.0325  0.9904  0.1241 -0.0516]
next_obs_state: [[ 0.664   0.0635  0.2046 -0.0327  0.9904  0.1241 -0.0514]]
--------------------------------------------------
Step 48:
obs_state: [[ 0.5551  0.0427  0.1815 -0.0324  0.9904  0.124  -0.0519]]
action: [ 0.5551 -0.0073  0.1815 -0.0324  0.9904  0.124  -0.0519]
next_obs_state: [[ 0.5718  0.0496  0.1829 -0.0324  0.9904  0.124  -0.0522]]
--------------------------------------------------
Step 49:
obs_state: [[ 0.5718  0.0496  0.1829 -0.0324  0.9904  0.124  -0.0522]]
action: [ 5.7184e-01 -4.2421e-04  1.8294e-01 -3.2372e-02  9.9038e-01  1.2397e-01
 -5.2195e-02]
next_obs_state: [[ 0.5554  0.0109  0.1815 -0.0322  0.9904  0.1239 -0.0519]]
--------------------------------------------------
Step 50:
obs_state: [[ 0.5554  0.0109  0.1815 -0.0322  0.9904  0.1239 -0.0519]]
action: [ 0.5554 -0.0391  0.1815 -0.0322  0.9904  0.1239 -0.0519]
next_obs_state: [[ 0.5653 -0.0017  0.1827 -0.0324  0.9903  0.1244 -0.0521]]
--------------------------------------------------
Step 51:
obs_state: [[ 0.5653 -0.0017  0.1827 -0.0324  0.9903  0.1244 -0.0521]]
action: [ 0.5653 -0.0517  0.1827 -0.0324  0.9903  0.1244 -0.0521]
next_obs_state: [[ 0.561  -0.0249  0.1818 -0.0321  0.9904  0.124  -0.052 ]]
--------------------------------------------------
Step 52:
obs_state: [[ 0.561  -0.0249  0.1818 -0.0321  0.9904  0.124  -0.052 ]]
action: [ 0.561  -0.0749  0.1818 -0.0321  0.9904  0.124  -0.052 ]
next_obs_state: [[ 0.5621 -0.0461  0.1824 -0.0323  0.9903  0.1244 -0.052 ]]
--------------------------------------------------
Step 53:
obs_state: [[ 0.5621 -0.0461  0.1824 -0.0323  0.9903  0.1244 -0.052 ]]
action: [ 0.5621 -0.0961  0.1824 -0.0323  0.9903  0.1244 -0.052 ]
next_obs_state: [[ 0.5623 -0.0659  0.1822 -0.032   0.9904  0.124  -0.0521]]
--------------------------------------------------
Step 54:
obs_state: [[ 0.5623 -0.0659  0.1822 -0.032   0.9904  0.124  -0.0521]]
action: [ 0.5623 -0.1159  0.1822 -0.032   0.9904  0.124  -0.0521]
next_obs_state: [[ 0.5617 -0.0877  0.1823 -0.0322  0.9904  0.1243 -0.0521]]
--------------------------------------------------
Step 55:
obs_state: [[ 0.5617 -0.0877  0.1823 -0.0322  0.9904  0.1243 -0.0521]]
action: [ 0.5617 -0.1377  0.1823 -0.0322  0.9904  0.1243 -0.0521]
next_obs_state: [[ 0.5621 -0.1081  0.1824 -0.032   0.9904  0.124  -0.0521]]
--------------------------------------------------
Step 56:
obs_state: [[ 0.5621 -0.1081  0.1824 -0.032   0.9904  0.124  -0.0521]]
action: [ 0.5621 -0.1581  0.1824 -0.032   0.9904  0.124  -0.0521]
next_obs_state: [[ 0.5618 -0.1291  0.1824 -0.0321  0.9904  0.1243 -0.0521]]
--------------------------------------------------
Step 57:
obs_state: [[ 0.5618 -0.1291  0.1824 -0.0321  0.9904  0.1243 -0.0521]]
action: [ 0.5618 -0.1791  0.1824 -0.0321  0.9904  0.1243 -0.0521]
next_obs_state: [[ 0.5619 -0.15    0.1825 -0.0319  0.9904  0.1241 -0.0521]]
--------------------------------------------------
Step 58:
obs_state: [[ 0.5619 -0.15    0.1825 -0.0319  0.9904  0.1241 -0.0521]]
action: [ 0.5619 -0.2     0.1825 -0.0319  0.9904  0.1241 -0.0521]
next_obs_state: [[ 0.5618 -0.1705  0.1825 -0.032   0.9904  0.1243 -0.0521]]
--------------------------------------------------
Step 59:
obs_state: [[ 0.5618 -0.1705  0.1825 -0.032   0.9904  0.1243 -0.0521]]
action: [ 0.5618 -0.2205  0.1825 -0.032   0.9904  0.1243 -0.0521]
next_obs_state: [[ 0.5618 -0.1916  0.1826 -0.0318  0.9904  0.1241 -0.0521]]
--------------------------------------------------
Step 60:
obs_state: [[ 0.5618 -0.1916  0.1826 -0.0318  0.9904  0.1241 -0.0521]]
action: [ 0.5868 -0.2416  0.1826 -0.0318  0.9904  0.1241 -0.0521]
next_obs_state: [[ 0.5617 -0.2124  0.1827 -0.0319  0.9904  0.1243 -0.0521]]
--------------------------------------------------
Step 61:
obs_state: [[ 0.5617 -0.2124  0.1827 -0.0319  0.9904  0.1243 -0.0521]]
action: [ 0.5867 -0.2124  0.1827 -0.0319  0.9904  0.1243 -0.0521]
next_obs_state: [[ 0.577  -0.2329  0.1832 -0.0317  0.9904  0.1241 -0.052 ]]
--------------------------------------------------
Step 62:
obs_state: [[ 0.577  -0.2329  0.1832 -0.0317  0.9904  0.1241 -0.052 ]]
action: [ 0.602  -0.2329  0.1582 -0.0317  0.9904  0.1241 -0.052 ]
next_obs_state: [[ 0.5859 -0.2225  0.1827 -0.032   0.9904  0.1243 -0.0521]]
--------------------------------------------------
Step 63:
obs_state: [[ 0.5859 -0.2225  0.1827 -0.032   0.9904  0.1243 -0.0521]]
action: [ 0.6109 -0.2225  0.1577 -0.032   0.9904  0.1243 -0.0521]
next_obs_state: [[ 0.5958 -0.2259  0.1674 -0.0316  0.9904  0.1241 -0.0519]]
--------------------------------------------------
Step 64:
obs_state: [[ 0.5958 -0.2259  0.1674 -0.0316  0.9904  0.1241 -0.0519]]
action: [ 0.6208 -0.2259  0.1424 -0.0316  0.9904  0.1241 -0.0519]
next_obs_state: [[ 0.6069 -0.2258  0.1589 -0.032   0.9904  0.1243 -0.052 ]]
--------------------------------------------------
Step 65:
obs_state: [[ 0.6069 -0.2258  0.1589 -0.032   0.9904  0.1243 -0.052 ]]
action: [ 0.6319 -0.2258  0.1339 -0.032   0.9904  0.1243 -0.052 ]
next_obs_state: [[ 0.6164 -0.2247  0.1483 -0.0316  0.9904  0.1241 -0.0518]]
--------------------------------------------------
Step 66:
obs_state: [[ 0.6164 -0.2247  0.1483 -0.0316  0.9904  0.1241 -0.0518]]
action: [ 0.6414 -0.2247  0.1233 -0.0316  0.9904  0.1241 -0.0518]
next_obs_state: [[ 0.6269 -0.2256  0.1379 -0.0319  0.9904  0.1243 -0.0519]]
--------------------------------------------------
Step 67:
obs_state: [[ 0.6269 -0.2256  0.1379 -0.0319  0.9904  0.1243 -0.0519]]
action: [ 0.6519 -0.2256  0.1129 -0.0319  0.9904  0.1243 -0.0519]
next_obs_state: [[ 0.6371 -0.225   0.1277 -0.0316  0.9904  0.1241 -0.0518]]
--------------------------------------------------
Step 68:
obs_state: [[ 0.6371 -0.225   0.1277 -0.0316  0.9904  0.1241 -0.0518]]
action: [ 0.6371 -0.225   0.1027 -0.0316  0.9904  0.1241 -0.0518]
next_obs_state: [[ 0.6474 -0.2252  0.1173 -0.0318  0.9904  0.1243 -0.0518]]
--------------------------------------------------
Step 69:
obs_state: [[ 0.6474 -0.2252  0.1173 -0.0318  0.9904  0.1243 -0.0518]]
action: [ 0.6474 -0.1752  0.0923 -0.0318  0.9904  0.1243 -0.0518]
next_obs_state: [[ 0.6422 -0.2251  0.1068 -0.0317  0.9904  0.1241 -0.0519]]
--------------------------------------------------
Step 70:
obs_state: [[ 0.6422 -0.2251  0.1068 -0.0317  0.9904  0.1241 -0.0519]]
action: [ 0.6422 -0.2251  0.0818 -0.0317  0.9904  0.1241 -0.0519]
next_obs_state: [[ 0.6438 -0.1934  0.0964 -0.032   0.9904  0.1243 -0.0517]]
--------------------------------------------------
Step 71:
obs_state: [[ 0.6438 -0.1934  0.0964 -0.032   0.9904  0.1243 -0.0517]]
action: [ 0.6438 -0.1934  0.0714 -0.032   0.9904  0.1243 -0.0517]
next_obs_state: [[ 0.6437 -0.2081  0.0861 -0.0314  0.9904  0.1241 -0.0517]]
--------------------------------------------------
Step 72:
obs_state: [[ 0.6437 -0.2081  0.0861 -0.0314  0.9904  0.1241 -0.0517]]
action: [ 0.6437 -0.2081  0.0611 -0.0314  0.9904  0.1241 -0.0517]
next_obs_state: [[ 0.6431 -0.2038  0.0755 -0.0321  0.9904  0.1242 -0.0517]]
--------------------------------------------------
Step 73:
obs_state: [[ 0.6431 -0.2038  0.0755 -0.0321  0.9904  0.1242 -0.0517]]
action: [ 0.6431 -0.2038  0.0505 -0.0321  0.9904  0.1242 -0.0517]
next_obs_state: [[ 0.6434 -0.2034  0.0653 -0.0313  0.9904  0.1241 -0.0517]]
--------------------------------------------------
Step 74:
obs_state: [[ 0.6434 -0.2034  0.0653 -0.0313  0.9904  0.1241 -0.0517]]
action: [ 0.6434 -0.2034  0.0403 -0.0313  0.9904  0.1241 -0.0517]
next_obs_state: [[ 0.6431 -0.205   0.0551 -0.0321  0.9904  0.1243 -0.0517]]
--------------------------------------------------
Step 75:
obs_state: [[ 0.6431 -0.205   0.0551 -0.0321  0.9904  0.1243 -0.0517]]
action: [ 0.6431 -0.205   0.0301 -0.0321  0.9904  0.1243 -0.0517]
next_obs_state: [[ 0.643  -0.2036  0.0444 -0.0314  0.9904  0.1241 -0.0516]]
--------------------------------------------------
Step 76:
obs_state: [[ 0.643  -0.2036  0.0444 -0.0314  0.9904  0.1241 -0.0516]]
action: [ 0.643  -0.2036  0.0444 -0.0314  0.9904  0.1241 -0.0516]
next_obs_state: [[ 0.6429 -0.2044  0.0342 -0.032   0.9904  0.1243 -0.0517]]
--------------------------------------------------
Step 77:
obs_state: [[ 0.6429 -0.2044  0.0342 -0.032   0.9904  0.1243 -0.0517]]
action: [ 0.6429 -0.2044  0.0842 -0.032   0.9904  0.1243 -0.0517]
next_obs_state: [[ 0.6433 -0.2042  0.0393 -0.0315  0.9904  0.1241 -0.0517]]
--------------------------------------------------
Step 78:
obs_state: [[ 0.6433 -0.2042  0.0393 -0.0315  0.9904  0.1241 -0.0517]]
action: [ 0.6433 -0.2042  0.0893 -0.0315  0.9904  0.1241 -0.0517]
next_obs_state: [[ 0.6437 -0.2043  0.069  -0.032   0.9904  0.1242 -0.0517]]
--------------------------------------------------
Step 79:
obs_state: [[ 0.6437 -0.2043  0.069  -0.032   0.9904  0.1242 -0.0517]]
action: [ 0.6437 -0.2043  0.119  -0.032   0.9904  0.1242 -0.0517]
next_obs_state: [[ 0.6435 -0.2044  0.0861 -0.0315  0.9904  0.1241 -0.0517]]
--------------------------------------------------
Step 80:
obs_state: [[ 0.6435 -0.2044  0.0861 -0.0315  0.9904  0.1241 -0.0517]]
action: [ 0.6435 -0.2044  0.1361 -0.0315  0.9904  0.1241 -0.0517]
next_obs_state: [[ 0.6441 -0.2045  0.1074 -0.0319  0.9904  0.1242 -0.0518]]
--------------------------------------------------
Step 81:
obs_state: [[ 0.6441 -0.2045  0.1074 -0.0319  0.9904  0.1242 -0.0518]]
action: [ 0.6441 -0.1545  0.1574 -0.0319  0.9904  0.1242 -0.0518]
next_obs_state: [[ 0.6441 -0.2045  0.1289 -0.0316  0.9904  0.1241 -0.0517]]
--------------------------------------------------
Step 82:
obs_state: [[ 0.6441 -0.2045  0.1289 -0.0316  0.9904  0.1241 -0.0517]]
action: [ 0.6441 -0.1545  0.1789 -0.0316  0.9904  0.1241 -0.0517]
next_obs_state: [[ 0.6445 -0.174   0.1483 -0.0321  0.9904  0.1241 -0.0518]]
--------------------------------------------------
Step 83:
obs_state: [[ 0.6445 -0.174   0.1483 -0.0321  0.9904  0.1241 -0.0518]]
action: [ 0.6445 -0.124   0.1483 -0.0321  0.9904  0.1241 -0.0518]
next_obs_state: [[ 0.6446 -0.156   0.1702 -0.0317  0.9904  0.1241 -0.0517]]
--------------------------------------------------
Step 84:
obs_state: [[ 0.6446 -0.156   0.1702 -0.0317  0.9904  0.1241 -0.0517]]
action: [ 0.6446 -0.106   0.1702 -0.0317  0.9904  0.1241 -0.0517]
next_obs_state: [[ 0.644  -0.1351  0.1585 -0.0322  0.9904  0.1241 -0.0517]]
--------------------------------------------------
Step 85:
obs_state: [[ 0.644  -0.1351  0.1585 -0.0322  0.9904  0.1241 -0.0517]]
action: [ 0.644  -0.0851  0.1585 -0.0322  0.9904  0.1241 -0.0517]
next_obs_state: [[ 0.6449 -0.1138  0.1628 -0.0318  0.9904  0.1241 -0.0518]]
--------------------------------------------------
Step 86:
obs_state: [[ 0.6449 -0.1138  0.1628 -0.0318  0.9904  0.1241 -0.0518]]
action: [ 0.6449 -0.0638  0.1628 -0.0318  0.9904  0.1241 -0.0518]
next_obs_state: [[ 0.6441 -0.0932  0.1621 -0.0323  0.9904  0.1241 -0.0517]]
--------------------------------------------------
Step 87:
obs_state: [[ 0.6441 -0.0932  0.1621 -0.0323  0.9904  0.1241 -0.0517]]
action: [ 0.6441 -0.0432  0.1621 -0.0323  0.9904  0.1241 -0.0517]
next_obs_state: [[ 0.6448 -0.0721  0.1615 -0.0319  0.9904  0.1241 -0.0516]]
--------------------------------------------------
Step 88:
obs_state: [[ 0.6448 -0.0721  0.1615 -0.0319  0.9904  0.1241 -0.0516]]
action: [ 0.6448 -0.0221  0.1615 -0.0319  0.9904  0.1241 -0.0516]
next_obs_state: [[ 0.6444 -0.0518  0.1622 -0.0323  0.9904  0.1241 -0.0517]]
--------------------------------------------------
Step 89:
obs_state: [[ 0.6444 -0.0518  0.1622 -0.0323  0.9904  0.1241 -0.0517]]
action: [ 0.6444 -0.0018  0.1622 -0.0323  0.9904  0.1241 -0.0517]
next_obs_state: [[ 0.6445 -0.0304  0.1617 -0.032   0.9904  0.1241 -0.0516]]
--------------------------------------------------
Step 90:
obs_state: [[ 0.6445 -0.0304  0.1617 -0.032   0.9904  0.1241 -0.0516]]
action: [ 0.6445  0.0196  0.1617 -0.032   0.9904  0.1241 -0.0516]
next_obs_state: [[ 0.6445 -0.0103  0.1619 -0.0324  0.9904  0.1241 -0.0517]]
--------------------------------------------------
Step 91:
obs_state: [[ 0.6445 -0.0103  0.1619 -0.0324  0.9904  0.1241 -0.0517]]
action: [ 0.6445  0.0397  0.1619 -0.0324  0.9904  0.1241 -0.0517]
next_obs_state: [[ 0.6445  0.0111  0.1618 -0.0322  0.9904  0.1241 -0.0516]]
--------------------------------------------------
Step 92:
obs_state: [[ 0.6445  0.0111  0.1618 -0.0322  0.9904  0.1241 -0.0516]]
action: [ 0.6445  0.0611  0.1618 -0.0322  0.9904  0.1241 -0.0516]
next_obs_state: [[ 0.6445  0.0318  0.1618 -0.0324  0.9904  0.1241 -0.0517]]
--------------------------------------------------
Step 93:
obs_state: [[ 0.6445  0.0318  0.1618 -0.0324  0.9904  0.1241 -0.0517]]
action: [ 0.6695  0.0318  0.1618 -0.0324  0.9904  0.1241 -0.0517]
next_obs_state: [[ 0.6445  0.0523  0.1619 -0.0323  0.9904  0.1241 -0.0516]]
--------------------------------------------------
Step 94:
obs_state: [[ 0.6445  0.0523  0.1619 -0.0323  0.9904  0.1241 -0.0516]]
action: [ 0.6695  0.0523  0.1619 -0.0323  0.9904  0.1241 -0.0516]
next_obs_state: [[ 0.6601  0.0418  0.1623 -0.0323  0.9904  0.1241 -0.0516]]
--------------------------------------------------
Step 95:
obs_state: [[ 0.6601  0.0418  0.1623 -0.0323  0.9904  0.1241 -0.0516]]
action: [ 0.6851  0.0418  0.2123 -0.0323  0.9904  0.1241 -0.0516]
next_obs_state: [[ 0.6686  0.0451  0.162  -0.0324  0.9904  0.1241 -0.0516]]
--------------------------------------------------
Step 96:
obs_state: [[ 0.6686  0.0451  0.162  -0.0324  0.9904  0.1241 -0.0516]]
action: [ 0.6936  0.0451  0.212  -0.0324  0.9904  0.1241 -0.0516]
next_obs_state: [[ 0.6801  0.0451  0.1947 -0.0322  0.9904  0.1238 -0.0516]]
--------------------------------------------------
Step 97:
obs_state: [[ 0.6801  0.0451  0.1947 -0.0322  0.9904  0.1238 -0.0516]]
action: [ 0.7051  0.0951  0.1947 -0.0322  0.9904  0.1238 -0.0516]
next_obs_state: [[ 0.6901  0.0441  0.2109 -0.0324  0.9904  0.1241 -0.0515]]
--------------------------------------------------
Step 98:
obs_state: [[ 0.6901  0.0441  0.2109 -0.0324  0.9904  0.1241 -0.0515]]
action: [ 0.7151  0.0941  0.2109 -0.0324  0.9904  0.1241 -0.0515]
next_obs_state: [[ 0.6997  0.0761  0.2014 -0.0325  0.9904  0.1238 -0.0515]]
--------------------------------------------------
Step 99:
obs_state: [[ 0.5551  0.0427  0.1815 -0.0324  0.9904  0.124  -0.0519]]
action: [ 0.5551 -0.0073  0.1815 -0.0324  0.9904  0.124  -0.0519]
next_obs_state: [[ 0.5765  0.0494  0.1831 -0.0324  0.9904  0.124  -0.0523]]
--------------------------------------------------
Step 100:
obs_state: [[ 0.5765  0.0494  0.1831 -0.0324  0.9904  0.124  -0.0523]]
action: [ 5.7653e-01 -5.9802e-04  1.8308e-01 -3.2379e-02  9.9038e-01  1.2397e-01
 -5.2280e-02]
next_obs_state: [[ 0.5553  0.011   0.1815 -0.0322  0.9904  0.1239 -0.052 ]]
--------------------------------------------------
Step 101:
obs_state: [[ 0.5553  0.011   0.1815 -0.0322  0.9904  0.1239 -0.052 ]]
action: [ 0.5553 -0.039   0.1815 -0.0322  0.9904  0.1239 -0.052 ]
next_obs_state: [[ 0.5685 -0.0018  0.1829 -0.0324  0.9903  0.1244 -0.0521]]
--------------------------------------------------
Step 102:
obs_state: [[ 0.5685 -0.0018  0.1829 -0.0324  0.9903  0.1244 -0.0521]]
action: [ 0.5685 -0.0518  0.1829 -0.0324  0.9903  0.1244 -0.0521]
next_obs_state: [[ 0.5629 -0.0244  0.1818 -0.0321  0.9904  0.124  -0.0521]]
--------------------------------------------------
Step 103:
obs_state: [[ 0.5629 -0.0244  0.1818 -0.0321  0.9904  0.124  -0.0521]]
action: [ 0.5629 -0.0744  0.1818 -0.0321  0.9904  0.124  -0.0521]
next_obs_state: [[ 0.5642 -0.046   0.1826 -0.0323  0.9903  0.1243 -0.052 ]]
--------------------------------------------------
Step 104:
obs_state: [[ 0.5642 -0.046   0.1826 -0.0323  0.9903  0.1243 -0.052 ]]
action: [ 0.5642 -0.096   0.1826 -0.0323  0.9903  0.1243 -0.052 ]
next_obs_state: [[ 0.5644 -0.0658  0.1822 -0.0321  0.9904  0.124  -0.0523]]
--------------------------------------------------
Step 105:
obs_state: [[ 0.5644 -0.0658  0.1822 -0.0321  0.9904  0.124  -0.0523]]
action: [ 0.5644 -0.1158  0.1822 -0.0321  0.9904  0.124  -0.0523]
next_obs_state: [[ 0.5638 -0.0877  0.1824 -0.0322  0.9904  0.1243 -0.0521]]
--------------------------------------------------
Step 106:
obs_state: [[ 0.5638 -0.0877  0.1824 -0.0322  0.9904  0.1243 -0.0521]]
action: [ 0.5638 -0.1377  0.1824 -0.0322  0.9904  0.1243 -0.0521]
next_obs_state: [[ 0.5642 -0.108   0.1824 -0.032   0.9904  0.124  -0.0523]]
--------------------------------------------------
Step 107:
obs_state: [[ 0.5642 -0.108   0.1824 -0.032   0.9904  0.124  -0.0523]]
action: [ 0.5642 -0.158   0.1824 -0.032   0.9904  0.124  -0.0523]
next_obs_state: [[ 0.5639 -0.1295  0.1825 -0.0321  0.9904  0.1243 -0.0521]]
--------------------------------------------------
Step 108:
obs_state: [[ 0.5639 -0.1295  0.1825 -0.0321  0.9904  0.1243 -0.0521]]
action: [ 0.5639 -0.1795  0.1825 -0.0321  0.9904  0.1243 -0.0521]
next_obs_state: [[ 0.564  -0.1497  0.1826 -0.0319  0.9904  0.1241 -0.0523]]
--------------------------------------------------
Step 109:
obs_state: [[ 0.564  -0.1497  0.1826 -0.0319  0.9904  0.1241 -0.0523]]
action: [ 0.589  -0.1997  0.1826 -0.0319  0.9904  0.1241 -0.0523]
next_obs_state: [[ 0.5639 -0.171   0.1826 -0.032   0.9904  0.1243 -0.0521]]
--------------------------------------------------
Step 110:
obs_state: [[ 0.5639 -0.171   0.1826 -0.032   0.9904  0.1243 -0.0521]]
action: [ 0.5889 -0.171   0.1826 -0.032   0.9904  0.1243 -0.0521]
next_obs_state: [[ 0.5794 -0.1916  0.1831 -0.0318  0.9904  0.1241 -0.0522]]
--------------------------------------------------
Step 111:
obs_state: [[ 0.5794 -0.1916  0.1831 -0.0318  0.9904  0.1241 -0.0522]]
action: [ 0.6044 -0.1916  0.1831 -0.0318  0.9904  0.1241 -0.0522]
next_obs_state: [[ 0.5881 -0.1812  0.1826 -0.0321  0.9904  0.1243 -0.0522]]
--------------------------------------------------
Step 112:
obs_state: [[ 0.5881 -0.1812  0.1826 -0.0321  0.9904  0.1243 -0.0522]]
action: [ 0.6131 -0.1812  0.1576 -0.0321  0.9904  0.1243 -0.0522]
next_obs_state: [[ 0.5985 -0.1847  0.1833 -0.0317  0.9904  0.1241 -0.0521]]
--------------------------------------------------
Step 113:
obs_state: [[ 0.5985 -0.1847  0.1833 -0.0317  0.9904  0.1241 -0.0521]]
action: [ 0.6235 -0.2347  0.1833 -0.0317  0.9904  0.1241 -0.0521]
next_obs_state: [[ 0.6087 -0.1844  0.1674 -0.0321  0.9904  0.1243 -0.0521]]
--------------------------------------------------
Step 114:
obs_state: [[ 0.6087 -0.1844  0.1674 -0.0321  0.9904  0.1243 -0.0521]]
action: [ 0.6337 -0.1844  0.1424 -0.0321  0.9904  0.1243 -0.0521]
next_obs_state: [[ 0.6193 -0.2153  0.1753 -0.0315  0.9904  0.1241 -0.0521]]
--------------------------------------------------
Step 115:
obs_state: [[ 0.6193 -0.2153  0.1753 -0.0315  0.9904  0.1241 -0.0521]]
action: [ 0.6443 -0.2153  0.1503 -0.0315  0.9904  0.1241 -0.0521]
next_obs_state: [[ 0.629  -0.2011  0.1566 -0.0322  0.9904  0.1242 -0.0519]]
--------------------------------------------------
Step 116:
obs_state: [[ 0.629  -0.2011  0.1566 -0.0322  0.9904  0.1242 -0.0519]]
action: [ 0.629  -0.2011  0.1316 -0.0322  0.9904  0.1242 -0.0519]
next_obs_state: [[ 0.6396 -0.2046  0.1488 -0.0315  0.9904  0.1241 -0.0521]]
--------------------------------------------------
Step 117:
obs_state: [[ 0.6396 -0.2046  0.1488 -0.0315  0.9904  0.1241 -0.0521]]
action: [ 0.6396 -0.2046  0.1238 -0.0315  0.9904  0.1241 -0.0521]
next_obs_state: [[ 0.634  -0.2055  0.138  -0.0322  0.9903  0.1245 -0.052 ]]
--------------------------------------------------
Step 118:
obs_state: [[ 0.634  -0.2055  0.138  -0.0322  0.9903  0.1245 -0.052 ]]
action: [ 0.634  -0.2055  0.113  -0.0322  0.9903  0.1245 -0.052 ]
next_obs_state: [[ 0.636  -0.2036  0.1273 -0.0314  0.9904  0.1241 -0.0519]]
--------------------------------------------------
Step 119:
obs_state: [[ 0.636  -0.2036  0.1273 -0.0314  0.9904  0.1241 -0.0519]]
action: [ 0.636  -0.2036  0.1023 -0.0314  0.9904  0.1241 -0.0519]
next_obs_state: [[ 0.6356 -0.205   0.1174 -0.0321  0.9903  0.1244 -0.052 ]]
--------------------------------------------------
Step 120:
obs_state: [[ 0.6356 -0.205   0.1174 -0.0321  0.9903  0.1244 -0.052 ]]
action: [ 0.6356 -0.205   0.0924 -0.0321  0.9903  0.1244 -0.052 ]
next_obs_state: [[ 0.6351 -0.2042  0.1066 -0.0315  0.9904  0.1241 -0.0519]]
--------------------------------------------------
Step 121:
obs_state: [[ 0.6351 -0.2042  0.1066 -0.0315  0.9904  0.1241 -0.0519]]
action: [ 0.6351 -0.2042  0.0816 -0.0315  0.9904  0.1241 -0.0519]
next_obs_state: [[ 0.6354 -0.2044  0.0967 -0.032   0.9904  0.1244 -0.0519]]
--------------------------------------------------
Step 122:
obs_state: [[ 0.6354 -0.2044  0.0967 -0.032   0.9904  0.1244 -0.0519]]
action: [ 0.6354 -0.2044  0.0717 -0.032   0.9904  0.1244 -0.0519]
next_obs_state: [[ 0.6351 -0.2044  0.0859 -0.0315  0.9904  0.1242 -0.0519]]
--------------------------------------------------
Step 123:
obs_state: [[ 0.6351 -0.2044  0.0859 -0.0315  0.9904  0.1242 -0.0519]]
action: [ 0.6351 -0.2044  0.0609 -0.0315  0.9904  0.1242 -0.0519]
next_obs_state: [[ 0.635  -0.2042  0.0757 -0.032   0.9904  0.1244 -0.0519]]
--------------------------------------------------
Step 124:
obs_state: [[ 0.635  -0.2042  0.0757 -0.032   0.9904  0.1244 -0.0519]]
action: [ 0.635  -0.2042  0.0507 -0.032   0.9904  0.1244 -0.0519]
next_obs_state: [[ 0.6349 -0.2043  0.0651 -0.0316  0.9904  0.1242 -0.0519]]
--------------------------------------------------
Step 125:
obs_state: [[ 0.6349 -0.2043  0.0651 -0.0316  0.9904  0.1242 -0.0519]]
action: [ 0.6349 -0.2043  0.0401 -0.0316  0.9904  0.1242 -0.0519]
next_obs_state: [[ 0.6348 -0.2042  0.0549 -0.0319  0.9904  0.1243 -0.0519]]
--------------------------------------------------
Step 126:
obs_state: [[ 0.6348 -0.2042  0.0549 -0.0319  0.9904  0.1243 -0.0519]]
action: [ 0.6348 -0.2042  0.0299 -0.0319  0.9904  0.1243 -0.0519]
next_obs_state: [[ 0.6347 -0.2042  0.0444 -0.0316  0.9904  0.1242 -0.0518]]
--------------------------------------------------
Step 127:
obs_state: [[ 0.6347 -0.2042  0.0444 -0.0316  0.9904  0.1242 -0.0518]]
action: [ 0.6597 -0.2042  0.0444 -0.0316  0.9904  0.1242 -0.0518]
next_obs_state: [[ 0.6346 -0.2041  0.0341 -0.0319  0.9904  0.1243 -0.0519]]
--------------------------------------------------
Step 128:
obs_state: [[ 0.6346 -0.2041  0.0341 -0.0319  0.9904  0.1243 -0.0519]]
action: [ 0.6346 -0.2041  0.0091 -0.0319  0.9904  0.1243 -0.0519]
next_obs_state: [[ 0.6507 -0.2043  0.0398 -0.0316  0.9904  0.1243 -0.0518]]
--------------------------------------------------
Step 129:
obs_state: [[ 0.6507 -0.2043  0.0398 -0.0316  0.9904  0.1243 -0.0518]]
action: [ 0.6507 -0.2043  0.0398 -0.0316  0.9904  0.1243 -0.0518]
next_obs_state: [[ 0.6425 -0.2039  0.0213 -0.0319  0.9904  0.1243 -0.0519]]
--------------------------------------------------
Step 130:
obs_state: [[ 0.6425 -0.2039  0.0213 -0.0319  0.9904  0.1243 -0.0519]]
action: [ 0.6425 -0.2039  0.0713 -0.0319  0.9904  0.1243 -0.0519]
next_obs_state: [[ 0.6458 -0.2043  0.0297 -0.0317  0.9904  0.1243 -0.0517]]
--------------------------------------------------
Step 131:
obs_state: [[ 0.6458 -0.2043  0.0297 -0.0317  0.9904  0.1243 -0.0517]]
action: [ 0.6458 -0.2043  0.0797 -0.0317  0.9904  0.1243 -0.0517]
next_obs_state: [[ 0.6458 -0.2043  0.0588 -0.0319  0.9904  0.1241 -0.052 ]]
--------------------------------------------------
Step 132:
obs_state: [[ 0.6458 -0.2043  0.0588 -0.0319  0.9904  0.1241 -0.052 ]]
action: [ 0.6458 -0.1543  0.1088 -0.0319  0.9904  0.1241 -0.052 ]
next_obs_state: [[ 0.6451 -0.2043  0.0755 -0.0317  0.9904  0.1244 -0.0518]]
--------------------------------------------------
Step 133:
obs_state: [[ 0.6451 -0.2043  0.0755 -0.0317  0.9904  0.1244 -0.0518]]
action: [ 0.6451 -0.1543  0.1255 -0.0317  0.9904  0.1244 -0.0518]
next_obs_state: [[ 0.6464 -0.1723  0.0978 -0.0321  0.9904  0.1241 -0.052 ]]
--------------------------------------------------
Step 134:
obs_state: [[ 0.6464 -0.1723  0.0978 -0.0321  0.9904  0.1241 -0.052 ]]
action: [ 0.6464 -0.1223  0.1478 -0.0321  0.9904  0.1241 -0.052 ]
next_obs_state: [[ 0.6459 -0.1557  0.1184 -0.0318  0.9904  0.1244 -0.0518]]
--------------------------------------------------
Step 135:
obs_state: [[ 0.6459 -0.1557  0.1184 -0.0318  0.9904  0.1244 -0.0518]]
action: [ 0.6459 -0.1057  0.1684 -0.0318  0.9904  0.1244 -0.0518]
next_obs_state: [[ 0.6465 -0.1341  0.139  -0.0322  0.9904  0.1241 -0.052 ]]
--------------------------------------------------
Step 136:
obs_state: [[ 0.6465 -0.1341  0.139  -0.0322  0.9904  0.1241 -0.052 ]]
action: [ 0.6465 -0.0841  0.189  -0.0322  0.9904  0.1241 -0.052 ]
next_obs_state: [[ 0.6466 -0.1129  0.1599 -0.0319  0.9904  0.1244 -0.0519]]
--------------------------------------------------
Step 137:
obs_state: [[ 0.6466 -0.1129  0.1599 -0.0319  0.9904  0.1244 -0.0519]]
action: [ 0.6466 -0.0629  0.2099 -0.0319  0.9904  0.1244 -0.0519]
next_obs_state: [[ 0.6468 -0.0926  0.1808 -0.0323  0.9904  0.1241 -0.052 ]]
--------------------------------------------------
Step 138:
obs_state: [[ 0.6468 -0.0926  0.1808 -0.0323  0.9904  0.1241 -0.052 ]]
action: [ 0.6468 -0.0426  0.1808 -0.0323  0.9904  0.1241 -0.052 ]
next_obs_state: [[ 0.647  -0.0716  0.2014 -0.032   0.9904  0.1243 -0.0519]]
--------------------------------------------------
Step 139:
obs_state: [[ 0.647  -0.0716  0.2014 -0.032   0.9904  0.1243 -0.0519]]
action: [ 0.672  -0.0216  0.2014 -0.032   0.9904  0.1243 -0.0519]
next_obs_state: [[ 0.6463 -0.0506  0.1907 -0.0324  0.9904  0.1241 -0.0519]]
--------------------------------------------------
Step 140:
obs_state: [[ 0.6463 -0.0506  0.1907 -0.0324  0.9904  0.1241 -0.0519]]
action: [ 6.7135e-01 -6.0211e-04  1.9065e-01 -3.2353e-02  9.9038e-01  1.2412e-01
 -5.1928e-02]
next_obs_state: [[ 0.6628 -0.0298  0.1952 -0.0321  0.9904  0.1244 -0.0518]]
--------------------------------------------------
Step 141:
obs_state: [[ 0.6628 -0.0298  0.1952 -0.0321  0.9904  0.1244 -0.0518]]
action: [ 0.6878  0.0202  0.1952 -0.0321  0.9904  0.1244 -0.0518]
next_obs_state: [[ 0.6706 -0.0093  0.1943 -0.0324  0.9904  0.1241 -0.0519]]
--------------------------------------------------
Step 142:
obs_state: [[ 0.6706 -0.0093  0.1943 -0.0324  0.9904  0.1241 -0.0519]]
action: [ 0.6956  0.0407  0.1943 -0.0324  0.9904  0.1241 -0.0519]
next_obs_state: [[ 0.6816  0.012   0.1941 -0.0323  0.9904  0.1243 -0.0517]]
--------------------------------------------------
Step 143:
obs_state: [[ 0.6816  0.012   0.1941 -0.0323  0.9904  0.1243 -0.0517]]
action: [ 0.7066  0.062   0.1941 -0.0323  0.9904  0.1243 -0.0517]
next_obs_state: [[ 0.6921  0.0327  0.1947 -0.0325  0.9904  0.1242 -0.0518]]
--------------------------------------------------
Step 144:
obs_state: [[ 0.6921  0.0327  0.1947 -0.0325  0.9904  0.1242 -0.0518]]
action: [ 0.6921  0.0827  0.1947 -0.0325  0.9904  0.1242 -0.0518]
next_obs_state: [[ 0.7019  0.0534  0.1945 -0.0324  0.9904  0.1243 -0.0517]]
--------------------------------------------------
Step 145:
obs_state: [[ 0.7019  0.0534  0.1945 -0.0324  0.9904  0.1243 -0.0517]]
action: [ 0.7019  0.1034  0.1945 -0.0324  0.9904  0.1243 -0.0517]
next_obs_state: [[ 0.6971  0.0745  0.1944 -0.0326  0.9904  0.1241 -0.0519]]
--------------------------------------------------
Step 146:
obs_state: [[ 0.6971  0.0745  0.1944 -0.0326  0.9904  0.1241 -0.0519]]
action: [ 0.6971  0.1245  0.1944 -0.0326  0.9904  0.1241 -0.0519]
next_obs_state: [[ 0.6985  0.0949  0.1947 -0.0325  0.9904  0.1243 -0.0516]]
--------------------------------------------------
Step 147:
obs_state: [[ 0.5551  0.0427  0.1815 -0.0324  0.9904  0.124  -0.0519]]
action: [ 0.5551 -0.0073  0.1815 -0.0324  0.9904  0.124  -0.0519]
next_obs_state: [[ 0.5735  0.0529  0.181  -0.0323  0.9904  0.124  -0.0523]]
--------------------------------------------------
Step 148:
obs_state: [[ 0.5735  0.0529  0.181  -0.0323  0.9904  0.124  -0.0523]]
action: [ 0.5735  0.0029  0.181  -0.0323  0.9904  0.124  -0.0523]
next_obs_state: [[ 0.5554  0.0111  0.1815 -0.0322  0.9904  0.1239 -0.0519]]
--------------------------------------------------
Step 149:
obs_state: [[ 0.5554  0.0111  0.1815 -0.0322  0.9904  0.1239 -0.0519]]
action: [ 0.5554 -0.0389  0.1815 -0.0322  0.9904  0.1239 -0.0519]
next_obs_state: [[ 5.6662e-01  5.7157e-04  1.8154e-01 -3.2348e-02  9.9037e-01  1.2414e-01
  -5.2148e-02]]
--------------------------------------------------
Step 150:
obs_state: [[ 5.6662e-01  5.7157e-04  1.8154e-01 -3.2348e-02  9.9037e-01  1.2414e-01
  -5.2148e-02]]
action: [ 0.5666 -0.0494  0.1815 -0.0323  0.9904  0.1241 -0.0521]
next_obs_state: [[ 0.5615 -0.024   0.1811 -0.0321  0.9904  0.124  -0.052 ]]
--------------------------------------------------
Step 151:
obs_state: [[ 0.5615 -0.024   0.1811 -0.0321  0.9904  0.124  -0.052 ]]
action: [ 0.5615 -0.074   0.1811 -0.0321  0.9904  0.124  -0.052 ]
next_obs_state: [[ 0.5629 -0.0444  0.1816 -0.0323  0.9904  0.1241 -0.0521]]
--------------------------------------------------
Step 152:
obs_state: [[ 0.5629 -0.0444  0.1816 -0.0323  0.9904  0.1241 -0.0521]]
action: [ 0.5629 -0.0944  0.1816 -0.0323  0.9904  0.1241 -0.0521]
next_obs_state: [[ 0.563  -0.0647  0.1813 -0.032   0.9904  0.124  -0.0522]]
--------------------------------------------------
Step 153:
obs_state: [[ 0.563  -0.0647  0.1813 -0.032   0.9904  0.124  -0.0522]]
action: [ 0.563  -0.1147  0.1813 -0.032   0.9904  0.124  -0.0522]
next_obs_state: [[ 0.5625 -0.0859  0.1815 -0.0322  0.9904  0.1241 -0.0521]]
--------------------------------------------------
Step 154:
obs_state: [[ 0.5625 -0.0859  0.1815 -0.0322  0.9904  0.1241 -0.0521]]
action: [ 0.5625 -0.1359  0.1815 -0.0322  0.9904  0.1241 -0.0521]
next_obs_state: [[ 0.5629 -0.1066  0.1815 -0.0319  0.9904  0.124  -0.0522]]
--------------------------------------------------
Step 155:
obs_state: [[ 0.5629 -0.1066  0.1815 -0.0319  0.9904  0.124  -0.0522]]
action: [ 0.5629 -0.1566  0.1815 -0.0319  0.9904  0.124  -0.0522]
next_obs_state: [[ 0.5626 -0.1276  0.1816 -0.032   0.9904  0.1241 -0.0521]]
--------------------------------------------------
Step 156:
obs_state: [[ 0.5626 -0.1276  0.1816 -0.032   0.9904  0.1241 -0.0521]]
action: [ 0.5876 -0.1776  0.1816 -0.032   0.9904  0.1241 -0.0521]
next_obs_state: [[ 0.5626 -0.148   0.1817 -0.0319  0.9904  0.1241 -0.0522]]
--------------------------------------------------
Step 157:
obs_state: [[ 0.5626 -0.148   0.1817 -0.0319  0.9904  0.1241 -0.0522]]
action: [ 0.5876 -0.198   0.1817 -0.0319  0.9904  0.1241 -0.0522]
next_obs_state: [[ 0.5782 -0.1692  0.1821 -0.0319  0.9904  0.1241 -0.052 ]]
--------------------------------------------------
Step 158:
obs_state: [[ 0.5782 -0.1692  0.1821 -0.0319  0.9904  0.1241 -0.052 ]]
action: [ 0.6032 -0.1692  0.1821 -0.0319  0.9904  0.1241 -0.052 ]
next_obs_state: [[ 0.5867 -0.1893  0.1819 -0.0318  0.9904  0.124  -0.0522]]
--------------------------------------------------
Step 159:
obs_state: [[ 0.5867 -0.1893  0.1819 -0.0318  0.9904  0.124  -0.0522]]
action: [ 0.6117 -0.1893  0.1569 -0.0318  0.9904  0.124  -0.0522]
next_obs_state: [[ 0.5973 -0.1792  0.1821 -0.032   0.9904  0.1241 -0.0519]]
--------------------------------------------------
Step 160:
obs_state: [[ 0.5973 -0.1792  0.1821 -0.032   0.9904  0.1241 -0.0519]]
action: [ 0.6223 -0.1792  0.1571 -0.032   0.9904  0.1241 -0.0519]
next_obs_state: [[ 0.6075 -0.1825  0.1664 -0.0317  0.9904  0.124  -0.0521]]
--------------------------------------------------
Step 161:
obs_state: [[ 0.6075 -0.1825  0.1664 -0.0317  0.9904  0.124  -0.0521]]
action: [ 0.6325 -0.1825  0.1414 -0.0317  0.9904  0.124  -0.0521]
next_obs_state: [[ 0.6177 -0.1825  0.1581 -0.032   0.9904  0.1241 -0.0519]]
--------------------------------------------------
Step 162:
obs_state: [[ 0.6177 -0.1825  0.1581 -0.032   0.9904  0.1241 -0.0519]]
action: [ 0.6177 -0.2325  0.1331 -0.032   0.9904  0.1241 -0.0519]
next_obs_state: [[ 0.6279 -0.1814  0.1474 -0.0317  0.9904  0.124  -0.052 ]]
--------------------------------------------------
Step 163:
obs_state: [[ 0.6279 -0.1814  0.1474 -0.0317  0.9904  0.124  -0.052 ]]
action: [ 0.6279 -0.1814  0.1224 -0.0317  0.9904  0.124  -0.052 ]
next_obs_state: [[ 0.6225 -0.214   0.1367 -0.0318  0.9904  0.1241 -0.052 ]]
--------------------------------------------------
Step 164:
obs_state: [[ 0.6225 -0.214   0.1367 -0.0318  0.9904  0.1241 -0.052 ]]
action: [ 0.6475 -0.214   0.1117 -0.0318  0.9904  0.1241 -0.052 ]
next_obs_state: [[ 0.6243 -0.199   0.1266 -0.0319  0.9904  0.124  -0.0519]]
--------------------------------------------------
Step 165:
obs_state: [[ 0.6243 -0.199   0.1266 -0.0319  0.9904  0.124  -0.0519]]
action: [ 0.6493 -0.199   0.1016 -0.0319  0.9904  0.124  -0.0519]
next_obs_state: [[ 0.6396 -0.2033  0.1165 -0.0316  0.9904  0.1241 -0.0519]]
--------------------------------------------------
Step 166:
obs_state: [[ 0.6396 -0.2033  0.1165 -0.0316  0.9904  0.1241 -0.0519]]
action: [ 0.6646 -0.2033  0.0915 -0.0316  0.9904  0.1241 -0.0519]
next_obs_state: [[ 0.6476 -0.2036  0.1059 -0.0319  0.9904  0.124  -0.0518]]
--------------------------------------------------
Step 167:
obs_state: [[ 0.6476 -0.2036  0.1059 -0.0319  0.9904  0.124  -0.0518]]
action: [ 0.6726 -0.2036  0.0809 -0.0319  0.9904  0.124  -0.0518]
next_obs_state: [[ 0.6585 -0.2019  0.0959 -0.0316  0.9904  0.1241 -0.0518]]
--------------------------------------------------
Step 168:
obs_state: [[ 0.6585 -0.2019  0.0959 -0.0316  0.9904  0.1241 -0.0518]]
action: [ 0.6585 -0.2019  0.0709 -0.0316  0.9904  0.1241 -0.0518]
next_obs_state: [[ 0.6688 -0.2033  0.0854 -0.0319  0.9904  0.124  -0.0518]]
--------------------------------------------------
Step 169:
obs_state: [[ 0.6688 -0.2033  0.0854 -0.0319  0.9904  0.124  -0.0518]]
action: [ 0.6688 -0.2033  0.0604 -0.0319  0.9904  0.124  -0.0518]
next_obs_state: [[ 0.6633 -0.2025  0.0747 -0.0317  0.9904  0.124  -0.0518]]
--------------------------------------------------
Step 170:
obs_state: [[ 0.6633 -0.2025  0.0747 -0.0317  0.9904  0.124  -0.0518]]
action: [ 0.6383 -0.2025  0.0497 -0.0317  0.9904  0.124  -0.0518]
next_obs_state: [[ 0.6653 -0.2028  0.0647 -0.0317  0.9904  0.1242 -0.0515]]
--------------------------------------------------
Step 171:
obs_state: [[ 0.6653 -0.2028  0.0647 -0.0317  0.9904  0.1242 -0.0515]]
action: [ 0.6653 -0.2028  0.0397 -0.0317  0.9904  0.1242 -0.0515]
next_obs_state: [[ 0.6491 -0.2026  0.0535 -0.0317  0.9904  0.124  -0.0519]]
--------------------------------------------------
Step 172:
obs_state: [[ 0.6491 -0.2026  0.0535 -0.0317  0.9904  0.124  -0.0519]]
action: [ 0.6491 -0.2026  0.0285 -0.0317  0.9904  0.124  -0.0519]
next_obs_state: [[ 0.6558 -0.2027  0.0441 -0.0317  0.9904  0.1243 -0.0514]]
--------------------------------------------------
Step 173:
obs_state: [[ 0.6558 -0.2027  0.0441 -0.0317  0.9904  0.1243 -0.0514]]
action: [ 0.6558 -0.2027  0.0441 -0.0317  0.9904  0.1243 -0.0514]
next_obs_state: [[ 0.654  -0.2026  0.0329 -0.0317  0.9904  0.124  -0.052 ]]
--------------------------------------------------
Step 174:
obs_state: [[ 0.654  -0.2026  0.0329 -0.0317  0.9904  0.124  -0.052 ]]
action: [ 0.654  -0.2026  0.0829 -0.0317  0.9904  0.124  -0.052 ]
next_obs_state: [[ 0.6541 -0.2028  0.039  -0.0317  0.9904  0.1244 -0.0514]]
--------------------------------------------------
Step 175:
obs_state: [[ 0.6541 -0.2028  0.039  -0.0317  0.9904  0.1244 -0.0514]]
action: [ 0.6541 -0.2028  0.089  -0.0317  0.9904  0.1244 -0.0514]
next_obs_state: [[ 0.6553 -0.2028  0.0679 -0.0318  0.9904  0.124  -0.052 ]]
--------------------------------------------------
Step 176:
obs_state: [[ 0.6553 -0.2028  0.0679 -0.0318  0.9904  0.124  -0.052 ]]
action: [ 0.6553 -0.1528  0.1179 -0.0318  0.9904  0.124  -0.052 ]
next_obs_state: [[ 0.6545 -0.2028  0.0854 -0.0317  0.9904  0.1244 -0.0514]]
--------------------------------------------------
Step 177:
obs_state: [[ 0.6545 -0.2028  0.0854 -0.0317  0.9904  0.1244 -0.0514]]
action: [ 0.6545 -0.1528  0.1354 -0.0317  0.9904  0.1244 -0.0514]
next_obs_state: [[ 0.6555 -0.1713  0.1068 -0.032   0.9904  0.124  -0.052 ]]
--------------------------------------------------
Step 178:
obs_state: [[ 0.6555 -0.1713  0.1068 -0.032   0.9904  0.124  -0.052 ]]
action: [ 0.6555 -0.1213  0.1568 -0.032   0.9904  0.124  -0.052 ]
next_obs_state: [[ 0.6553 -0.1544  0.1279 -0.0318  0.9904  0.1244 -0.0515]]
--------------------------------------------------
Step 179:
obs_state: [[ 0.6553 -0.1544  0.1279 -0.0318  0.9904  0.1244 -0.0515]]
action: [ 0.6553 -0.1044  0.1779 -0.0318  0.9904  0.1244 -0.0515]
next_obs_state: [[ 0.6557 -0.1331  0.1482 -0.0321  0.9904  0.124  -0.0519]]
--------------------------------------------------
Step 180:
obs_state: [[ 0.6557 -0.1331  0.1482 -0.0321  0.9904  0.124  -0.0519]]
action: [ 0.6807 -0.0831  0.1982 -0.0321  0.9904  0.124  -0.0519]
next_obs_state: [[ 0.6559 -0.1118  0.1692 -0.0319  0.9904  0.1243 -0.0516]]
--------------------------------------------------
Step 181:
obs_state: [[ 0.6559 -0.1118  0.1692 -0.0319  0.9904  0.1243 -0.0516]]
action: [ 0.6559 -0.0618  0.2192 -0.0319  0.9904  0.1243 -0.0516]
next_obs_state: [[ 0.6715 -0.0915  0.1905 -0.0322  0.9904  0.1241 -0.0518]]
--------------------------------------------------
Step 182:
obs_state: [[ 0.6715 -0.0915  0.1905 -0.0322  0.9904  0.1241 -0.0518]]
action: [ 0.6715 -0.0415  0.1905 -0.0322  0.9904  0.1241 -0.0518]
next_obs_state: [[ 0.6649 -0.0702  0.2106 -0.0321  0.9904  0.1243 -0.052 ]]
--------------------------------------------------
Step 183:
obs_state: [[ 0.6649 -0.0702  0.2106 -0.0321  0.9904  0.1243 -0.052 ]]
action: [ 0.6649 -0.0202  0.2106 -0.0321  0.9904  0.1243 -0.052 ]
next_obs_state: [[ 0.6659 -0.0496  0.2004 -0.0322  0.9904  0.1241 -0.0517]]
--------------------------------------------------
Step 184:
obs_state: [[ 0.6659 -0.0496  0.2004 -0.0322  0.9904  0.1241 -0.0517]]
action: [ 6.6587e-01  4.1996e-04  2.0040e-01 -3.2233e-02  9.9040e-01  1.2412e-01
 -5.1663e-02]
next_obs_state: [[ 0.6673 -0.0286  0.2041 -0.0322  0.9904  0.1243 -0.052 ]]
--------------------------------------------------
Step 185:
obs_state: [[ 0.6673 -0.0286  0.2041 -0.0322  0.9904  0.1243 -0.052 ]]
action: [ 0.6673  0.0214  0.2041 -0.0322  0.9904  0.1243 -0.052 ]
next_obs_state: [[ 0.6656 -0.0079  0.2036 -0.0323  0.9904  0.1241 -0.0517]]
--------------------------------------------------
Step 186:
obs_state: [[ 0.6656 -0.0079  0.2036 -0.0323  0.9904  0.1241 -0.0517]]
action: [ 0.6656  0.0421  0.2036 -0.0323  0.9904  0.1241 -0.0517]
next_obs_state: [[ 0.6668  0.0129  0.203  -0.0323  0.9904  0.1242 -0.052 ]]
--------------------------------------------------
Step 187:
obs_state: [[ 0.6668  0.0129  0.203  -0.0323  0.9904  0.1242 -0.052 ]]
action: [ 0.6918  0.0629  0.203  -0.0323  0.9904  0.1242 -0.052 ]
next_obs_state: [[ 0.6661  0.034   0.2037 -0.0324  0.9904  0.1241 -0.0517]]
--------------------------------------------------
Step 188:
obs_state: [[ 0.6661  0.034   0.2037 -0.0324  0.9904  0.1241 -0.0517]]
action: [ 0.6661  0.084   0.2037 -0.0324  0.9904  0.1241 -0.0517]
next_obs_state: [[ 0.6815  0.0544  0.2037 -0.0324  0.9904  0.1242 -0.0518]]
--------------------------------------------------
Step 189:
obs_state: [[ 0.6815  0.0544  0.2037 -0.0324  0.9904  0.1242 -0.0518]]
action: [ 0.7065  0.1044  0.2037 -0.0324  0.9904  0.1242 -0.0518]
next_obs_state: [[ 0.6749  0.0757  0.2032 -0.0325  0.9904  0.1241 -0.0518]]
--------------------------------------------------
Step 190:
obs_state: [[ 0.6749  0.0757  0.2032 -0.0325  0.9904  0.1241 -0.0518]]
action: [ 0.6999  0.1257  0.2532 -0.0325  0.9904  0.1241 -0.0518]
next_obs_state: [[ 0.692   0.0963  0.2043 -0.0325  0.9904  0.1242 -0.0516]]
--------------------------------------------------
Step 191:
obs_state: [[ 0.5551  0.0427  0.1815 -0.0324  0.9904  0.124  -0.0519]]
action: [ 0.5551 -0.0073  0.1815 -0.0324  0.9904  0.124  -0.0519]
next_obs_state: [[ 0.5739  0.0534  0.189  -0.0323  0.9904  0.124  -0.0522]]
--------------------------------------------------
Step 192:
obs_state: [[ 0.5739  0.0534  0.189  -0.0323  0.9904  0.124  -0.0522]]
action: [ 0.5739  0.0034  0.189  -0.0323  0.9904  0.124  -0.0522]
next_obs_state: [[ 0.5554  0.011   0.1815 -0.0322  0.9904  0.124  -0.0518]]
--------------------------------------------------
Step 193:
obs_state: [[ 0.5554  0.011   0.1815 -0.0322  0.9904  0.124  -0.0518]]
action: [ 0.5554 -0.039   0.1815 -0.0322  0.9904  0.124  -0.0518]
next_obs_state: [[ 5.6686e-01  8.0394e-04  1.8656e-01 -3.2348e-02  9.9037e-01  1.2409e-01
  -5.2125e-02]]
--------------------------------------------------
Step 194:
obs_state: [[ 5.6686e-01  8.0394e-04  1.8656e-01 -3.2348e-02  9.9037e-01  1.2409e-01
  -5.2125e-02]]
action: [ 0.5669 -0.0492  0.1866 -0.0323  0.9904  0.1241 -0.0521]
next_obs_state: [[ 0.5616 -0.0238  0.1838 -0.0321  0.9904  0.124  -0.052 ]]
--------------------------------------------------
Step 195:
obs_state: [[ 0.5616 -0.0238  0.1838 -0.0321  0.9904  0.124  -0.052 ]]
action: [ 0.5616 -0.0738  0.1838 -0.0321  0.9904  0.124  -0.052 ]
next_obs_state: [[ 0.563  -0.0442  0.185  -0.0323  0.9904  0.1241 -0.0521]]
--------------------------------------------------
Step 196:
obs_state: [[ 0.563  -0.0442  0.185  -0.0323  0.9904  0.1241 -0.0521]]
action: [ 0.563  -0.0942  0.185  -0.0323  0.9904  0.1241 -0.0521]
next_obs_state: [[ 0.5631 -0.0645  0.1847 -0.032   0.9904  0.124  -0.052 ]]
--------------------------------------------------
Step 197:
obs_state: [[ 0.5631 -0.0645  0.1847 -0.032   0.9904  0.124  -0.052 ]]
action: [ 0.5881 -0.1145  0.1847 -0.032   0.9904  0.124  -0.052 ]
next_obs_state: [[ 0.5626 -0.0861  0.1847 -0.0322  0.9904  0.1241 -0.0521]]
--------------------------------------------------
Step 198:
obs_state: [[ 0.5626 -0.0861  0.1847 -0.0322  0.9904  0.1241 -0.0521]]
action: [ 0.5876 -0.1361  0.1847 -0.0322  0.9904  0.1241 -0.0521]
next_obs_state: [[ 0.5781 -0.106   0.1853 -0.0319  0.9904  0.124  -0.0519]]
--------------------------------------------------
Step 199:
obs_state: [[ 0.5781 -0.106   0.1853 -0.0319  0.9904  0.124  -0.0519]]
action: [ 0.6031 -0.156   0.1853 -0.0319  0.9904  0.124  -0.0519]
next_obs_state: [[ 0.5869 -0.1274  0.185  -0.032   0.9904  0.1241 -0.0521]]
--------------------------------------------------
Step 200:
obs_state: [[ 0.5869 -0.1274  0.185  -0.032   0.9904  0.1241 -0.0521]]
action: [ 0.6119 -0.1774  0.185  -0.032   0.9904  0.1241 -0.0521]
next_obs_state: [[ 0.5973 -0.1482  0.1855 -0.0318  0.9904  0.124  -0.0519]]
--------------------------------------------------
Step 201:
obs_state: [[ 0.5973 -0.1482  0.1855 -0.0318  0.9904  0.124  -0.0519]]
action: [ 0.6223 -0.1982  0.1855 -0.0318  0.9904  0.124  -0.0519]
next_obs_state: [[ 0.6078 -0.1687  0.1855 -0.0319  0.9904  0.1241 -0.052 ]]
--------------------------------------------------
Step 202:
obs_state: [[ 0.6078 -0.1687  0.1855 -0.0319  0.9904  0.1241 -0.052 ]]
action: [ 0.6328 -0.2187  0.1855 -0.0319  0.9904  0.1241 -0.052 ]
next_obs_state: [[ 0.618  -0.19    0.1857 -0.0317  0.9904  0.124  -0.0518]]
--------------------------------------------------
Step 203:
obs_state: [[ 0.618  -0.19    0.1857 -0.0317  0.9904  0.124  -0.0518]]
action: [ 0.643  -0.24    0.1857 -0.0317  0.9904  0.124  -0.0518]
next_obs_state: [[ 0.6282 -0.2103  0.1859 -0.0318  0.9904  0.1241 -0.052 ]]
--------------------------------------------------
Step 204:
obs_state: [[ 0.6282 -0.2103  0.1859 -0.0318  0.9904  0.1241 -0.052 ]]
action: [ 0.6282 -0.2103  0.1609 -0.0318  0.9904  0.1241 -0.052 ]
next_obs_state: [[ 0.6386 -0.2315  0.186  -0.0316  0.9904  0.124  -0.0518]]
--------------------------------------------------
Step 205:
obs_state: [[ 0.6386 -0.2315  0.186  -0.0316  0.9904  0.124  -0.0518]]
action: [ 0.6386 -0.2315  0.161  -0.0316  0.9904  0.124  -0.0518]
next_obs_state: [[ 0.633  -0.2204  0.1695 -0.0319  0.9904  0.1241 -0.052 ]]
--------------------------------------------------
Step 206:
obs_state: [[ 0.633  -0.2204  0.1695 -0.0319  0.9904  0.1241 -0.052 ]]
action: [ 0.633  -0.2204  0.1445 -0.0319  0.9904  0.1241 -0.052 ]
next_obs_state: [[ 0.6349 -0.2241  0.1619 -0.0315  0.9904  0.124  -0.0517]]
--------------------------------------------------
Step 207:
obs_state: [[ 0.6349 -0.2241  0.1619 -0.0315  0.9904  0.124  -0.0517]]
action: [ 0.6349 -0.2241  0.1369 -0.0315  0.9904  0.124  -0.0517]
next_obs_state: [[ 0.6345 -0.2238  0.1506 -0.0319  0.9904  0.1242 -0.052 ]]
--------------------------------------------------
Step 208:
obs_state: [[ 0.6345 -0.2238  0.1506 -0.0319  0.9904  0.1242 -0.052 ]]
action: [ 0.6345 -0.2238  0.1256 -0.0319  0.9904  0.1242 -0.052 ]
next_obs_state: [[ 0.6341 -0.2228  0.1404 -0.0315  0.9905  0.1238 -0.0517]]
--------------------------------------------------
Step 209:
obs_state: [[ 0.6341 -0.2228  0.1404 -0.0315  0.9905  0.1238 -0.0517]]
action: [ 0.6341 -0.2228  0.1154 -0.0315  0.9905  0.1238 -0.0517]
next_obs_state: [[ 0.6343 -0.2238  0.1297 -0.0319  0.9904  0.1242 -0.0519]]
--------------------------------------------------
Step 210:
obs_state: [[ 0.6343 -0.2238  0.1297 -0.0319  0.9904  0.1242 -0.0519]]
action: [ 0.6343 -0.2238  0.1047 -0.0319  0.9904  0.1242 -0.0519]
next_obs_state: [[ 0.634  -0.2231  0.1194 -0.0316  0.9905  0.1238 -0.0517]]
--------------------------------------------------
Step 211:
obs_state: [[ 0.634  -0.2231  0.1194 -0.0316  0.9905  0.1238 -0.0517]]
action: [ 0.634  -0.2231  0.0944 -0.0316  0.9905  0.1238 -0.0517]
next_obs_state: [[ 0.6339 -0.2233  0.1091 -0.0318  0.9904  0.1241 -0.0519]]
--------------------------------------------------
Step 212:
obs_state: [[ 0.6339 -0.2233  0.1091 -0.0318  0.9904  0.1241 -0.0519]]
action: [ 0.6339 -0.2233  0.0841 -0.0318  0.9904  0.1241 -0.0519]
next_obs_state: [[ 0.6339 -0.2233  0.0986 -0.0316  0.9904  0.1238 -0.0517]]
--------------------------------------------------
Step 213:
obs_state: [[ 0.6339 -0.2233  0.0986 -0.0316  0.9904  0.1238 -0.0517]]
action: [ 0.6339 -0.2233  0.0736 -0.0316  0.9904  0.1238 -0.0517]
next_obs_state: [[ 0.6337 -0.2232  0.0882 -0.0318  0.9904  0.1241 -0.0519]]
--------------------------------------------------
Step 214:
obs_state: [[ 0.6337 -0.2232  0.0882 -0.0318  0.9904  0.1241 -0.0519]]
action: [ 0.6337 -0.1732  0.0632 -0.0318  0.9904  0.1241 -0.0519]
next_obs_state: [[ 0.6336 -0.2232  0.0779 -0.0316  0.9904  0.124  -0.0517]]
--------------------------------------------------
Step 215:
obs_state: [[ 0.6336 -0.2232  0.0779 -0.0316  0.9904  0.124  -0.0517]]
action: [ 0.6586 -0.2232  0.0529 -0.0316  0.9904  0.124  -0.0517]
next_obs_state: [[ 0.6335 -0.1916  0.0671 -0.032   0.9904  0.1241 -0.0518]]
--------------------------------------------------
Step 216:
obs_state: [[ 0.6335 -0.1916  0.0671 -0.032   0.9904  0.1241 -0.0518]]
action: [ 0.6335 -0.1916  0.0421 -0.032   0.9904  0.1241 -0.0518]
next_obs_state: [[ 0.6492 -0.2063  0.0577 -0.0314  0.9904  0.1239 -0.0516]]
--------------------------------------------------
Step 217:
obs_state: [[ 0.6492 -0.2063  0.0577 -0.0314  0.9904  0.1239 -0.0516]]
action: [ 0.6492 -0.2063  0.0327 -0.0314  0.9904  0.1239 -0.0516]
next_obs_state: [[ 0.6418 -0.2019  0.0462 -0.0321  0.9904  0.1241 -0.0519]]
--------------------------------------------------
Step 218:
obs_state: [[ 0.6418 -0.2019  0.0462 -0.0321  0.9904  0.1241 -0.0519]]
action: [ 0.6418 -0.2019  0.0462 -0.0321  0.9904  0.1241 -0.0519]
next_obs_state: [[ 0.644  -0.2016  0.0367 -0.0314  0.9905  0.1238 -0.0515]]
--------------------------------------------------
Step 219:
obs_state: [[ 0.644  -0.2016  0.0367 -0.0314  0.9905  0.1238 -0.0515]]
action: [ 0.644  -0.2016  0.0867 -0.0314  0.9905  0.1238 -0.0515]
next_obs_state: [[ 0.6443 -0.2033  0.0414 -0.0321  0.9904  0.1241 -0.0519]]
--------------------------------------------------
Step 220:
obs_state: [[ 0.6443 -0.2033  0.0414 -0.0321  0.9904  0.1241 -0.0519]]
action: [ 0.6443 -0.2033  0.0914 -0.0321  0.9904  0.1241 -0.0519]
next_obs_state: [[ 0.6441 -0.2021  0.0713 -0.0315  0.9905  0.1239 -0.0516]]
--------------------------------------------------
Step 221:
obs_state: [[ 0.6441 -0.2021  0.0713 -0.0315  0.9905  0.1239 -0.0516]]
action: [ 0.6441 -0.2021  0.1213 -0.0315  0.9905  0.1239 -0.0516]
next_obs_state: [[ 0.6445 -0.2028  0.0883 -0.032   0.9904  0.1241 -0.0519]]
--------------------------------------------------
Step 222:
obs_state: [[ 0.6445 -0.2028  0.0883 -0.032   0.9904  0.1241 -0.0519]]
action: [ 0.6445 -0.2028  0.1383 -0.032   0.9904  0.1241 -0.0519]
next_obs_state: [[ 0.6448 -0.2027  0.1097 -0.0316  0.9904  0.1239 -0.0517]]
--------------------------------------------------
Step 223:
obs_state: [[ 0.6448 -0.2027  0.1097 -0.0316  0.9904  0.1239 -0.0517]]
action: [ 0.6448 -0.1527  0.1597 -0.0316  0.9904  0.1239 -0.0517]
next_obs_state: [[ 0.6448 -0.2027  0.1311 -0.032   0.9904  0.124  -0.0519]]
--------------------------------------------------
Step 224:
obs_state: [[ 0.6448 -0.2027  0.1311 -0.032   0.9904  0.124  -0.0519]]
action: [ 0.6448 -0.1527  0.1811 -0.032   0.9904  0.124  -0.0519]
next_obs_state: [[ 0.6453 -0.1711  0.151  -0.0319  0.9904  0.1239 -0.0518]]
--------------------------------------------------
Step 225:
obs_state: [[ 0.6453 -0.1711  0.151  -0.0319  0.9904  0.1239 -0.0518]]
action: [ 0.6453 -0.1211  0.201  -0.0319  0.9904  0.1239 -0.0518]
next_obs_state: [[ 0.6453 -0.1543  0.1722 -0.032   0.9904  0.124  -0.052 ]]
--------------------------------------------------
Step 226:
obs_state: [[ 0.6453 -0.1543  0.1722 -0.032   0.9904  0.124  -0.052 ]]
action: [ 0.6453 -0.1043  0.1722 -0.032   0.9904  0.124  -0.052 ]
next_obs_state: [[ 0.6457 -0.1329  0.193  -0.032   0.9904  0.1239 -0.0518]]
--------------------------------------------------
Step 227:
obs_state: [[ 0.6457 -0.1329  0.193  -0.032   0.9904  0.1239 -0.0518]]
action: [ 0.6457 -0.0829  0.193  -0.032   0.9904  0.1239 -0.0518]
next_obs_state: [[ 0.6449 -0.1116  0.1824 -0.0321  0.9904  0.1239 -0.0519]]
--------------------------------------------------
Step 228:
obs_state: [[ 0.6449 -0.1116  0.1824 -0.0321  0.9904  0.1239 -0.0519]]
action: [ 0.6449 -0.0616  0.1824 -0.0321  0.9904  0.1239 -0.0519]
next_obs_state: [[ 0.6459 -0.0913  0.1862 -0.0321  0.9904  0.1239 -0.0518]]
--------------------------------------------------
Step 229:
obs_state: [[ 0.6459 -0.0913  0.1862 -0.0321  0.9904  0.1239 -0.0518]]
action: [ 0.6459 -0.0413  0.1862 -0.0321  0.9904  0.1239 -0.0518]
next_obs_state: [[ 0.6451 -0.0699  0.1855 -0.0322  0.9904  0.1239 -0.0519]]
--------------------------------------------------
Step 230:
obs_state: [[ 0.6451 -0.0699  0.1855 -0.0322  0.9904  0.1239 -0.0519]]
action: [ 0.6451 -0.0199  0.1855 -0.0322  0.9904  0.1239 -0.0519]
next_obs_state: [[ 0.6458 -0.0494  0.185  -0.0322  0.9904  0.1239 -0.0516]]
--------------------------------------------------
Step 231:
obs_state: [[ 0.6458 -0.0494  0.185  -0.0322  0.9904  0.1239 -0.0516]]
action: [ 6.4577e-01  6.2569e-04  1.8501e-01 -3.2175e-02  9.9043e-01  1.2389e-01
 -5.1605e-02]
next_obs_state: [[ 0.6453 -0.0283  0.1856 -0.0323  0.9904  0.124  -0.0518]]
--------------------------------------------------
Step 232:
obs_state: [[ 0.6453 -0.0283  0.1856 -0.0323  0.9904  0.124  -0.0518]]
action: [ 0.6453  0.0217  0.1856 -0.0323  0.9904  0.124  -0.0518]
next_obs_state: [[ 0.6455 -0.0074  0.1852 -0.0323  0.9904  0.1239 -0.0516]]
--------------------------------------------------
Step 233:
obs_state: [[ 0.6455 -0.0074  0.1852 -0.0323  0.9904  0.1239 -0.0516]]
action: [ 0.6705  0.0426  0.1852 -0.0323  0.9904  0.1239 -0.0516]
next_obs_state: [[ 0.6455  0.0133  0.1854 -0.0324  0.9904  0.124  -0.0518]]
--------------------------------------------------
Step 234:
obs_state: [[ 0.6455  0.0133  0.1854 -0.0324  0.9904  0.124  -0.0518]]
action: [ 0.6705  0.0633  0.1854 -0.0324  0.9904  0.124  -0.0518]
next_obs_state: [[ 0.6611  0.0344  0.1858 -0.0324  0.9904  0.1239 -0.0515]]
--------------------------------------------------
Step 235:
obs_state: [[ 0.6611  0.0344  0.1858 -0.0324  0.9904  0.1239 -0.0515]]
action: [ 0.6861  0.0844  0.1858 -0.0324  0.9904  0.1239 -0.0515]
next_obs_state: [[ 0.6696  0.0551  0.1855 -0.0325  0.9904  0.124  -0.0518]]
--------------------------------------------------
Step 236:
obs_state: [[ 0.6696  0.0551  0.1855 -0.0325  0.9904  0.124  -0.0518]]
action: [ 0.6946  0.1051  0.1855 -0.0325  0.9904  0.124  -0.0518]
next_obs_state: [[ 0.6801  0.0761  0.186  -0.0325  0.9904  0.1238 -0.0514]]
--------------------------------------------------
Step 237:
obs_state: [[ 0.6801  0.0761  0.186  -0.0325  0.9904  0.1238 -0.0514]]
action: [ 0.7051  0.1261  0.236  -0.0325  0.9904  0.1238 -0.0514]
next_obs_state: [[ 0.6908  0.0969  0.1859 -0.0326  0.9904  0.1239 -0.0517]]
--------------------------------------------------
Step 238:
obs_state: [[ 0.6908  0.0969  0.1859 -0.0326  0.9904  0.1239 -0.0517]]
action: [ 0.7158  0.1469  0.1859 -0.0326  0.9904  0.1239 -0.0517]
next_obs_state: [[ 0.7014  0.1176  0.2176 -0.0326  0.9904  0.1239 -0.0514]]
--------------------------------------------------
Step 239:
obs_state: [[ 0.5551  0.0427  0.1815 -0.0324  0.9904  0.124  -0.0519]]
action: [ 0.5551 -0.0073  0.1815 -0.0324  0.9904  0.124  -0.0519]
next_obs_state: [[ 0.5771  0.0565  0.1796 -0.0323  0.9904  0.124  -0.0523]]
--------------------------------------------------
Step 240:
obs_state: [[ 0.5771  0.0565  0.1796 -0.0323  0.9904  0.124  -0.0523]]
action: [ 0.5771  0.0065  0.1796 -0.0323  0.9904  0.124  -0.0523]
next_obs_state: [[ 0.5555  0.011   0.1814 -0.0322  0.9904  0.1239 -0.0519]]
--------------------------------------------------
Step 241:
obs_state: [[ 0.5555  0.011   0.1814 -0.0322  0.9904  0.1239 -0.0519]]
action: [ 0.5555 -0.039   0.1814 -0.0322  0.9904  0.1239 -0.0519]
next_obs_state: [[ 0.5689  0.0028  0.1807 -0.0323  0.9904  0.1241 -0.0522]]
--------------------------------------------------
Step 242:
obs_state: [[ 0.5689  0.0028  0.1807 -0.0323  0.9904  0.1241 -0.0522]]
action: [ 0.5689 -0.0472  0.1807 -0.0323  0.9904  0.1241 -0.0522]
next_obs_state: [[ 0.5627 -0.0228  0.1806 -0.0321  0.9904  0.1239 -0.0521]]
--------------------------------------------------
Step 243:
obs_state: [[ 0.5627 -0.0228  0.1806 -0.0321  0.9904  0.1239 -0.0521]]
action: [ 0.5627 -0.0728  0.1806 -0.0321  0.9904  0.1239 -0.0521]
next_obs_state: [[ 0.5644 -0.0429  0.1811 -0.0322  0.9904  0.1241 -0.0521]]
--------------------------------------------------
Step 244:
obs_state: [[ 0.5644 -0.0429  0.1811 -0.0322  0.9904  0.1241 -0.0521]]
action: [ 0.5644 -0.0929  0.1811 -0.0322  0.9904  0.1241 -0.0521]
next_obs_state: [[ 0.5645 -0.0632  0.1807 -0.032   0.9904  0.124  -0.0523]]
--------------------------------------------------
Step 245:
obs_state: [[ 0.5645 -0.0632  0.1807 -0.032   0.9904  0.124  -0.0523]]
action: [ 0.5645 -0.1132  0.1807 -0.032   0.9904  0.124  -0.0523]
next_obs_state: [[ 0.5639 -0.0845  0.181  -0.0321  0.9904  0.1241 -0.0521]]
--------------------------------------------------
Step 246:
obs_state: [[ 0.5639 -0.0845  0.181  -0.0321  0.9904  0.1241 -0.0521]]
action: [ 0.5639 -0.1345  0.181  -0.0321  0.9904  0.1241 -0.0521]
next_obs_state: [[ 0.5643 -0.1052  0.1809 -0.0319  0.9904  0.124  -0.0523]]
--------------------------------------------------
Step 247:
obs_state: [[ 0.5643 -0.1052  0.1809 -0.0319  0.9904  0.124  -0.0523]]
action: [ 0.5643 -0.1552  0.1809 -0.0319  0.9904  0.124  -0.0523]
next_obs_state: [[ 0.5641 -0.1262  0.181  -0.032   0.9904  0.124  -0.0521]]
--------------------------------------------------
Step 248:
obs_state: [[ 0.5641 -0.1262  0.181  -0.032   0.9904  0.124  -0.0521]]
action: [ 0.5641 -0.1762  0.181  -0.032   0.9904  0.124  -0.0521]
next_obs_state: [[ 0.5641 -0.1469  0.1811 -0.0318  0.9904  0.124  -0.0523]]
--------------------------------------------------
Step 249:
obs_state: [[ 0.5641 -0.1469  0.1811 -0.0318  0.9904  0.124  -0.0523]]
action: [ 0.5891 -0.1969  0.1811 -0.0318  0.9904  0.124  -0.0523]
next_obs_state: [[ 0.5641 -0.1679  0.1811 -0.0319  0.9904  0.124  -0.0521]]
--------------------------------------------------
Step 250:
obs_state: [[ 0.5641 -0.1679  0.1811 -0.0319  0.9904  0.124  -0.0521]]
action: [ 0.5891 -0.2179  0.1811 -0.0319  0.9904  0.124  -0.0521]
next_obs_state: [[ 0.58   -0.189   0.1816 -0.0317  0.9904  0.124  -0.0521]]
--------------------------------------------------
Step 251:
obs_state: [[ 0.58   -0.189   0.1816 -0.0317  0.9904  0.124  -0.0521]]
action: [ 0.605  -0.189   0.1816 -0.0317  0.9904  0.124  -0.0521]
next_obs_state: [[ 0.5882 -0.2092  0.1814 -0.0318  0.9904  0.1241 -0.0521]]
--------------------------------------------------
Step 252:
obs_state: [[ 0.5882 -0.2092  0.1814 -0.0318  0.9904  0.1241 -0.0521]]
action: [ 0.6132 -0.2092  0.1564 -0.0318  0.9904  0.1241 -0.0521]
next_obs_state: [[ 0.599  -0.1989  0.1816 -0.0318  0.9904  0.124  -0.0521]]
--------------------------------------------------
Step 253:
obs_state: [[ 0.599  -0.1989  0.1816 -0.0318  0.9904  0.124  -0.0521]]
action: [ 0.624  -0.1489  0.1566 -0.0318  0.9904  0.124  -0.0521]
next_obs_state: [[ 0.6093 -0.2026  0.1654 -0.0316  0.9904  0.1241 -0.0521]]
--------------------------------------------------
Step 254:
obs_state: [[ 0.6093 -0.2026  0.1654 -0.0316  0.9904  0.1241 -0.0521]]
action: [ 0.6343 -0.2026  0.1404 -0.0316  0.9904  0.1241 -0.0521]
next_obs_state: [[ 0.6195 -0.1711  0.1572 -0.0321  0.9904  0.124  -0.052 ]]
--------------------------------------------------
Step 255:
obs_state: [[ 0.6195 -0.1711  0.1572 -0.0321  0.9904  0.124  -0.052 ]]
action: [ 0.6195 -0.1711  0.1322 -0.0321  0.9904  0.124  -0.052 ]
next_obs_state: [[ 0.6297 -0.1845  0.1468 -0.0314  0.9904  0.124  -0.052 ]]
--------------------------------------------------
Step 256:
obs_state: [[ 0.6297 -0.1845  0.1468 -0.0314  0.9904  0.124  -0.052 ]]
action: [ 0.6297 -0.1845  0.1218 -0.0314  0.9904  0.124  -0.052 ]
next_obs_state: [[ 0.6244 -0.1811  0.1354 -0.0322  0.9904  0.124  -0.052 ]]
--------------------------------------------------
Step 257:
obs_state: [[ 0.6244 -0.1811  0.1354 -0.0322  0.9904  0.124  -0.052 ]]
action: [ 0.6244 -0.1811  0.1104 -0.0322  0.9904  0.124  -0.052 ]
next_obs_state: [[ 0.626  -0.1802  0.1261 -0.0314  0.9904  0.124  -0.0518]]
--------------------------------------------------
Step 258:
obs_state: [[ 0.626  -0.1802  0.1261 -0.0314  0.9904  0.124  -0.0518]]
action: [ 0.626  -0.2302  0.1011 -0.0314  0.9904  0.124  -0.0518]
next_obs_state: [[ 0.6258 -0.1819  0.1149 -0.0321  0.9904  0.124  -0.052 ]]
--------------------------------------------------
Step 259:
obs_state: [[ 0.6258 -0.1819  0.1149 -0.0321  0.9904  0.124  -0.052 ]]
action: [ 0.6258 -0.1819  0.0899 -0.0321  0.9904  0.124  -0.052 ]
next_obs_state: [[ 0.6253 -0.2112  0.1054 -0.0312  0.9904  0.124  -0.0518]]
--------------------------------------------------
Step 260:
obs_state: [[ 0.6253 -0.2112  0.1054 -0.0312  0.9904  0.124  -0.0518]]
action: [ 0.6253 -0.2112  0.0804 -0.0312  0.9904  0.124  -0.0518]
next_obs_state: [[ 0.6255 -0.1982  0.0942 -0.0322  0.9904  0.124  -0.052 ]]
--------------------------------------------------
Step 261:
obs_state: [[ 0.6255 -0.1982  0.0942 -0.0322  0.9904  0.124  -0.052 ]]
action: [ 0.6255 -0.1982  0.0692 -0.0322  0.9904  0.124  -0.052 ]
next_obs_state: [[ 0.6252 -0.2017  0.0843 -0.0312  0.9904  0.124  -0.0518]]
--------------------------------------------------
Step 262:
obs_state: [[ 0.6252 -0.2017  0.0843 -0.0312  0.9904  0.124  -0.0518]]
action: [ 0.6252 -0.2017  0.0593 -0.0312  0.9904  0.124  -0.0518]
next_obs_state: [[ 0.6251 -0.2023  0.0738 -0.0322  0.9904  0.124  -0.052 ]]
--------------------------------------------------
Step 263:
obs_state: [[ 0.6251 -0.2023  0.0738 -0.0322  0.9904  0.124  -0.052 ]]
action: [ 0.6501 -0.2023  0.0488 -0.0322  0.9904  0.124  -0.052 ]
next_obs_state: [[ 0.625  -0.2007  0.0632 -0.0312  0.9905  0.1239 -0.0518]]
--------------------------------------------------
Step 264:
obs_state: [[ 0.625  -0.2007  0.0632 -0.0312  0.9905  0.1239 -0.0518]]
action: [ 0.625  -0.2007  0.0382 -0.0312  0.9905  0.1239 -0.0518]
next_obs_state: [[ 0.6401 -0.2019  0.0537 -0.0321  0.9904  0.124  -0.0518]]
--------------------------------------------------
Step 265:
obs_state: [[ 0.6401 -0.2019  0.0537 -0.0321  0.9904  0.124  -0.0518]]
action: [ 0.6401 -0.2019  0.0287 -0.0321  0.9904  0.124  -0.0518]
next_obs_state: [[ 0.6336 -0.2012  0.0423 -0.0313  0.9905  0.1238 -0.0519]]
--------------------------------------------------
Step 266:
obs_state: [[ 0.6336 -0.2012  0.0423 -0.0313  0.9905  0.1238 -0.0519]]
action: [ 0.6336 -0.2012  0.0173 -0.0313  0.9905  0.1238 -0.0519]
next_obs_state: [[ 0.6353 -0.2014  0.0326 -0.032   0.9904  0.1242 -0.0517]]
--------------------------------------------------
Step 267:
obs_state: [[ 0.6353 -0.2014  0.0326 -0.032   0.9904  0.1242 -0.0517]]
action: [ 0.6353 -0.2014  0.0826 -0.032   0.9904  0.1242 -0.0517]
next_obs_state: [[ 0.6354 -0.2013  0.0218 -0.0314  0.9904  0.1238 -0.0519]]
--------------------------------------------------
Step 268:
obs_state: [[ 0.6354 -0.2013  0.0218 -0.0314  0.9904  0.1238 -0.0519]]
action: [ 0.6354 -0.2013  0.0718 -0.0314  0.9904  0.1238 -0.0519]
next_obs_state: [[ 0.6359 -0.2017  0.0587 -0.032   0.9904  0.1241 -0.0519]]
--------------------------------------------------
Step 269:
obs_state: [[ 0.6359 -0.2017  0.0587 -0.032   0.9904  0.1241 -0.0519]]
action: [ 0.6359 -0.2017  0.1087 -0.032   0.9904  0.1241 -0.0519]
next_obs_state: [[ 0.6353 -0.2014  0.0737 -0.0314  0.9904  0.1239 -0.052 ]]
--------------------------------------------------
Step 270:
obs_state: [[ 0.6353 -0.2014  0.0737 -0.0314  0.9904  0.1239 -0.052 ]]
action: [ 0.6353 -0.2014  0.1237 -0.0314  0.9904  0.1239 -0.052 ]
next_obs_state: [[ 0.6364 -0.2017  0.0954 -0.032   0.9904  0.1241 -0.0519]]
--------------------------------------------------
Step 271:
obs_state: [[ 0.6364 -0.2017  0.0954 -0.032   0.9904  0.1241 -0.0519]]
action: [ 0.6364 -0.2017  0.1454 -0.032   0.9904  0.1241 -0.0519]
next_obs_state: [[ 0.636  -0.2017  0.1168 -0.0315  0.9904  0.1239 -0.052 ]]
--------------------------------------------------
Step 272:
obs_state: [[ 0.636  -0.2017  0.1168 -0.0315  0.9904  0.1239 -0.052 ]]
action: [ 0.636  -0.1517  0.1668 -0.0315  0.9904  0.1239 -0.052 ]
next_obs_state: [[ 0.6365 -0.2018  0.1369 -0.032   0.9904  0.1241 -0.0519]]
--------------------------------------------------
Step 273:
obs_state: [[ 0.6365 -0.2018  0.1369 -0.032   0.9904  0.1241 -0.0519]]
action: [ 0.6365 -0.1518  0.1869 -0.032   0.9904  0.1241 -0.0519]
next_obs_state: [[ 0.6368 -0.1708  0.1577 -0.0318  0.9904  0.1239 -0.052 ]]
--------------------------------------------------
Step 274:
obs_state: [[ 0.6368 -0.1708  0.1577 -0.0318  0.9904  0.1239 -0.052 ]]
action: [ 0.6368 -0.1208  0.2077 -0.0318  0.9904  0.1239 -0.052 ]
next_obs_state: [[ 0.6368 -0.1533  0.1787 -0.032   0.9904  0.1241 -0.052 ]]
--------------------------------------------------
Step 275:
obs_state: [[ 0.6368 -0.1533  0.1787 -0.032   0.9904  0.1241 -0.052 ]]
action: [ 0.6368 -0.1033  0.1787 -0.032   0.9904  0.1241 -0.052 ]
next_obs_state: [[ 0.6372 -0.1323  0.1994 -0.032   0.9904  0.1239 -0.0521]]
--------------------------------------------------
Step 276:
obs_state: [[ 0.6372 -0.1323  0.1994 -0.032   0.9904  0.1239 -0.0521]]
action: [ 0.6622 -0.0823  0.1994 -0.032   0.9904  0.1239 -0.0521]
next_obs_state: [[ 0.6365 -0.1107  0.1887 -0.032   0.9904  0.1241 -0.0519]]
--------------------------------------------------
Step 277:
obs_state: [[ 0.6365 -0.1107  0.1887 -0.032   0.9904  0.1241 -0.0519]]
action: [ 0.6615 -0.0607  0.1887 -0.032   0.9904  0.1241 -0.0519]
next_obs_state: [[ 0.6529 -0.0905  0.1932 -0.0321  0.9904  0.1239 -0.052 ]]
--------------------------------------------------
Step 278:
obs_state: [[ 0.6529 -0.0905  0.1932 -0.0321  0.9904  0.1239 -0.052 ]]
action: [ 0.6779 -0.0405  0.1932 -0.0321  0.9904  0.1239 -0.052 ]
next_obs_state: [[ 0.6608 -0.0691  0.1921 -0.0321  0.9904  0.1241 -0.0519]]
--------------------------------------------------
Step 279:
obs_state: [[ 0.6608 -0.0691  0.1921 -0.0321  0.9904  0.1241 -0.0519]]
action: [ 0.6858 -0.0191  0.1921 -0.0321  0.9904  0.1241 -0.0519]
next_obs_state: [[ 0.6717 -0.0485  0.1921 -0.0321  0.9904  0.1239 -0.0519]]
--------------------------------------------------
Step 280:
obs_state: [[ 0.6717 -0.0485  0.1921 -0.0321  0.9904  0.1239 -0.0519]]
action: [ 0.6967  0.0015  0.1921 -0.0321  0.9904  0.1239 -0.0519]
next_obs_state: [[ 0.6823 -0.0274  0.1926 -0.0322  0.9904  0.124  -0.0519]]
--------------------------------------------------
Step 281:
obs_state: [[ 0.6823 -0.0274  0.1926 -0.0322  0.9904  0.124  -0.0519]]
action: [ 0.7073  0.0226  0.1926 -0.0322  0.9904  0.124  -0.0519]
next_obs_state: [[ 0.6921 -0.007   0.1923 -0.0322  0.9904  0.1239 -0.0518]]
--------------------------------------------------
Step 282:
obs_state: [[ 0.6921 -0.007   0.1923 -0.0322  0.9904  0.1239 -0.0518]]
action: [ 0.6921  0.043   0.1923 -0.0322  0.9904  0.1239 -0.0518]
next_obs_state: [[ 0.7028  0.0143  0.1926 -0.0323  0.9904  0.124  -0.0518]]
--------------------------------------------------
Step 283:
obs_state: [[ 0.7028  0.0143  0.1926 -0.0323  0.9904  0.124  -0.0518]]
action: [ 0.7028  0.0643  0.1926 -0.0323  0.9904  0.124  -0.0518]
next_obs_state: [[ 0.6974  0.035   0.1922 -0.0323  0.9904  0.1239 -0.0519]]
--------------------------------------------------
Step 284:
obs_state: [[ 0.6974  0.035   0.1922 -0.0323  0.9904  0.1239 -0.0519]]
action: [ 0.6974  0.085   0.1922 -0.0323  0.9904  0.1239 -0.0519]
next_obs_state: [[ 0.6991  0.0557  0.1927 -0.0324  0.9904  0.124  -0.0517]]
--------------------------------------------------
Step 285:
obs_state: [[ 0.6991  0.0557  0.1927 -0.0324  0.9904  0.124  -0.0517]]
action: [ 0.6991  0.1057  0.1927 -0.0324  0.9904  0.124  -0.0517]
next_obs_state: [[ 0.699   0.0768  0.1924 -0.0324  0.9904  0.1239 -0.0519]]
--------------------------------------------------
Step 286:
obs_state: [[ 0.699   0.0768  0.1924 -0.0324  0.9904  0.1239 -0.0519]]
action: [ 0.699   0.1268  0.1924 -0.0324  0.9904  0.1239 -0.0519]
next_obs_state: [[ 0.6986  0.097   0.1925 -0.0325  0.9904  0.124  -0.0517]]
--------------------------------------------------
Step 287:
obs_state: [[ 0.5551  0.0427  0.1815 -0.0324  0.9904  0.124  -0.0519]]
action: [ 0.5551 -0.0073  0.1815 -0.0324  0.9904  0.124  -0.0519]
next_obs_state: [[ 0.5744  0.0536  0.1807 -0.0323  0.9904  0.124  -0.0523]]
--------------------------------------------------
Step 288:
obs_state: [[ 0.5744  0.0536  0.1807 -0.0323  0.9904  0.124  -0.0523]]
action: [ 0.5744  0.0036  0.1807 -0.0323  0.9904  0.124  -0.0523]
next_obs_state: [[ 0.5554  0.0108  0.1815 -0.0322  0.9904  0.1239 -0.0519]]
--------------------------------------------------
Step 289:
obs_state: [[ 0.5554  0.0108  0.1815 -0.0322  0.9904  0.1239 -0.0519]]
action: [ 0.5554 -0.0392  0.1815 -0.0322  0.9904  0.1239 -0.0519]
next_obs_state: [[ 0.5672  0.001   0.1814 -0.0323  0.9904  0.1241 -0.0521]]
--------------------------------------------------
Step 290:
obs_state: [[ 0.5672  0.001   0.1814 -0.0323  0.9904  0.1241 -0.0521]]
action: [ 0.5672 -0.049   0.1814 -0.0323  0.9904  0.1241 -0.0521]
next_obs_state: [[ 0.5619 -0.0238  0.181  -0.0321  0.9904  0.124  -0.0521]]
--------------------------------------------------
Step 291:
obs_state: [[ 0.5619 -0.0238  0.181  -0.0321  0.9904  0.124  -0.0521]]
action: [ 0.5619 -0.0738  0.181  -0.0321  0.9904  0.124  -0.0521]
next_obs_state: [[ 0.5633 -0.0443  0.1815 -0.0323  0.9904  0.1241 -0.0521]]
--------------------------------------------------
Step 292:
obs_state: [[ 0.5633 -0.0443  0.1815 -0.0323  0.9904  0.1241 -0.0521]]
action: [ 0.5633 -0.0943  0.1815 -0.0323  0.9904  0.1241 -0.0521]
next_obs_state: [[ 0.5634 -0.0645  0.1812 -0.032   0.9904  0.124  -0.0522]]
--------------------------------------------------
Step 293:
obs_state: [[ 0.5634 -0.0645  0.1812 -0.032   0.9904  0.124  -0.0522]]
action: [ 0.5634 -0.1145  0.1812 -0.032   0.9904  0.124  -0.0522]
next_obs_state: [[ 0.5629 -0.0861  0.1815 -0.0321  0.9904  0.1241 -0.0521]]
--------------------------------------------------
Step 294:
obs_state: [[ 0.5629 -0.0861  0.1815 -0.0321  0.9904  0.1241 -0.0521]]
action: [ 0.5879 -0.1361  0.1815 -0.0321  0.9904  0.1241 -0.0521]
next_obs_state: [[ 0.5633 -0.1066  0.1814 -0.0319  0.9904  0.124  -0.0522]]
--------------------------------------------------
Step 295:
obs_state: [[ 0.5633 -0.1066  0.1814 -0.0319  0.9904  0.124  -0.0522]]
action: [ 0.5883 -0.1566  0.1814 -0.0319  0.9904  0.124  -0.0522]
next_obs_state: [[ 0.5783 -0.1272  0.1819 -0.032   0.9904  0.1241 -0.052 ]]
--------------------------------------------------
Step 296:
obs_state: [[ 0.5783 -0.1272  0.1819 -0.032   0.9904  0.1241 -0.052 ]]
action: [ 0.5783 -0.1772  0.1819 -0.032   0.9904  0.1241 -0.052 ]
next_obs_state: [[ 0.5872 -0.1484  0.1817 -0.0319  0.9904  0.124  -0.0522]]
--------------------------------------------------
Step 297:
obs_state: [[ 0.5872 -0.1484  0.1817 -0.0319  0.9904  0.124  -0.0522]]
action: [ 0.6122 -0.1984  0.1817 -0.0319  0.9904  0.124  -0.0522]
next_obs_state: [[ 0.5817 -0.1691  0.1817 -0.0319  0.9904  0.1241 -0.0521]]
--------------------------------------------------
Step 298:
obs_state: [[ 0.5817 -0.1691  0.1817 -0.0319  0.9904  0.1241 -0.0521]]
action: [ 0.6067 -0.2191  0.1817 -0.0319  0.9904  0.1241 -0.0521]
next_obs_state: [[ 0.5994 -0.1897  0.1824 -0.0317  0.9904  0.124  -0.052 ]]
--------------------------------------------------
Step 299:
obs_state: [[ 0.5994 -0.1897  0.1824 -0.0317  0.9904  0.124  -0.052 ]]
action: [ 0.5994 -0.1897  0.1574 -0.0317  0.9904  0.124  -0.052 ]
next_obs_state: [[ 0.6076 -0.2111  0.182  -0.0318  0.9904  0.1241 -0.0521]]
--------------------------------------------------
Step 300:
obs_state: [[ 0.6076 -0.2111  0.182  -0.0318  0.9904  0.1241 -0.0521]]
action: [ 0.6326 -0.2111  0.157  -0.0318  0.9904  0.1241 -0.0521]
next_obs_state: [[ 0.602  -0.2004  0.1666 -0.0318  0.9904  0.124  -0.052 ]]
--------------------------------------------------
Step 301:
obs_state: [[ 0.602  -0.2004  0.1666 -0.0318  0.9904  0.124  -0.052 ]]
action: [ 0.627  -0.2004  0.1416 -0.0318  0.9904  0.124  -0.052 ]
next_obs_state: [[ 0.6201 -0.2038  0.1585 -0.0317  0.9904  0.124  -0.052 ]]
--------------------------------------------------
Step 302:
obs_state: [[ 0.6201 -0.2038  0.1585 -0.0317  0.9904  0.124  -0.052 ]]
action: [ 0.6451 -0.2038  0.1335 -0.0317  0.9904  0.124  -0.052 ]
next_obs_state: [[ 0.6277 -0.2037  0.1473 -0.0319  0.9904  0.124  -0.052 ]]
--------------------------------------------------
Step 303:
obs_state: [[ 0.6277 -0.2037  0.1473 -0.0319  0.9904  0.124  -0.052 ]]
action: [ 0.6277 -0.2037  0.1223 -0.0319  0.9904  0.124  -0.052 ]
next_obs_state: [[ 0.6379 -0.2027  0.1374 -0.0317  0.9904  0.124  -0.0519]]
--------------------------------------------------
Step 304:
obs_state: [[ 0.6379 -0.2027  0.1374 -0.0317  0.9904  0.124  -0.0519]]
action: [ 0.6629 -0.2027  0.1124 -0.0317  0.9904  0.124  -0.0519]
next_obs_state: [[ 0.6334 -0.2036  0.1265 -0.0319  0.9904  0.124  -0.0521]]
--------------------------------------------------
Step 305:
obs_state: [[ 0.6334 -0.2036  0.1265 -0.0319  0.9904  0.124  -0.0521]]
action: [ 0.6334 -0.2036  0.1015 -0.0319  0.9904  0.124  -0.0521]
next_obs_state: [[ 0.6501 -0.2029  0.1169 -0.0317  0.9904  0.124  -0.0517]]
--------------------------------------------------
Step 306:
obs_state: [[ 0.6501 -0.2029  0.1169 -0.0317  0.9904  0.124  -0.0517]]
action: [ 0.6501 -0.2029  0.0919 -0.0317  0.9904  0.124  -0.0517]
next_obs_state: [[ 0.6433 -0.2031  0.1056 -0.0319  0.9904  0.1239 -0.0521]]
--------------------------------------------------
Step 307:
obs_state: [[ 0.6433 -0.2031  0.1056 -0.0319  0.9904  0.1239 -0.0521]]
action: [ 0.6433 -0.2031  0.0806 -0.0319  0.9904  0.1239 -0.0521]
next_obs_state: [[ 0.6446 -0.2032  0.0959 -0.0316  0.9904  0.1241 -0.0515]]
--------------------------------------------------
Step 308:
obs_state: [[ 0.6446 -0.2032  0.0959 -0.0316  0.9904  0.1241 -0.0515]]
action: [ 0.6446 -0.2032  0.0709 -0.0316  0.9904  0.1241 -0.0515]
next_obs_state: [[ 0.645  -0.203   0.0851 -0.0319  0.9904  0.1237 -0.0521]]
--------------------------------------------------
Step 309:
obs_state: [[ 0.645  -0.203   0.0851 -0.0319  0.9904  0.1237 -0.0521]]
action: [ 0.645  -0.203   0.0601 -0.0319  0.9904  0.1237 -0.0521]
next_obs_state: [[ 0.644  -0.2031  0.0749 -0.0316  0.9904  0.1241 -0.0516]]
--------------------------------------------------
Step 310:
obs_state: [[ 0.644  -0.2031  0.0749 -0.0316  0.9904  0.1241 -0.0516]]
action: [ 0.644  -0.2031  0.0499 -0.0316  0.9904  0.1241 -0.0516]
next_obs_state: [[ 0.6445 -0.2029  0.0644 -0.0318  0.9904  0.1238 -0.0521]]
--------------------------------------------------
Step 311:
obs_state: [[ 0.6445 -0.2029  0.0644 -0.0318  0.9904  0.1238 -0.0521]]
action: [ 0.6695 -0.2029  0.0394 -0.0318  0.9904  0.1238 -0.0521]
next_obs_state: [[ 0.6441 -0.203   0.054  -0.0317  0.9904  0.1241 -0.0516]]
--------------------------------------------------
Step 312:
obs_state: [[ 0.6441 -0.203   0.054  -0.0317  0.9904  0.1241 -0.0516]]
action: [ 0.6441 -0.203   0.029  -0.0317  0.9904  0.1241 -0.0516]
next_obs_state: [[ 0.6598 -0.2029  0.0441 -0.0318  0.9904  0.1238 -0.0519]]
--------------------------------------------------
Step 313:
obs_state: [[ 0.6598 -0.2029  0.0441 -0.0318  0.9904  0.1238 -0.0519]]
action: [ 0.6598 -0.2029  0.0441 -0.0318  0.9904  0.1238 -0.0519]
next_obs_state: [[ 0.6525 -0.2028  0.033  -0.0317  0.9904  0.124  -0.0518]]
--------------------------------------------------
Step 314:
obs_state: [[ 0.6525 -0.2028  0.033  -0.0317  0.9904  0.124  -0.0518]]
action: [ 0.6525 -0.2028  0.083  -0.0317  0.9904  0.124  -0.0518]
next_obs_state: [[ 0.6546 -0.203   0.0388 -0.0318  0.9904  0.1239 -0.0518]]
--------------------------------------------------
Step 315:
obs_state: [[ 0.6546 -0.203   0.0388 -0.0318  0.9904  0.1239 -0.0518]]
action: [ 0.6546 -0.203   0.0888 -0.0318  0.9904  0.1239 -0.0518]
next_obs_state: [[ 0.6556 -0.2031  0.0681 -0.0317  0.9904  0.1238 -0.0519]]
--------------------------------------------------
Step 316:
obs_state: [[ 0.6556 -0.2031  0.0681 -0.0317  0.9904  0.1238 -0.0519]]
action: [ 0.6556 -0.2031  0.1181 -0.0317  0.9904  0.1238 -0.0519]
next_obs_state: [[ 0.6543 -0.2031  0.0852 -0.0318  0.9904  0.124  -0.0518]]
--------------------------------------------------
Step 317:
obs_state: [[ 0.6543 -0.2031  0.0852 -0.0318  0.9904  0.124  -0.0518]]
action: [ 0.6543 -0.2031  0.1352 -0.0318  0.9904  0.124  -0.0518]
next_obs_state: [[ 0.6557 -0.2032  0.107  -0.0318  0.9904  0.1238 -0.0519]]
--------------------------------------------------
Step 318:
obs_state: [[ 0.6557 -0.2032  0.107  -0.0318  0.9904  0.1238 -0.0519]]
action: [ 0.6557 -0.1532  0.157  -0.0318  0.9904  0.1238 -0.0519]
next_obs_state: [[ 0.6553 -0.2032  0.128  -0.0318  0.9904  0.1239 -0.0518]]
--------------------------------------------------
Step 319:
obs_state: [[ 0.6553 -0.2032  0.128  -0.0318  0.9904  0.1239 -0.0518]]
action: [ 0.6553 -0.1532  0.178  -0.0318  0.9904  0.1239 -0.0518]
next_obs_state: [[ 0.6559 -0.1709  0.1486 -0.032   0.9904  0.1238 -0.0519]]
--------------------------------------------------
Step 320:
obs_state: [[ 0.6559 -0.1709  0.1486 -0.032   0.9904  0.1238 -0.0519]]
action: [ 0.6559 -0.1209  0.1986 -0.032   0.9904  0.1238 -0.0519]
next_obs_state: [[ 0.6559 -0.1547  0.1695 -0.0318  0.9904  0.1239 -0.0519]]
--------------------------------------------------
Step 321:
obs_state: [[ 0.6559 -0.1547  0.1695 -0.0318  0.9904  0.1239 -0.0519]]
action: [ 0.6559 -0.1047  0.2195 -0.0318  0.9904  0.1239 -0.0519]
next_obs_state: [[ 0.6562 -0.1329  0.1903 -0.0322  0.9904  0.1238 -0.0519]]
--------------------------------------------------
Step 322:
obs_state: [[ 0.6562 -0.1329  0.1903 -0.0322  0.9904  0.1238 -0.0519]]
action: [ 0.6562 -0.0829  0.2403 -0.0322  0.9904  0.1238 -0.0519]
next_obs_state: [[ 0.6564 -0.1116  0.2112 -0.0319  0.9904  0.1239 -0.0519]]
--------------------------------------------------
Step 323:
obs_state: [[ 0.6564 -0.1116  0.2112 -0.0319  0.9904  0.1239 -0.0519]]
action: [ 0.6564 -0.0616  0.2612 -0.0319  0.9904  0.1239 -0.0519]
next_obs_state: [[ 0.6567 -0.0914  0.2321 -0.0322  0.9904  0.1238 -0.052 ]]
--------------------------------------------------
Step 324:
obs_state: [[ 0.6567 -0.0914  0.2321 -0.0322  0.9904  0.1238 -0.052 ]]
action: [ 0.6567 -0.0414  0.2321 -0.0322  0.9904  0.1238 -0.052 ]
next_obs_state: [[ 0.6569 -0.07    0.253  -0.0321  0.9904  0.1239 -0.0519]]
--------------------------------------------------
Step 325:
obs_state: [[ 0.6569 -0.07    0.253  -0.0321  0.9904  0.1239 -0.0519]]
action: [ 0.6569 -0.02    0.253  -0.0321  0.9904  0.1239 -0.0519]
next_obs_state: [[ 0.6562 -0.0495  0.2421 -0.0323  0.9904  0.1238 -0.0519]]
--------------------------------------------------
Step 326:
obs_state: [[ 0.6562 -0.0495  0.2421 -0.0323  0.9904  0.1238 -0.0519]]
action: [ 6.5622e-01  4.5078e-04  2.4209e-01 -3.2309e-02  9.9042e-01  1.2378e-01
 -5.1908e-02]
next_obs_state: [[ 0.657  -0.0284  0.2462 -0.0322  0.9904  0.1238 -0.052 ]]
--------------------------------------------------
Step 327:
obs_state: [[ 0.657  -0.0284  0.2462 -0.0322  0.9904  0.1238 -0.052 ]]
action: [ 0.657   0.0216  0.2462 -0.0322  0.9904  0.1238 -0.052 ]
next_obs_state: [[ 0.6564 -0.0076  0.2455 -0.0324  0.9904  0.1238 -0.0519]]
--------------------------------------------------
Step 328:
obs_state: [[ 0.6564 -0.0076  0.2455 -0.0324  0.9904  0.1238 -0.0519]]
action: [ 0.6564  0.0424  0.2455 -0.0324  0.9904  0.1238 -0.0519]
next_obs_state: [[ 0.6569  0.0132  0.245  -0.0323  0.9904  0.1238 -0.0519]]
--------------------------------------------------
Step 329:
obs_state: [[ 0.6569  0.0132  0.245  -0.0323  0.9904  0.1238 -0.0519]]
action: [ 0.6569  0.0632  0.245  -0.0323  0.9904  0.1238 -0.0519]
next_obs_state: [[ 0.6565  0.0345  0.2457 -0.0325  0.9904  0.1238 -0.0519]]
--------------------------------------------------
Step 330:
obs_state: [[ 0.6565  0.0345  0.2457 -0.0325  0.9904  0.1238 -0.0519]]
action: [ 0.6565  0.0845  0.2457 -0.0325  0.9904  0.1238 -0.0519]
next_obs_state: [[ 0.6566  0.0551  0.2452 -0.0324  0.9904  0.1238 -0.0519]]
--------------------------------------------------
Step 331:
obs_state: [[ 0.6566  0.0551  0.2452 -0.0324  0.9904  0.1238 -0.0519]]
action: [ 0.6816  0.1051  0.2452 -0.0324  0.9904  0.1238 -0.0519]
next_obs_state: [[ 0.6566  0.0762  0.2455 -0.0325  0.9904  0.1238 -0.0519]]
--------------------------------------------------
Step 332:
obs_state: [[ 0.6566  0.0762  0.2455 -0.0325  0.9904  0.1238 -0.0519]]
action: [ 0.6816  0.1262  0.2455 -0.0325  0.9904  0.1238 -0.0519]
next_obs_state: [[ 0.672   0.097   0.2458 -0.0325  0.9904  0.1238 -0.0518]]
--------------------------------------------------
Step 333:
obs_state: [[ 0.5551  0.0427  0.1815 -0.0324  0.9904  0.124  -0.0519]]
action: [ 0.5551 -0.0073  0.1815 -0.0324  0.9904  0.124  -0.0519]
next_obs_state: [[ 0.5714  0.0533  0.1882 -0.0323  0.9904  0.124  -0.0522]]
--------------------------------------------------
Step 334:
obs_state: [[ 0.5714  0.0533  0.1882 -0.0323  0.9904  0.124  -0.0522]]
action: [ 0.5714  0.0033  0.1882 -0.0323  0.9904  0.124  -0.0522]
next_obs_state: [[ 0.5554  0.0109  0.1815 -0.0322  0.9904  0.1239 -0.0519]]
--------------------------------------------------
Step 335:
obs_state: [[ 0.5554  0.0109  0.1815 -0.0322  0.9904  0.1239 -0.0519]]
action: [ 0.5554 -0.0391  0.1815 -0.0322  0.9904  0.1239 -0.0519]
next_obs_state: [[ 5.6544e-01  8.3517e-04  1.8605e-01 -3.2305e-02  9.9037e-01  1.2415e-01
  -5.2088e-02]]
--------------------------------------------------
Step 336:
obs_state: [[ 5.6544e-01  8.3517e-04  1.8605e-01 -3.2305e-02  9.9037e-01  1.2415e-01
  -5.2088e-02]]
action: [ 0.5654 -0.0492  0.186  -0.0323  0.9904  0.1241 -0.0521]
next_obs_state: [[ 0.5608 -0.0234  0.1836 -0.0321  0.9904  0.1239 -0.052 ]]
--------------------------------------------------
Step 337:
obs_state: [[ 0.5608 -0.0234  0.1836 -0.0321  0.9904  0.1239 -0.052 ]]
action: [ 0.5858 -0.0734  0.1836 -0.0321  0.9904  0.1239 -0.052 ]
next_obs_state: [[ 0.5622 -0.0443  0.1847 -0.0322  0.9904  0.1241 -0.052 ]]
--------------------------------------------------
Step 338:
obs_state: [[ 0.5622 -0.0443  0.1847 -0.0322  0.9904  0.1241 -0.052 ]]
action: [ 0.5872 -0.0943  0.1847 -0.0322  0.9904  0.1241 -0.052 ]
next_obs_state: [[ 0.5773 -0.0636  0.1849 -0.032   0.9904  0.124  -0.0519]]
--------------------------------------------------
Step 339:
obs_state: [[ 0.5773 -0.0636  0.1849 -0.032   0.9904  0.124  -0.0519]]
action: [ 0.6023 -0.1136  0.1849 -0.032   0.9904  0.124  -0.0519]
next_obs_state: [[ 0.5859 -0.0859  0.1846 -0.0321  0.9904  0.1241 -0.052 ]]
--------------------------------------------------
Step 340:
obs_state: [[ 0.5859 -0.0859  0.1846 -0.0321  0.9904  0.1241 -0.052 ]]
action: [ 0.6109 -0.1359  0.1846 -0.0321  0.9904  0.1241 -0.052 ]
next_obs_state: [[ 0.5965 -0.106   0.1852 -0.0319  0.9904  0.124  -0.0519]]
--------------------------------------------------
Step 341:
obs_state: [[ 0.5965 -0.106   0.1852 -0.0319  0.9904  0.124  -0.0519]]
action: [ 0.6215 -0.156   0.1852 -0.0319  0.9904  0.124  -0.0519]
next_obs_state: [[ 0.607  -0.1269  0.1851 -0.032   0.9904  0.1241 -0.052 ]]
--------------------------------------------------
Step 342:
obs_state: [[ 0.607  -0.1269  0.1851 -0.032   0.9904  0.1241 -0.052 ]]
action: [ 0.632  -0.1769  0.1851 -0.032   0.9904  0.1241 -0.052 ]
next_obs_state: [[ 0.6171 -0.1479  0.1853 -0.0318  0.9904  0.1241 -0.0519]]
--------------------------------------------------
Step 343:
obs_state: [[ 0.6171 -0.1479  0.1853 -0.0318  0.9904  0.1241 -0.0519]]
action: [ 0.6421 -0.1979  0.1853 -0.0318  0.9904  0.1241 -0.0519]
next_obs_state: [[ 0.6277 -0.169   0.1855 -0.0319  0.9904  0.1241 -0.0519]]
--------------------------------------------------
Step 344:
obs_state: [[ 0.6277 -0.169   0.1855 -0.0319  0.9904  0.1241 -0.0519]]
action: [ 0.6277 -0.169   0.1605 -0.0319  0.9904  0.1241 -0.0519]
next_obs_state: [[ 0.6376 -0.1891  0.1856 -0.0317  0.9904  0.124  -0.0518]]
--------------------------------------------------
Step 345:
obs_state: [[ 0.6376 -0.1891  0.1856 -0.0317  0.9904  0.124  -0.0518]]
action: [ 0.6376 -0.2391  0.1606 -0.0317  0.9904  0.124  -0.0518]
next_obs_state: [[ 0.6324 -0.1789  0.1692 -0.032   0.9904  0.1241 -0.0519]]
--------------------------------------------------
Step 346:
obs_state: [[ 0.6324 -0.1789  0.1692 -0.032   0.9904  0.1241 -0.0519]]
action: [ 0.6324 -0.2289  0.1442 -0.032   0.9904  0.1241 -0.0519]
next_obs_state: [[ 0.6339 -0.2143  0.1618 -0.0314  0.9904  0.1241 -0.0518]]
--------------------------------------------------
Step 347:
obs_state: [[ 0.6339 -0.2143  0.1618 -0.0314  0.9904  0.1241 -0.0518]]
action: [ 0.6339 -0.2143  0.1368 -0.0314  0.9904  0.1241 -0.0518]
next_obs_state: [[ 0.6336 -0.2307  0.1505 -0.0319  0.9904  0.1243 -0.0519]]
--------------------------------------------------
Step 348:
obs_state: [[ 0.6336 -0.2307  0.1505 -0.0319  0.9904  0.1243 -0.0519]]
action: [ 0.6586 -0.2307  0.1255 -0.0319  0.9904  0.1243 -0.0519]
next_obs_state: [[ 0.6333 -0.2197  0.1399 -0.0315  0.9904  0.1241 -0.0518]]
--------------------------------------------------
Step 349:
obs_state: [[ 0.6333 -0.2197  0.1399 -0.0315  0.9904  0.1241 -0.0518]]
action: [ 0.6333 -0.2197  0.1149 -0.0315  0.9904  0.1241 -0.0518]
next_obs_state: [[ 0.6491 -0.2249  0.1303 -0.0318  0.9904  0.1242 -0.0518]]
--------------------------------------------------
Step 350:
obs_state: [[ 0.6491 -0.2249  0.1303 -0.0318  0.9904  0.1242 -0.0518]]
action: [ 0.6491 -0.2249  0.1053 -0.0318  0.9904  0.1242 -0.0518]
next_obs_state: [[ 0.6418 -0.2233  0.1188 -0.0316  0.9904  0.1243 -0.0519]]
--------------------------------------------------
Step 351:
obs_state: [[ 0.6418 -0.2233  0.1188 -0.0316  0.9904  0.1243 -0.0519]]
action: [ 0.6418 -0.2233  0.0938 -0.0316  0.9904  0.1243 -0.0519]
next_obs_state: [[ 0.6438 -0.2232  0.1093 -0.0317  0.9904  0.1242 -0.0516]]
--------------------------------------------------
Step 352:
obs_state: [[ 0.6438 -0.2232  0.1093 -0.0317  0.9904  0.1242 -0.0516]]
action: [ 0.6438 -0.2232  0.0843 -0.0317  0.9904  0.1242 -0.0516]
next_obs_state: [[ 0.6438 -0.2237  0.0982 -0.0316  0.9904  0.1242 -0.0519]]
--------------------------------------------------
Step 353:
obs_state: [[ 0.6438 -0.2237  0.0982 -0.0316  0.9904  0.1242 -0.0519]]
action: [ 0.6438 -0.1737  0.0732 -0.0316  0.9904  0.1242 -0.0519]
next_obs_state: [[ 0.6429 -0.2232  0.0882 -0.0317  0.9904  0.1242 -0.0516]]
--------------------------------------------------
Step 354:
obs_state: [[ 0.6429 -0.2232  0.0882 -0.0317  0.9904  0.1242 -0.0516]]
action: [ 0.6429 -0.2232  0.0632 -0.0317  0.9904  0.1242 -0.0516]
next_obs_state: [[ 0.6435 -0.1915  0.0773 -0.0318  0.9904  0.1242 -0.0519]]
--------------------------------------------------
Step 355:
obs_state: [[ 0.6435 -0.1915  0.0773 -0.0318  0.9904  0.1242 -0.0519]]
action: [ 0.6435 -0.1915  0.0523 -0.0318  0.9904  0.1242 -0.0519]
next_obs_state: [[ 0.6431 -0.2058  0.0675 -0.0315  0.9904  0.1242 -0.0516]]
--------------------------------------------------
Step 356:
obs_state: [[ 0.6431 -0.2058  0.0675 -0.0315  0.9904  0.1242 -0.0516]]
action: [ 0.6431 -0.2058  0.0425 -0.0315  0.9904  0.1242 -0.0516]
next_obs_state: [[ 0.643  -0.2019  0.0566 -0.0319  0.9904  0.1242 -0.0518]]
--------------------------------------------------
Step 357:
obs_state: [[ 0.643  -0.2019  0.0566 -0.0319  0.9904  0.1242 -0.0518]]
action: [ 0.643  -0.2019  0.0316 -0.0319  0.9904  0.1242 -0.0518]
next_obs_state: [[ 0.643  -0.2013  0.0465 -0.0314  0.9904  0.1241 -0.0516]]
--------------------------------------------------
Step 358:
obs_state: [[ 0.643  -0.2013  0.0465 -0.0314  0.9904  0.1241 -0.0516]]
action: [ 0.643  -0.2013  0.0215 -0.0314  0.9904  0.1241 -0.0516]
next_obs_state: [[ 0.6428 -0.2029  0.0361 -0.0319  0.9904  0.1244 -0.0517]]
--------------------------------------------------
Step 359:
obs_state: [[ 0.6428 -0.2029  0.0361 -0.0319  0.9904  0.1244 -0.0517]]
action: [ 0.6428 -0.2029  0.0861 -0.0319  0.9904  0.1244 -0.0517]
next_obs_state: [[ 0.6427 -0.2015  0.0256 -0.0315  0.9904  0.1242 -0.0516]]
--------------------------------------------------
Step 360:
obs_state: [[ 0.6427 -0.2015  0.0256 -0.0315  0.9904  0.1242 -0.0516]]
action: [ 0.6427 -0.2015  0.0756 -0.0315  0.9904  0.1242 -0.0516]
next_obs_state: [[ 0.644  -0.2027  0.0627 -0.0319  0.9904  0.1243 -0.0518]]
--------------------------------------------------
Step 361:
obs_state: [[ 0.644  -0.2027  0.0627 -0.0319  0.9904  0.1243 -0.0518]]
action: [ 0.644  -0.2027  0.1127 -0.0319  0.9904  0.1243 -0.0518]
next_obs_state: [[ 0.6428 -0.2021  0.0774 -0.0315  0.9904  0.1242 -0.0517]]
--------------------------------------------------
Step 362:
obs_state: [[ 0.6428 -0.2021  0.0774 -0.0315  0.9904  0.1242 -0.0517]]
action: [ 0.6428 -0.2021  0.1274 -0.0315  0.9904  0.1242 -0.0517]
next_obs_state: [[ 0.6441 -0.2025  0.0993 -0.0319  0.9904  0.1242 -0.0518]]
--------------------------------------------------
Step 363:
obs_state: [[ 0.6441 -0.2025  0.0993 -0.0319  0.9904  0.1242 -0.0518]]
action: [ 0.6441 -0.1525  0.1493 -0.0319  0.9904  0.1242 -0.0518]
next_obs_state: [[ 0.6437 -0.2024  0.1208 -0.0316  0.9904  0.1242 -0.0517]]
--------------------------------------------------
Step 364:
obs_state: [[ 0.6437 -0.2024  0.1208 -0.0316  0.9904  0.1242 -0.0517]]
action: [ 0.6437 -0.1524  0.1708 -0.0316  0.9904  0.1242 -0.0517]
next_obs_state: [[ 0.6443 -0.171   0.1404 -0.0321  0.9904  0.1242 -0.0518]]
--------------------------------------------------
Step 365:
obs_state: [[ 0.6443 -0.171   0.1404 -0.0321  0.9904  0.1242 -0.0518]]
action: [ 0.6443 -0.121   0.1904 -0.0321  0.9904  0.1242 -0.0518]
next_obs_state: [[ 0.6444 -0.154   0.1621 -0.0317  0.9904  0.1242 -0.0517]]
--------------------------------------------------
Step 366:
obs_state: [[ 0.6444 -0.154   0.1621 -0.0317  0.9904  0.1242 -0.0517]]
action: [ 0.6444 -0.104   0.2121 -0.0317  0.9904  0.1242 -0.0517]
next_obs_state: [[ 0.6446 -0.1333  0.1821 -0.0322  0.9904  0.1242 -0.0518]]
--------------------------------------------------
Step 367:
obs_state: [[ 0.6446 -0.1333  0.1821 -0.0322  0.9904  0.1242 -0.0518]]
action: [ 0.6446 -0.0833  0.1821 -0.0322  0.9904  0.1242 -0.0518]
next_obs_state: [[ 0.6449 -0.1113  0.2034 -0.0318  0.9904  0.1241 -0.0518]]
--------------------------------------------------
Step 368:
obs_state: [[ 0.6449 -0.1113  0.2034 -0.0318  0.9904  0.1241 -0.0518]]
action: [ 0.6449 -0.0613  0.2034 -0.0318  0.9904  0.1241 -0.0518]
next_obs_state: [[ 0.6442 -0.0913  0.1921 -0.0322  0.9904  0.1241 -0.0517]]
--------------------------------------------------
Step 369:
obs_state: [[ 0.6442 -0.0913  0.1921 -0.0322  0.9904  0.1241 -0.0517]]
action: [ 0.6442 -0.0413  0.1921 -0.0322  0.9904  0.1241 -0.0517]
next_obs_state: [[ 0.6451 -0.0701  0.1964 -0.0319  0.9904  0.1241 -0.0518]]
--------------------------------------------------
Step 370:
obs_state: [[ 0.6451 -0.0701  0.1964 -0.0319  0.9904  0.1241 -0.0518]]
action: [ 0.6451 -0.0201  0.1964 -0.0319  0.9904  0.1241 -0.0518]
next_obs_state: [[ 0.6443 -0.0492  0.1956 -0.0323  0.9904  0.1242 -0.0517]]
--------------------------------------------------
Step 371:
obs_state: [[ 0.6443 -0.0492  0.1956 -0.0323  0.9904  0.1242 -0.0517]]
action: [ 6.4431e-01  8.1957e-04  1.9559e-01 -3.2287e-02  9.9039e-01  1.2417e-01
 -5.1736e-02]
next_obs_state: [[ 0.6449 -0.0288  0.195  -0.0321  0.9904  0.1241 -0.0517]]
--------------------------------------------------
Step 372:
obs_state: [[ 0.6449 -0.0288  0.195  -0.0321  0.9904  0.1241 -0.0517]]
action: [ 0.6699  0.0212  0.195  -0.0321  0.9904  0.1241 -0.0517]
next_obs_state: [[ 0.6445 -0.0075  0.1958 -0.0324  0.9904  0.1242 -0.0517]]
--------------------------------------------------
Step 373:
obs_state: [[ 0.6445 -0.0075  0.1958 -0.0324  0.9904  0.1242 -0.0517]]
action: [ 0.6695  0.0425  0.1958 -0.0324  0.9904  0.1242 -0.0517]
next_obs_state: [[ 0.6603  0.0132  0.1956 -0.0322  0.9904  0.1241 -0.0516]]
--------------------------------------------------
Step 374:
obs_state: [[ 0.6603  0.0132  0.1956 -0.0322  0.9904  0.1241 -0.0516]]
action: [ 0.6853  0.0632  0.1956 -0.0322  0.9904  0.1241 -0.0516]
next_obs_state: [[ 0.6688  0.034   0.1957 -0.0324  0.9904  0.1242 -0.0517]]
--------------------------------------------------
Step 375:
obs_state: [[ 0.6688  0.034   0.1957 -0.0324  0.9904  0.1242 -0.0517]]
action: [ 0.6938  0.084   0.1957 -0.0324  0.9904  0.1242 -0.0517]
next_obs_state: [[ 0.6792  0.055   0.196  -0.0323  0.9904  0.1241 -0.0515]]
--------------------------------------------------
Step 376:
obs_state: [[ 0.6792  0.055   0.196  -0.0323  0.9904  0.1241 -0.0515]]
action: [ 0.7042  0.105   0.196  -0.0323  0.9904  0.1241 -0.0515]
next_obs_state: [[ 0.69    0.0759  0.1959 -0.0325  0.9904  0.1241 -0.0516]]
--------------------------------------------------
Step 377:
obs_state: [[ 0.69    0.0759  0.1959 -0.0325  0.9904  0.1241 -0.0516]]
action: [ 0.69    0.1259  0.1959 -0.0325  0.9904  0.1241 -0.0516]
next_obs_state: [[ 0.6997  0.0964  0.1962 -0.0324  0.9904  0.1241 -0.0514]]
--------------------------------------------------
Step 378:
obs_state: [[ 0.5551  0.0427  0.1815 -0.0324  0.9904  0.124  -0.0519]]
action: [ 0.5551 -0.0073  0.1815 -0.0324  0.9904  0.124  -0.0519]
next_obs_state: [[ 0.5726  0.0532  0.1813 -0.0323  0.9904  0.124  -0.0523]]
--------------------------------------------------
Step 379:
obs_state: [[ 0.5726  0.0532  0.1813 -0.0323  0.9904  0.124  -0.0523]]
action: [ 0.5726  0.0032  0.1813 -0.0323  0.9904  0.124  -0.0523]
next_obs_state: [[ 0.5554  0.0109  0.1815 -0.0322  0.9904  0.1239 -0.0519]]
--------------------------------------------------
Step 380:
obs_state: [[ 0.5554  0.0109  0.1815 -0.0322  0.9904  0.1239 -0.0519]]
action: [ 0.5554 -0.0391  0.1815 -0.0322  0.9904  0.1239 -0.0519]
next_obs_state: [[ 5.6608e-01  7.1317e-04  1.8173e-01 -3.2343e-02  9.9036e-01  1.2414e-01
  -5.2157e-02]]
--------------------------------------------------
Step 381:
obs_state: [[ 5.6608e-01  7.1317e-04  1.8173e-01 -3.2343e-02  9.9036e-01  1.2414e-01
  -5.2157e-02]]
action: [ 0.5661 -0.0493  0.1817 -0.0323  0.9904  0.1241 -0.0522]
next_obs_state: [[ 0.5615 -0.0232  0.1813 -0.0321  0.9904  0.1239 -0.052 ]]
--------------------------------------------------
Step 382:
obs_state: [[ 0.5615 -0.0232  0.1813 -0.0321  0.9904  0.1239 -0.052 ]]
action: [ 0.5615 -0.0732  0.1813 -0.0321  0.9904  0.1239 -0.052 ]
next_obs_state: [[ 0.5626 -0.0444  0.1818 -0.0323  0.9904  0.1241 -0.0521]]
--------------------------------------------------
Step 383:
obs_state: [[ 0.5626 -0.0444  0.1818 -0.0323  0.9904  0.1241 -0.0521]]
action: [ 0.5626 -0.0944  0.1818 -0.0323  0.9904  0.1241 -0.0521]
next_obs_state: [[ 0.5628 -0.0642  0.1815 -0.032   0.9904  0.124  -0.0521]]
--------------------------------------------------
Step 384:
obs_state: [[ 0.5628 -0.0642  0.1815 -0.032   0.9904  0.124  -0.0521]]
action: [ 0.5628 -0.1142  0.1815 -0.032   0.9904  0.124  -0.0521]
next_obs_state: [[ 0.5622 -0.0856  0.1817 -0.0322  0.9904  0.1241 -0.0521]]
--------------------------------------------------
Step 385:
obs_state: [[ 0.5622 -0.0856  0.1817 -0.0322  0.9904  0.1241 -0.0521]]
action: [ 0.5622 -0.1356  0.1817 -0.0322  0.9904  0.1241 -0.0521]
next_obs_state: [[ 0.5626 -0.1064  0.1817 -0.0319  0.9904  0.124  -0.0521]]
--------------------------------------------------
Step 386:
obs_state: [[ 0.5626 -0.1064  0.1817 -0.0319  0.9904  0.124  -0.0521]]
action: [ 0.5626 -0.1564  0.1817 -0.0319  0.9904  0.124  -0.0521]
next_obs_state: [[ 0.5623 -0.1275  0.1817 -0.032   0.9904  0.1241 -0.0521]]
--------------------------------------------------
Step 387:
obs_state: [[ 0.5623 -0.1275  0.1817 -0.032   0.9904  0.1241 -0.0521]]
action: [ 0.5873 -0.1775  0.1817 -0.032   0.9904  0.1241 -0.0521]
next_obs_state: [[ 0.5624 -0.1479  0.1818 -0.0319  0.9904  0.124  -0.0521]]
--------------------------------------------------
Step 388:
obs_state: [[ 0.5624 -0.1479  0.1818 -0.0319  0.9904  0.124  -0.0521]]
action: [ 0.5874 -0.1979  0.1818 -0.0319  0.9904  0.124  -0.0521]
next_obs_state: [[ 0.578  -0.1691  0.1823 -0.0319  0.9904  0.1241 -0.052 ]]
--------------------------------------------------
Step 389:
obs_state: [[ 0.578  -0.1691  0.1823 -0.0319  0.9904  0.1241 -0.052 ]]
action: [ 0.603  -0.1691  0.1823 -0.0319  0.9904  0.1241 -0.052 ]
next_obs_state: [[ 0.5865 -0.1896  0.1821 -0.0318  0.9904  0.124  -0.0521]]
--------------------------------------------------
Step 390:
obs_state: [[ 0.5865 -0.1896  0.1821 -0.0318  0.9904  0.124  -0.0521]]
action: [ 0.6115 -0.1896  0.1821 -0.0318  0.9904  0.124  -0.0521]
next_obs_state: [[ 0.5971 -0.179   0.1823 -0.032   0.9904  0.124  -0.052 ]]
--------------------------------------------------
Step 391:
obs_state: [[ 0.5971 -0.179   0.1823 -0.032   0.9904  0.124  -0.052 ]]
action: [ 0.6221 -0.179   0.1573 -0.032   0.9904  0.124  -0.052 ]
next_obs_state: [[ 0.6078 -0.1828  0.1824 -0.0317  0.9904  0.124  -0.0521]]
--------------------------------------------------
Step 392:
obs_state: [[ 0.6078 -0.1828  0.1824 -0.0317  0.9904  0.124  -0.0521]]
action: [ 0.6328 -0.1828  0.1574 -0.0317  0.9904  0.124  -0.0521]
next_obs_state: [[ 0.6173 -0.1822  0.1665 -0.032   0.9904  0.1241 -0.0519]]
--------------------------------------------------
Step 393:
obs_state: [[ 0.6173 -0.1822  0.1665 -0.032   0.9904  0.1241 -0.0519]]
action: [ 0.6423 -0.1822  0.1415 -0.032   0.9904  0.1241 -0.0519]
next_obs_state: [[ 0.6283 -0.1816  0.1584 -0.0317  0.9904  0.124  -0.052 ]]
--------------------------------------------------
Step 394:
obs_state: [[ 0.6283 -0.1816  0.1584 -0.0317  0.9904  0.124  -0.052 ]]
action: [ 0.6533 -0.1816  0.1334 -0.0317  0.9904  0.124  -0.052 ]
next_obs_state: [[ 0.6377 -0.1822  0.148  -0.032   0.9904  0.1241 -0.0518]]
--------------------------------------------------
Step 395:
obs_state: [[ 0.6377 -0.1822  0.148  -0.032   0.9904  0.1241 -0.0518]]
action: [ 0.6377 -0.1822  0.123  -0.032   0.9904  0.1241 -0.0518]
next_obs_state: [[ 0.6487 -0.1817  0.1371 -0.0317  0.9904  0.124  -0.0519]]
--------------------------------------------------
Step 396:
obs_state: [[ 0.6487 -0.1817  0.1371 -0.0317  0.9904  0.124  -0.0519]]
action: [ 0.6487 -0.1817  0.1121 -0.0317  0.9904  0.124  -0.0519]
next_obs_state: [[ 0.6429 -0.1819  0.1268 -0.032   0.9904  0.124  -0.0519]]
--------------------------------------------------
Step 397:
obs_state: [[ 0.6429 -0.1819  0.1268 -0.032   0.9904  0.124  -0.0519]]
action: [ 0.6429 -0.1819  0.1018 -0.032   0.9904  0.124  -0.0519]
next_obs_state: [[ 0.6446 -0.1818  0.1167 -0.0317  0.9904  0.124  -0.0518]]
--------------------------------------------------
Step 398:
obs_state: [[ 0.6446 -0.1818  0.1167 -0.0317  0.9904  0.124  -0.0518]]
action: [ 0.6446 -0.1818  0.0917 -0.0317  0.9904  0.124  -0.0518]
next_obs_state: [[ 0.6445 -0.1818  0.1058 -0.0319  0.9904  0.124  -0.0519]]
--------------------------------------------------
Step 399:
obs_state: [[ 0.6445 -0.1818  0.1058 -0.0319  0.9904  0.124  -0.0519]]
action: [ 0.6445 -0.1818  0.0808 -0.0319  0.9904  0.124  -0.0519]
next_obs_state: [[ 0.6438 -0.1818  0.0957 -0.0318  0.9904  0.1241 -0.0518]]
--------------------------------------------------
Step 400:
obs_state: [[ 0.6438 -0.1818  0.0957 -0.0318  0.9904  0.1241 -0.0518]]
action: [ 0.6438 -0.1818  0.0707 -0.0318  0.9904  0.1241 -0.0518]
next_obs_state: [[ 0.6442 -0.1817  0.0852 -0.0319  0.9904  0.1239 -0.0519]]
--------------------------------------------------
Step 401:
obs_state: [[ 0.6442 -0.1817  0.0852 -0.0319  0.9904  0.1239 -0.0519]]
action: [ 0.6442 -0.1817  0.0602 -0.0319  0.9904  0.1239 -0.0519]
next_obs_state: [[ 0.6438 -0.1817  0.0749 -0.0318  0.9904  0.1241 -0.0518]]
--------------------------------------------------
Step 402:
obs_state: [[ 0.6438 -0.1817  0.0749 -0.0318  0.9904  0.1241 -0.0518]]
action: [ 0.6438 -0.1817  0.0499 -0.0318  0.9904  0.1241 -0.0518]
next_obs_state: [[ 0.6438 -0.1817  0.0644 -0.0319  0.9904  0.1239 -0.0518]]
--------------------------------------------------
Step 403:
obs_state: [[ 0.6438 -0.1817  0.0644 -0.0319  0.9904  0.1239 -0.0518]]
action: [ 0.6438 -0.1817  0.0394 -0.0319  0.9904  0.1239 -0.0518]
next_obs_state: [[ 0.6437 -0.1816  0.0542 -0.0318  0.9904  0.1241 -0.0518]]
--------------------------------------------------
Step 404:
obs_state: [[ 0.6437 -0.1816  0.0542 -0.0318  0.9904  0.1241 -0.0518]]
action: [ 0.6437 -0.1816  0.0292 -0.0318  0.9904  0.1241 -0.0518]
next_obs_state: [[ 0.6435 -0.1816  0.0437 -0.0319  0.9904  0.1239 -0.0518]]
--------------------------------------------------
Step 405:
obs_state: [[ 0.6435 -0.1816  0.0437 -0.0319  0.9904  0.1239 -0.0518]]
action: [ 0.6435 -0.1816  0.0437 -0.0319  0.9904  0.1239 -0.0518]
next_obs_state: [[ 0.6434 -0.1816  0.0333 -0.0318  0.9904  0.1241 -0.0518]]
--------------------------------------------------
Step 406:
obs_state: [[ 0.6434 -0.1816  0.0333 -0.0318  0.9904  0.1241 -0.0518]]
action: [ 0.6434 -0.1816  0.0833 -0.0318  0.9904  0.1241 -0.0518]
next_obs_state: [[ 0.6439 -0.1817  0.0386 -0.0319  0.9904  0.1241 -0.0518]]
--------------------------------------------------
Step 407:
obs_state: [[ 0.6439 -0.1817  0.0386 -0.0319  0.9904  0.1241 -0.0518]]
action: [ 0.6439 -0.1817  0.0886 -0.0319  0.9904  0.1241 -0.0518]
next_obs_state: [[ 0.6443 -0.1818  0.0683 -0.0318  0.9904  0.1241 -0.0518]]
--------------------------------------------------
Step 408:
obs_state: [[ 0.6443 -0.1818  0.0683 -0.0318  0.9904  0.1241 -0.0518]]
action: [ 0.6443 -0.2318  0.1183 -0.0318  0.9904  0.1241 -0.0518]
next_obs_state: [[ 0.6441 -0.1817  0.0852 -0.0319  0.9904  0.1241 -0.0518]]
--------------------------------------------------
Step 409:
obs_state: [[ 0.6441 -0.1817  0.0852 -0.0319  0.9904  0.1241 -0.0518]]
action: [ 0.6191 -0.2317  0.0852 -0.0319  0.9904  0.1241 -0.0518]
next_obs_state: [[ 0.6445 -0.2135  0.1074 -0.0316  0.9904  0.1241 -0.0519]]
--------------------------------------------------
Step 410:
obs_state: [[ 0.6445 -0.2135  0.1074 -0.0316  0.9904  0.1241 -0.0519]]
action: [ 0.6445 -0.2135  0.0824 -0.0316  0.9904  0.1241 -0.0519]
next_obs_state: [[ 0.6279 -0.2302  0.096  -0.0318  0.9904  0.1241 -0.0519]]
--------------------------------------------------
Step 411:
obs_state: [[ 0.6279 -0.2302  0.096  -0.0318  0.9904  0.1241 -0.0519]]
action: [ 0.6029 -0.2302  0.071  -0.0318  0.9904  0.1241 -0.0519]
next_obs_state: [[ 0.6354 -0.2203  0.0846 -0.0317  0.9904  0.1241 -0.0518]]
--------------------------------------------------
Step 412:
obs_state: [[ 0.6354 -0.2203  0.0846 -0.0317  0.9904  0.1241 -0.0518]]
action: [ 0.6354 -0.2203  0.0596 -0.0317  0.9904  0.1241 -0.0518]
next_obs_state: [[ 0.6174 -0.2245  0.0748 -0.0318  0.9904  0.1241 -0.0521]]
--------------------------------------------------
Step 413:
obs_state: [[ 0.6174 -0.2245  0.0748 -0.0318  0.9904  0.1241 -0.0521]]
action: [ 0.6174 -0.2245  0.0498 -0.0318  0.9904  0.1241 -0.0521]
next_obs_state: [[ 0.6244 -0.2234  0.0645 -0.0317  0.9904  0.1241 -0.0516]]
--------------------------------------------------
Step 414:
obs_state: [[ 0.6244 -0.2234  0.0645 -0.0317  0.9904  0.1241 -0.0516]]
action: [ 0.6244 -0.2234  0.0395 -0.0317  0.9904  0.1241 -0.0516]
next_obs_state: [[ 0.623  -0.223   0.0538 -0.0318  0.9904  0.1241 -0.0521]]
--------------------------------------------------
Step 415:
obs_state: [[ 0.623  -0.223   0.0538 -0.0318  0.9904  0.1241 -0.0521]]
action: [ 0.623  -0.223   0.0288 -0.0318  0.9904  0.1241 -0.0521]
next_obs_state: [[ 0.622  -0.2237  0.0437 -0.0317  0.9904  0.1244 -0.0516]]
--------------------------------------------------
Step 416:
obs_state: [[ 0.622  -0.2237  0.0437 -0.0317  0.9904  0.1244 -0.0516]]
action: [ 0.622  -0.2237  0.0187 -0.0317  0.9904  0.1244 -0.0516]
next_obs_state: [[ 0.6231 -0.2231  0.0331 -0.0318  0.9904  0.1241 -0.0521]]
--------------------------------------------------
Step 417:
obs_state: [[ 0.6231 -0.2231  0.0331 -0.0318  0.9904  0.1241 -0.0521]]
action: [ 0.6231 -0.2231  0.0831 -0.0318  0.9904  0.1241 -0.0521]
next_obs_state: [[ 0.6222 -0.2233  0.0228 -0.0317  0.9904  0.1243 -0.0516]]
--------------------------------------------------
Step 418:
obs_state: [[ 0.6222 -0.2233  0.0228 -0.0317  0.9904  0.1243 -0.0516]]
action: [ 0.6222 -0.2233  0.0728 -0.0317  0.9904  0.1243 -0.0516]
next_obs_state: [[ 0.6237 -0.2237  0.0598 -0.0318  0.9904  0.1241 -0.0521]]
--------------------------------------------------
Step 419:
obs_state: [[ 0.6237 -0.2237  0.0598 -0.0318  0.9904  0.1241 -0.0521]]
action: [ 0.6237 -0.2237  0.1098 -0.0318  0.9904  0.1241 -0.0521]
next_obs_state: [[ 0.6225 -0.2233  0.0745 -0.0317  0.9904  0.1243 -0.0517]]
--------------------------------------------------
Step 420:
obs_state: [[ 0.6225 -0.2233  0.0745 -0.0317  0.9904  0.1243 -0.0517]]
action: [ 0.6225 -0.2233  0.1245 -0.0317  0.9904  0.1243 -0.0517]
next_obs_state: [[ 0.6238 -0.2238  0.0964 -0.0318  0.9904  0.1241 -0.0521]]
--------------------------------------------------
Step 421:
obs_state: [[ 0.6238 -0.2238  0.0964 -0.0318  0.9904  0.1241 -0.0521]]
action: [ 0.6238 -0.2238  0.1464 -0.0318  0.9904  0.1241 -0.0521]
next_obs_state: [[ 0.6235 -0.2236  0.118  -0.0317  0.9904  0.1242 -0.0518]]
--------------------------------------------------
Step 422:
obs_state: [[ 0.6235 -0.2236  0.118  -0.0317  0.9904  0.1242 -0.0518]]
action: [ 0.6235 -0.1736  0.168  -0.0317  0.9904  0.1242 -0.0518]
next_obs_state: [[ 0.6238 -0.2238  0.1377 -0.0318  0.9904  0.1241 -0.0521]]
--------------------------------------------------
Step 423:
obs_state: [[ 0.6238 -0.2238  0.1377 -0.0318  0.9904  0.1241 -0.0521]]
action: [ 0.6238 -0.1738  0.1877 -0.0318  0.9904  0.1241 -0.0521]
next_obs_state: [[ 0.6242 -0.1921  0.1591 -0.032   0.9904  0.1242 -0.0519]]
--------------------------------------------------
Step 424:
obs_state: [[ 0.6242 -0.1921  0.1591 -0.032   0.9904  0.1242 -0.0519]]
action: [ 0.6242 -0.1421  0.2091 -0.032   0.9904  0.1242 -0.0519]
next_obs_state: [[ 0.6241 -0.1753  0.1793 -0.0319  0.9904  0.1242 -0.0521]]
--------------------------------------------------
Step 425:
obs_state: [[ 0.6241 -0.1753  0.1793 -0.0319  0.9904  0.1242 -0.0521]]
action: [ 0.6241 -0.1253  0.2293 -0.0319  0.9904  0.1242 -0.0521]
next_obs_state: [[ 0.6246 -0.1539  0.2005 -0.0321  0.9904  0.1242 -0.0519]]
--------------------------------------------------
Step 426:
obs_state: [[ 0.6246 -0.1539  0.2005 -0.0321  0.9904  0.1242 -0.0519]]
action: [ 0.6246 -0.1039  0.2005 -0.0321  0.9904  0.1242 -0.0519]
next_obs_state: [[ 0.6247 -0.1324  0.2212 -0.032   0.9904  0.1241 -0.0522]]
--------------------------------------------------
Step 427:
obs_state: [[ 0.6247 -0.1324  0.2212 -0.032   0.9904  0.1241 -0.0522]]
action: [ 0.6247 -0.0824  0.2212 -0.032   0.9904  0.1241 -0.0522]
next_obs_state: [[ 0.6241 -0.1125  0.2105 -0.0322  0.9904  0.1242 -0.0519]]
--------------------------------------------------
Step 428:
obs_state: [[ 0.6241 -0.1125  0.2105 -0.0322  0.9904  0.1242 -0.0519]]
action: [ 0.6241 -0.0625  0.2105 -0.0322  0.9904  0.1242 -0.0519]
next_obs_state: [[ 0.6249 -0.0909  0.2145 -0.0321  0.9904  0.1242 -0.0522]]
--------------------------------------------------
Step 429:
obs_state: [[ 0.6249 -0.0909  0.2145 -0.0321  0.9904  0.1242 -0.0522]]
action: [ 0.6249 -0.0409  0.2145 -0.0321  0.9904  0.1242 -0.0522]
next_obs_state: [[ 0.6243 -0.0703  0.2137 -0.0323  0.9904  0.1242 -0.0519]]
--------------------------------------------------
Step 430:
obs_state: [[ 0.6243 -0.0703  0.2137 -0.0323  0.9904  0.1242 -0.0519]]
action: [ 0.6243 -0.0203  0.2137 -0.0323  0.9904  0.1242 -0.0519]
next_obs_state: [[ 0.6249 -0.0496  0.2132 -0.0322  0.9904  0.1242 -0.052 ]]
--------------------------------------------------
Step 431:
obs_state: [[ 0.6249 -0.0496  0.2132 -0.0322  0.9904  0.1242 -0.052 ]]
action: [ 6.2487e-01  3.8027e-04  2.1322e-01 -3.2168e-02  9.9038e-01  1.2415e-01
 -5.1978e-02]
next_obs_state: [[ 0.6245 -0.0284  0.2139 -0.0324  0.9904  0.1242 -0.0519]]
--------------------------------------------------
Step 432:
obs_state: [[ 0.6245 -0.0284  0.2139 -0.0324  0.9904  0.1242 -0.0519]]
action: [ 0.6495  0.0216  0.2139 -0.0324  0.9904  0.1242 -0.0519]
next_obs_state: [[ 0.6246 -0.0082  0.2134 -0.0323  0.9904  0.1242 -0.0519]]
--------------------------------------------------
Step 433:
obs_state: [[ 0.6246 -0.0082  0.2134 -0.0323  0.9904  0.1242 -0.0519]]
action: [ 0.6496  0.0418  0.2134 -0.0323  0.9904  0.1242 -0.0519]
next_obs_state: [[ 0.6402  0.0134  0.214  -0.0324  0.9904  0.1241 -0.0518]]
--------------------------------------------------
Step 434:
obs_state: [[ 0.6402  0.0134  0.214  -0.0324  0.9904  0.1241 -0.0518]]
action: [ 0.6652  0.0634  0.214  -0.0324  0.9904  0.1241 -0.0518]
next_obs_state: [[ 0.6488  0.0339  0.2137 -0.0324  0.9904  0.1242 -0.0519]]
--------------------------------------------------
Step 435:
obs_state: [[ 0.6488  0.0339  0.2137 -0.0324  0.9904  0.1242 -0.0519]]
action: [ 0.6738  0.0839  0.2137 -0.0324  0.9904  0.1242 -0.0519]
next_obs_state: [[ 0.6594  0.0552  0.2141 -0.0325  0.9904  0.1241 -0.0517]]
--------------------------------------------------
Step 436:
obs_state: [[ 0.6594  0.0552  0.2141 -0.0325  0.9904  0.1241 -0.0517]]
action: [ 0.6844  0.1052  0.2141 -0.0325  0.9904  0.1241 -0.0517]
next_obs_state: [[ 0.6699  0.0758  0.2141 -0.0325  0.9904  0.1242 -0.0519]]
--------------------------------------------------
Step 437:
obs_state: [[ 0.6699  0.0758  0.2141 -0.0325  0.9904  0.1242 -0.0519]]
action: [ 0.6949  0.1258  0.2141 -0.0325  0.9904  0.1242 -0.0519]
next_obs_state: [[ 0.68    0.0969  0.2143 -0.0326  0.9904  0.1241 -0.0517]]
--------------------------------------------------
Step 438:
obs_state: [[ 0.5551  0.0427  0.1815 -0.0324  0.9904  0.124  -0.0519]]
action: [ 0.5551 -0.0073  0.1815 -0.0324  0.9904  0.124  -0.0519]
next_obs_state: [[ 0.5738  0.0535  0.1838 -0.0323  0.9904  0.124  -0.0522]]
--------------------------------------------------
Step 439:
obs_state: [[ 0.5738  0.0535  0.1838 -0.0323  0.9904  0.124  -0.0522]]
action: [ 0.5738  0.0035  0.1838 -0.0323  0.9904  0.124  -0.0522]
next_obs_state: [[ 0.5554  0.0111  0.1815 -0.0322  0.9904  0.1239 -0.0519]]
--------------------------------------------------
Step 440:
obs_state: [[ 0.5554  0.0111  0.1815 -0.0322  0.9904  0.1239 -0.0519]]
action: [ 0.5554 -0.0389  0.1815 -0.0322  0.9904  0.1239 -0.0519]
next_obs_state: [[ 5.6684e-01  9.4645e-04  1.8330e-01 -3.2339e-02  9.9037e-01  1.2410e-01
  -5.2106e-02]]
--------------------------------------------------
Step 441:
obs_state: [[ 5.6684e-01  9.4645e-04  1.8330e-01 -3.2339e-02  9.9037e-01  1.2410e-01
  -5.2106e-02]]
action: [ 0.5668 -0.0491  0.1833 -0.0323  0.9904  0.1241 -0.0521]
next_obs_state: [[ 0.5615 -0.0238  0.1821 -0.0321  0.9904  0.124  -0.052 ]]
--------------------------------------------------
Step 442:
obs_state: [[ 0.5615 -0.0238  0.1821 -0.0321  0.9904  0.124  -0.052 ]]
action: [ 0.5615 -0.0738  0.1821 -0.0321  0.9904  0.124  -0.052 ]
next_obs_state: [[ 0.563  -0.0441  0.1828 -0.0323  0.9904  0.1241 -0.0521]]
--------------------------------------------------
Step 443:
obs_state: [[ 0.563  -0.0441  0.1828 -0.0323  0.9904  0.1241 -0.0521]]
action: [ 0.588  -0.0941  0.1828 -0.0323  0.9904  0.1241 -0.0521]
next_obs_state: [[ 0.563  -0.0643  0.1825 -0.032   0.9904  0.124  -0.0522]]
--------------------------------------------------
Step 444:
obs_state: [[ 0.563  -0.0643  0.1825 -0.032   0.9904  0.124  -0.0522]]
action: [ 0.588  -0.1143  0.1825 -0.032   0.9904  0.124  -0.0522]
next_obs_state: [[ 0.5777 -0.0855  0.1831 -0.0321  0.9904  0.1241 -0.052 ]]
--------------------------------------------------
Step 445:
obs_state: [[ 0.5777 -0.0855  0.1831 -0.0321  0.9904  0.1241 -0.052 ]]
action: [ 0.6027 -0.1355  0.1831 -0.0321  0.9904  0.1241 -0.052 ]
next_obs_state: [[ 0.5871 -0.1062  0.1829 -0.0319  0.9904  0.124  -0.0522]]
--------------------------------------------------
Step 446:
obs_state: [[ 0.5871 -0.1062  0.1829 -0.0319  0.9904  0.124  -0.0522]]
action: [ 0.6121 -0.1562  0.1829 -0.0319  0.9904  0.124  -0.0522]
next_obs_state: [[ 0.5971 -0.1272  0.1833 -0.032   0.9904  0.1241 -0.0519]]
--------------------------------------------------
Step 447:
obs_state: [[ 0.5971 -0.1272  0.1833 -0.032   0.9904  0.1241 -0.0519]]
action: [ 0.6221 -0.1772  0.1833 -0.032   0.9904  0.1241 -0.0519]
next_obs_state: [[ 0.6078 -0.1476  0.1833 -0.0319  0.9904  0.124  -0.0521]]
--------------------------------------------------
Step 448:
obs_state: [[ 0.6078 -0.1476  0.1833 -0.0319  0.9904  0.124  -0.0521]]
action: [ 0.6328 -0.1976  0.1833 -0.0319  0.9904  0.124  -0.0521]
next_obs_state: [[ 0.6179 -0.1688  0.1835 -0.0319  0.9904  0.1241 -0.0519]]
--------------------------------------------------
Step 449:
obs_state: [[ 0.6179 -0.1688  0.1835 -0.0319  0.9904  0.1241 -0.0519]]
action: [ 0.6429 -0.1688  0.1835 -0.0319  0.9904  0.1241 -0.0519]
next_obs_state: [[ 0.6285 -0.1899  0.1837 -0.0318  0.9904  0.124  -0.052 ]]
--------------------------------------------------
Step 450:
obs_state: [[ 0.6285 -0.1899  0.1837 -0.0318  0.9904  0.124  -0.052 ]]
action: [ 0.6535 -0.1899  0.1587 -0.0318  0.9904  0.124  -0.052 ]
next_obs_state: [[ 0.6387 -0.179   0.1835 -0.032   0.9904  0.1241 -0.0518]]
--------------------------------------------------
Step 451:
obs_state: [[ 0.6387 -0.179   0.1835 -0.032   0.9904  0.1241 -0.0518]]
action: [ 0.6387 -0.179   0.1585 -0.032   0.9904  0.1241 -0.0518]
next_obs_state: [[ 0.6486 -0.1827  0.1679 -0.0317  0.9904  0.124  -0.0519]]
--------------------------------------------------
Step 452:
obs_state: [[ 0.6486 -0.1827  0.1679 -0.0317  0.9904  0.124  -0.0519]]
action: [ 0.6486 -0.2327  0.1429 -0.0317  0.9904  0.124  -0.0519]
next_obs_state: [[ 0.6437 -0.1824  0.1591 -0.032   0.9904  0.1243 -0.0519]]
--------------------------------------------------
Step 453:
obs_state: [[ 0.6437 -0.1824  0.1591 -0.032   0.9904  0.1243 -0.0519]]
action: [ 0.6437 -0.1824  0.1341 -0.032   0.9904  0.1243 -0.0519]
next_obs_state: [[ 0.6449 -0.2129  0.1491 -0.0314  0.9904  0.124  -0.0519]]
--------------------------------------------------
Step 454:
obs_state: [[ 0.6449 -0.2129  0.1491 -0.0314  0.9904  0.124  -0.0519]]
action: [ 0.6449 -0.2129  0.1241 -0.0314  0.9904  0.124  -0.0519]
next_obs_state: [[ 0.645  -0.1993  0.1376 -0.0322  0.9904  0.1243 -0.0519]]
--------------------------------------------------
Step 455:
obs_state: [[ 0.645  -0.1993  0.1376 -0.0322  0.9904  0.1243 -0.0519]]
action: [ 0.645  -0.1993  0.1126 -0.0322  0.9904  0.1243 -0.0519]
next_obs_state: [[ 0.6442 -0.2025  0.1283 -0.0314  0.9904  0.124  -0.0518]]
--------------------------------------------------
Step 456:
obs_state: [[ 0.6442 -0.2025  0.1283 -0.0314  0.9904  0.124  -0.0518]]
action: [ 0.6442 -0.2025  0.1033 -0.0314  0.9904  0.124  -0.0518]
next_obs_state: [[ 0.6447 -0.2034  0.1172 -0.0322  0.9904  0.1243 -0.0519]]
--------------------------------------------------
Step 457:
obs_state: [[ 0.6447 -0.2034  0.1172 -0.0322  0.9904  0.1243 -0.0519]]
action: [ 0.6447 -0.2034  0.0922 -0.0322  0.9904  0.1243 -0.0519]
next_obs_state: [[ 0.6443 -0.2015  0.1071 -0.0314  0.9904  0.124  -0.0518]]
--------------------------------------------------
Step 458:
obs_state: [[ 0.6443 -0.2015  0.1071 -0.0314  0.9904  0.124  -0.0518]]
action: [ 0.6443 -0.2015  0.0821 -0.0314  0.9904  0.124  -0.0518]
next_obs_state: [[ 0.6442 -0.2029  0.0966 -0.0321  0.9904  0.1243 -0.0519]]
--------------------------------------------------
Step 459:
obs_state: [[ 0.6442 -0.2029  0.0966 -0.0321  0.9904  0.1243 -0.0519]]
action: [ 0.6442 -0.2029  0.0716 -0.0321  0.9904  0.1243 -0.0519]
next_obs_state: [[ 0.6442 -0.2022  0.0862 -0.0315  0.9904  0.124  -0.0518]]
--------------------------------------------------
Step 460:
obs_state: [[ 0.6442 -0.2022  0.0862 -0.0315  0.9904  0.124  -0.0518]]
action: [ 0.6442 -0.2022  0.0612 -0.0315  0.9904  0.124  -0.0518]
next_obs_state: [[ 0.644  -0.2023  0.0759 -0.0321  0.9904  0.1243 -0.0519]]
--------------------------------------------------
Step 461:
obs_state: [[ 0.644  -0.2023  0.0759 -0.0321  0.9904  0.1243 -0.0519]]
action: [ 0.644  -0.2023  0.0509 -0.0321  0.9904  0.1243 -0.0519]
next_obs_state: [[ 0.6439 -0.2023  0.0654 -0.0315  0.9904  0.124  -0.0518]]
--------------------------------------------------
Step 462:
obs_state: [[ 0.6439 -0.2023  0.0654 -0.0315  0.9904  0.124  -0.0518]]
action: [ 0.6439 -0.2023  0.0404 -0.0315  0.9904  0.124  -0.0518]
next_obs_state: [[ 0.6438 -0.2022  0.055  -0.032   0.9904  0.1242 -0.0518]]
--------------------------------------------------
Step 463:
obs_state: [[ 0.6438 -0.2022  0.055  -0.032   0.9904  0.1242 -0.0518]]
action: [ 0.6438 -0.2022  0.03   -0.032   0.9904  0.1242 -0.0518]
next_obs_state: [[ 0.6437 -0.2023  0.0444 -0.0315  0.9904  0.124  -0.0518]]
--------------------------------------------------
Step 464:
obs_state: [[ 0.6437 -0.2023  0.0444 -0.0315  0.9904  0.124  -0.0518]]
action: [ 0.6437 -0.2023  0.0944 -0.0315  0.9904  0.124  -0.0518]
next_obs_state: [[ 0.6436 -0.2021  0.0342 -0.0319  0.9904  0.1242 -0.0518]]
--------------------------------------------------
Step 465:
obs_state: [[ 0.6436 -0.2021  0.0342 -0.0319  0.9904  0.1242 -0.0518]]
action: [ 0.6436 -0.2021  0.0842 -0.0319  0.9904  0.1242 -0.0518]
next_obs_state: [[ 0.6448 -0.2026  0.0712 -0.0316  0.9904  0.124  -0.0519]]
--------------------------------------------------
Step 466:
obs_state: [[ 0.6448 -0.2026  0.0712 -0.0316  0.9904  0.124  -0.0519]]
action: [ 0.6448 -0.2026  0.1212 -0.0316  0.9904  0.124  -0.0519]
next_obs_state: [[ 0.6436 -0.2022  0.086  -0.032   0.9904  0.1241 -0.052 ]]
--------------------------------------------------
Step 467:
obs_state: [[ 0.6436 -0.2022  0.086  -0.032   0.9904  0.1241 -0.052 ]]
action: [ 0.6436 -0.1522  0.136  -0.032   0.9904  0.1241 -0.052 ]
next_obs_state: [[ 0.645  -0.2027  0.1077 -0.0317  0.9904  0.1241 -0.0519]]
--------------------------------------------------
Step 468:
obs_state: [[ 0.645  -0.2027  0.1077 -0.0317  0.9904  0.1241 -0.0519]]
action: [ 0.645  -0.1527  0.1577 -0.0317  0.9904  0.1241 -0.0519]
next_obs_state: [[ 0.6446 -0.1707  0.1292 -0.0322  0.9904  0.1241 -0.052 ]]
--------------------------------------------------
Step 469:
obs_state: [[ 0.6446 -0.1707  0.1292 -0.0322  0.9904  0.1241 -0.052 ]]
action: [ 0.6446 -0.1207  0.1792 -0.0322  0.9904  0.1241 -0.052 ]
next_obs_state: [[ 0.645  -0.1541  0.1488 -0.0318  0.9904  0.124  -0.052 ]]
--------------------------------------------------
Step 470:
obs_state: [[ 0.645  -0.1541  0.1488 -0.0318  0.9904  0.124  -0.052 ]]
action: [ 0.645  -0.1041  0.1988 -0.0318  0.9904  0.124  -0.052 ]
next_obs_state: [[ 0.6453 -0.1326  0.1705 -0.0323  0.9904  0.1241 -0.0521]]
--------------------------------------------------
Step 471:
obs_state: [[ 0.6453 -0.1326  0.1705 -0.0323  0.9904  0.1241 -0.0521]]
action: [ 0.6453 -0.0826  0.1705 -0.0323  0.9904  0.1241 -0.0521]
next_obs_state: [[ 0.6454 -0.1112  0.1909 -0.0319  0.9904  0.124  -0.052 ]]
--------------------------------------------------
Step 472:
obs_state: [[ 0.6454 -0.1112  0.1909 -0.0319  0.9904  0.124  -0.052 ]]
action: [ 0.6454 -0.0612  0.1909 -0.0319  0.9904  0.124  -0.052 ]
next_obs_state: [[ 0.6448 -0.091   0.1801 -0.0324  0.9904  0.124  -0.052 ]]
--------------------------------------------------
Step 473:
obs_state: [[ 0.6448 -0.091   0.1801 -0.0324  0.9904  0.124  -0.052 ]]
action: [ 0.6448 -0.041   0.1801 -0.0324  0.9904  0.124  -0.052 ]
next_obs_state: [[ 0.6457 -0.0697  0.1843 -0.0321  0.9904  0.124  -0.0521]]
--------------------------------------------------
Step 474:
obs_state: [[ 0.6457 -0.0697  0.1843 -0.0321  0.9904  0.124  -0.0521]]
action: [ 0.6457 -0.0197  0.1843 -0.0321  0.9904  0.124  -0.0521]
next_obs_state: [[ 0.6449 -0.0494  0.1836 -0.0324  0.9904  0.124  -0.052 ]]
--------------------------------------------------
Step 475:
obs_state: [[ 0.6449 -0.0494  0.1836 -0.0324  0.9904  0.124  -0.052 ]]
action: [ 6.4493e-01  6.4684e-04  1.8356e-01 -3.2420e-02  9.9039e-01  1.2403e-01
 -5.1982e-02]
next_obs_state: [[ 0.6455 -0.0281  0.1829 -0.0322  0.9904  0.124  -0.0519]]
--------------------------------------------------
Step 476:
obs_state: [[ 0.6455 -0.0281  0.1829 -0.0322  0.9904  0.124  -0.0519]]
action: [ 0.6455  0.0219  0.1829 -0.0322  0.9904  0.124  -0.0519]
next_obs_state: [[ 0.6451 -0.0074  0.1837 -0.0325  0.9904  0.124  -0.052 ]]
--------------------------------------------------
Step 477:
obs_state: [[ 0.6451 -0.0074  0.1837 -0.0325  0.9904  0.124  -0.052 ]]
action: [ 0.6451  0.0426  0.1837 -0.0325  0.9904  0.124  -0.052 ]
next_obs_state: [[ 0.6453  0.0133  0.1832 -0.0323  0.9904  0.124  -0.0519]]
--------------------------------------------------
Step 478:
obs_state: [[ 0.6453  0.0133  0.1832 -0.0323  0.9904  0.124  -0.0519]]
action: [ 0.6703  0.0633  0.1832 -0.0323  0.9904  0.124  -0.0519]
next_obs_state: [[ 0.6453  0.0346  0.1834 -0.0326  0.9904  0.124  -0.052 ]]
--------------------------------------------------
Step 479:
obs_state: [[ 0.6453  0.0346  0.1834 -0.0326  0.9904  0.124  -0.052 ]]
action: [ 0.6703  0.0846  0.1834 -0.0326  0.9904  0.124  -0.052 ]
next_obs_state: [[ 0.6607  0.055   0.1838 -0.0324  0.9904  0.124  -0.0518]]
--------------------------------------------------
Step 480:
obs_state: [[ 0.6607  0.055   0.1838 -0.0324  0.9904  0.124  -0.0518]]
action: [ 0.6857  0.105   0.1838 -0.0324  0.9904  0.124  -0.0518]
next_obs_state: [[ 0.6694  0.0761  0.1835 -0.0326  0.9904  0.124  -0.0519]]
--------------------------------------------------
Step 481:
obs_state: [[ 0.6694  0.0761  0.1835 -0.0326  0.9904  0.124  -0.0519]]
action: [ 0.6944  0.1261  0.2335 -0.0326  0.9904  0.124  -0.0519]
next_obs_state: [[ 0.6798  0.097   0.184  -0.0325  0.9904  0.124  -0.0517]]
--------------------------------------------------
Step 482:
obs_state: [[ 0.5551  0.0427  0.1815 -0.0324  0.9904  0.124  -0.0519]]
action: [ 0.5551 -0.0073  0.1815 -0.0324  0.9904  0.124  -0.0519]
next_obs_state: [[ 0.5741  0.0539  0.1866 -0.0323  0.9904  0.124  -0.0522]]
--------------------------------------------------
Step 483:
obs_state: [[ 0.5741  0.0539  0.1866 -0.0323  0.9904  0.124  -0.0522]]
action: [ 0.5741  0.0039  0.1866 -0.0323  0.9904  0.124  -0.0522]
next_obs_state: [[ 0.5554  0.0109  0.1815 -0.0322  0.9904  0.1239 -0.0519]]
--------------------------------------------------
Step 484:
obs_state: [[ 0.5554  0.0109  0.1815 -0.0322  0.9904  0.1239 -0.0519]]
action: [ 0.5554 -0.0391  0.1815 -0.0322  0.9904  0.1239 -0.0519]
next_obs_state: [[ 0.5671  0.0012  0.1851 -0.0323  0.9904  0.1241 -0.0521]]
--------------------------------------------------
Step 485:
obs_state: [[ 0.5671  0.0012  0.1851 -0.0323  0.9904  0.1241 -0.0521]]
action: [ 0.5671 -0.0488  0.1851 -0.0323  0.9904  0.1241 -0.0521]
next_obs_state: [[ 0.5617 -0.0235  0.1831 -0.0321  0.9904  0.124  -0.052 ]]
--------------------------------------------------
Step 486:
obs_state: [[ 0.5617 -0.0235  0.1831 -0.0321  0.9904  0.124  -0.052 ]]
action: [ 0.5617 -0.0735  0.1831 -0.0321  0.9904  0.124  -0.052 ]
next_obs_state: [[ 0.5633 -0.0441  0.1841 -0.0322  0.9904  0.1241 -0.0521]]
--------------------------------------------------
Step 487:
obs_state: [[ 0.5633 -0.0441  0.1841 -0.0322  0.9904  0.1241 -0.0521]]
action: [ 0.5633 -0.0941  0.1841 -0.0322  0.9904  0.1241 -0.0521]
next_obs_state: [[ 0.5633 -0.0642  0.1838 -0.032   0.9904  0.124  -0.0521]]
--------------------------------------------------
Step 488:
obs_state: [[ 0.5633 -0.0642  0.1838 -0.032   0.9904  0.124  -0.0521]]
action: [ 0.5633 -0.1142  0.1838 -0.032   0.9904  0.124  -0.0521]
next_obs_state: [[ 0.5628 -0.0857  0.1838 -0.0321  0.9904  0.1241 -0.0521]]
--------------------------------------------------
Step 489:
obs_state: [[ 0.5628 -0.0857  0.1838 -0.0321  0.9904  0.1241 -0.0521]]
action: [ 0.5628 -0.1357  0.1838 -0.0321  0.9904  0.1241 -0.0521]
next_obs_state: [[ 0.5632 -0.1066  0.184  -0.0319  0.9904  0.124  -0.0521]]
--------------------------------------------------
Step 490:
obs_state: [[ 0.5632 -0.1066  0.184  -0.0319  0.9904  0.124  -0.0521]]
action: [ 0.5632 -0.1566  0.184  -0.0319  0.9904  0.124  -0.0521]
next_obs_state: [[ 0.5629 -0.1273  0.1839 -0.032   0.9904  0.1241 -0.0521]]
--------------------------------------------------
Step 491:
obs_state: [[ 0.5629 -0.1273  0.1839 -0.032   0.9904  0.1241 -0.0521]]
action: [ 0.5879 -0.1773  0.1839 -0.032   0.9904  0.1241 -0.0521]
next_obs_state: [[ 0.563  -0.1483  0.1841 -0.0318  0.9904  0.1241 -0.0521]]
--------------------------------------------------
Step 492:
obs_state: [[ 0.563  -0.1483  0.1841 -0.0318  0.9904  0.1241 -0.0521]]
action: [ 0.588  -0.1983  0.1841 -0.0318  0.9904  0.1241 -0.0521]
next_obs_state: [[ 0.5785 -0.1691  0.1845 -0.0319  0.9904  0.1241 -0.052 ]]
--------------------------------------------------
Step 493:
obs_state: [[ 0.5785 -0.1691  0.1845 -0.0319  0.9904  0.1241 -0.052 ]]
action: [ 0.6035 -0.2191  0.1845 -0.0319  0.9904  0.1241 -0.052 ]
next_obs_state: [[ 0.5871 -0.1901  0.1843 -0.0317  0.9904  0.1241 -0.0521]]
--------------------------------------------------
Step 494:
obs_state: [[ 0.5871 -0.1901  0.1843 -0.0317  0.9904  0.1241 -0.0521]]
action: [ 0.6121 -0.1901  0.1843 -0.0317  0.9904  0.1241 -0.0521]
next_obs_state: [[ 0.5973 -0.2106  0.1848 -0.0318  0.9904  0.1241 -0.0519]]
--------------------------------------------------
Step 495:
obs_state: [[ 0.5973 -0.2106  0.1848 -0.0318  0.9904  0.1241 -0.0519]]
action: [ 0.6223 -0.2106  0.1598 -0.0318  0.9904  0.1241 -0.0519]
next_obs_state: [[ 0.6084 -0.2     0.1845 -0.0318  0.9904  0.1241 -0.052 ]]
--------------------------------------------------
Step 496:
obs_state: [[ 0.6084 -0.2     0.1845 -0.0318  0.9904  0.1241 -0.052 ]]
action: [ 0.6334 -0.2     0.1595 -0.0318  0.9904  0.1241 -0.052 ]
next_obs_state: [[ 0.6177 -0.2036  0.169  -0.0317  0.9904  0.1241 -0.0519]]
--------------------------------------------------
Step 497:
obs_state: [[ 0.6177 -0.2036  0.169  -0.0317  0.9904  0.1241 -0.0519]]
action: [ 0.6427 -0.2036  0.144  -0.0317  0.9904  0.1241 -0.0519]
next_obs_state: [[ 0.6288 -0.2033  0.1606 -0.0319  0.9904  0.124  -0.0519]]
--------------------------------------------------
Step 498:
obs_state: [[ 0.6288 -0.2033  0.1606 -0.0319  0.9904  0.124  -0.0519]]
action: [ 0.6538 -0.2033  0.1356 -0.0319  0.9904  0.124  -0.0519]
next_obs_state: [[ 0.6384 -0.2024  0.15   -0.0317  0.9904  0.1241 -0.0518]]
--------------------------------------------------
Step 499:
obs_state: [[ 0.6384 -0.2024  0.15   -0.0317  0.9904  0.1241 -0.0518]]
action: [ 0.6634 -0.2024  0.125  -0.0317  0.9904  0.1241 -0.0518]
next_obs_state: [[ 0.649  -0.2032  0.1395 -0.0318  0.9904  0.1241 -0.0519]]
--------------------------------------------------
Step 500:
obs_state: [[ 0.649  -0.2032  0.1395 -0.0318  0.9904  0.1241 -0.0519]]
action: [ 0.649  -0.2032  0.1145 -0.0318  0.9904  0.1241 -0.0519]
next_obs_state: [[ 0.6591 -0.2026  0.1294 -0.0317  0.9904  0.124  -0.0518]]
--------------------------------------------------
Step 501:
obs_state: [[ 0.6591 -0.2026  0.1294 -0.0317  0.9904  0.124  -0.0518]]
action: [ 0.6591 -0.2526  0.1044 -0.0317  0.9904  0.124  -0.0518]
next_obs_state: [[ 0.6538 -0.2028  0.1185 -0.0318  0.9904  0.124  -0.0519]]
--------------------------------------------------
Step 502:
obs_state: [[ 0.6538 -0.2028  0.1185 -0.0318  0.9904  0.124  -0.0519]]
action: [ 0.6538 -0.2028  0.0935 -0.0318  0.9904  0.124  -0.0519]
next_obs_state: [[ 0.6553 -0.2342  0.1089 -0.0314  0.9904  0.1241 -0.0518]]
--------------------------------------------------
Step 503:
obs_state: [[ 0.6553 -0.2342  0.1089 -0.0314  0.9904  0.1241 -0.0518]]
action: [ 0.6553 -0.2342  0.0839 -0.0314  0.9904  0.1241 -0.0518]
next_obs_state: [[ 0.6552 -0.2196  0.0976 -0.032   0.9904  0.124  -0.0519]]
--------------------------------------------------
Step 504:
obs_state: [[ 0.6552 -0.2196  0.0976 -0.032   0.9904  0.124  -0.0519]]
action: [ 0.6552 -0.2196  0.0726 -0.032   0.9904  0.124  -0.0519]
next_obs_state: [[ 0.6548 -0.2234  0.088  -0.0312  0.9904  0.1241 -0.0515]]
--------------------------------------------------
Step 505:
obs_state: [[ 0.6548 -0.2234  0.088  -0.0312  0.9904  0.1241 -0.0515]]
action: [ 0.6548 -0.2234  0.063  -0.0312  0.9904  0.1241 -0.0515]
next_obs_state: [[ 0.6549 -0.2241  0.0771 -0.032   0.9904  0.1241 -0.0518]]
--------------------------------------------------
Step 506:
obs_state: [[ 0.6549 -0.2241  0.0771 -0.032   0.9904  0.1241 -0.0518]]
action: [ 0.6549 -0.1741  0.0521 -0.032   0.9904  0.1241 -0.0518]
next_obs_state: [[ 0.6547 -0.2223  0.0669 -0.0312  0.9905  0.1238 -0.0515]]
--------------------------------------------------
Step 507:
obs_state: [[ 0.6547 -0.2223  0.0669 -0.0312  0.9905  0.1238 -0.0515]]
action: [ 0.6547 -0.1723  0.0419 -0.0312  0.9905  0.1238 -0.0515]
next_obs_state: [[ 0.6546 -0.1922  0.0562 -0.0321  0.9904  0.124  -0.0518]]
--------------------------------------------------
Step 508:
obs_state: [[ 0.6546 -0.1922  0.0562 -0.0321  0.9904  0.124  -0.0518]]
action: [ 0.6546 -0.1922  0.0312 -0.0321  0.9904  0.124  -0.0518]
next_obs_state: [[ 0.6545 -0.1743  0.046  -0.0313  0.9905  0.1238 -0.0515]]
--------------------------------------------------
Step 509:
obs_state: [[ 0.6545 -0.1743  0.046  -0.0313  0.9905  0.1238 -0.0515]]
action: [ 0.6545 -0.1743  0.021  -0.0313  0.9905  0.1238 -0.0515]
next_obs_state: [[ 0.6543 -0.1848  0.0357 -0.032   0.9904  0.124  -0.0517]]
--------------------------------------------------
Step 510:
obs_state: [[ 0.6543 -0.1848  0.0357 -0.032   0.9904  0.124  -0.0517]]
action: [ 0.6543 -0.1848  0.0857 -0.032   0.9904  0.124  -0.0517]
next_obs_state: [[ 0.6543 -0.1804  0.0251 -0.0315  0.9905  0.1239 -0.0515]]
--------------------------------------------------
Step 511:
obs_state: [[ 0.6543 -0.1804  0.0251 -0.0315  0.9905  0.1239 -0.0515]]
action: [ 0.6543 -0.1804  0.0751 -0.0315  0.9905  0.1239 -0.0515]
next_obs_state: [[ 0.6555 -0.1816  0.0621 -0.032   0.9904  0.124  -0.0519]]
--------------------------------------------------
Step 512:
obs_state: [[ 0.6555 -0.1816  0.0621 -0.032   0.9904  0.124  -0.0519]]
action: [ 0.6555 -0.2316  0.1121 -0.032   0.9904  0.124  -0.0519]
next_obs_state: [[ 0.6544 -0.1819  0.077  -0.0315  0.9904  0.1239 -0.0516]]
--------------------------------------------------
Step 513:
obs_state: [[ 0.6544 -0.1819  0.077  -0.0315  0.9904  0.1239 -0.0516]]
action: [ 0.6544 -0.2319  0.052  -0.0315  0.9904  0.1239 -0.0516]
next_obs_state: [[ 0.6555 -0.2136  0.0994 -0.0317  0.9904  0.124  -0.0519]]
--------------------------------------------------
Step 514:
obs_state: [[ 0.6555 -0.2136  0.0994 -0.0317  0.9904  0.124  -0.0519]]
action: [ 0.6555 -0.2136  0.0744 -0.0317  0.9904  0.124  -0.0519]
next_obs_state: [[ 0.6538 -0.2301  0.073  -0.0315  0.9904  0.1239 -0.0516]]
--------------------------------------------------
Step 515:
obs_state: [[ 0.6538 -0.2301  0.073  -0.0315  0.9904  0.1239 -0.0516]]
action: [ 0.6538 -0.2301  0.048  -0.0315  0.9904  0.1239 -0.0516]
next_obs_state: [[ 0.6553 -0.2207  0.0676 -0.0318  0.9904  0.124  -0.0519]]
--------------------------------------------------
Step 516:
obs_state: [[ 0.6553 -0.2207  0.0676 -0.0318  0.9904  0.124  -0.0519]]
action: [ 0.6553 -0.2207  0.0426 -0.0318  0.9904  0.124  -0.0519]
next_obs_state: [[ 0.654  -0.2243  0.0573 -0.0314  0.9905  0.1239 -0.0516]]
--------------------------------------------------
Step 517:
obs_state: [[ 0.654  -0.2243  0.0573 -0.0314  0.9905  0.1239 -0.0516]]
action: [ 0.654  -0.2243  0.0323 -0.0314  0.9905  0.1239 -0.0516]
next_obs_state: [[ 0.6545 -0.2237  0.0454 -0.0318  0.9904  0.124  -0.0518]]
--------------------------------------------------
Step 518:
obs_state: [[ 0.6545 -0.2237  0.0454 -0.0318  0.9904  0.124  -0.0518]]
action: [ 0.6545 -0.2237  0.0454 -0.0318  0.9904  0.124  -0.0518]
next_obs_state: [[ 0.6542 -0.223   0.0364 -0.0315  0.9905  0.1237 -0.0516]]
--------------------------------------------------
Step 519:
obs_state: [[ 0.6542 -0.223   0.0364 -0.0315  0.9905  0.1237 -0.0516]]
action: [ 0.6542 -0.223   0.0864 -0.0315  0.9905  0.1237 -0.0516]
next_obs_state: [[ 0.6545 -0.2239  0.041  -0.0318  0.9904  0.124  -0.0518]]
--------------------------------------------------
Step 520:
obs_state: [[ 0.6545 -0.2239  0.041  -0.0318  0.9904  0.124  -0.0518]]
action: [ 0.6545 -0.2239  0.091  -0.0318  0.9904  0.124  -0.0518]
next_obs_state: [[ 0.6551 -0.2236  0.071  -0.0315  0.9905  0.1237 -0.0517]]
--------------------------------------------------
Step 521:
obs_state: [[ 0.6551 -0.2236  0.071  -0.0315  0.9905  0.1237 -0.0517]]
action: [ 0.6551 -0.2736  0.046  -0.0315  0.9905  0.1237 -0.0517]
next_obs_state: [[ 0.6547 -0.2237  0.088  -0.0317  0.9904  0.124  -0.0519]]
--------------------------------------------------
Step 522:
obs_state: [[ 0.6547 -0.2237  0.088  -0.0317  0.9904  0.124  -0.0519]]
action: [ 0.6547 -0.2237  0.063  -0.0317  0.9904  0.124  -0.0519]
next_obs_state: [[ 0.6539 -0.2549  0.0626 -0.0313  0.9905  0.1237 -0.0517]]
--------------------------------------------------
Step 523:
obs_state: [[ 0.6539 -0.2549  0.0626 -0.0313  0.9905  0.1237 -0.0517]]
action: [ 0.6539 -0.2549  0.0376 -0.0313  0.9905  0.1237 -0.0517]
next_obs_state: [[ 0.6549 -0.2406  0.058  -0.032   0.9904  0.1239 -0.0519]]
--------------------------------------------------
Step 524:
obs_state: [[ 0.6549 -0.2406  0.058  -0.032   0.9904  0.1239 -0.0519]]
action: [ 0.6549 -0.2406  0.033  -0.032   0.9904  0.1239 -0.0519]
next_obs_state: [[ 0.6538 -0.2446  0.0467 -0.0312  0.9905  0.1237 -0.0516]]
--------------------------------------------------
Step 525:
obs_state: [[ 0.6538 -0.2446  0.0467 -0.0312  0.9905  0.1237 -0.0516]]
action: [ 0.6538 -0.2446  0.0217 -0.0312  0.9905  0.1237 -0.0516]
next_obs_state: [[ 0.6543 -0.245   0.0355 -0.032   0.9904  0.124  -0.0518]]
--------------------------------------------------
Step 526:
obs_state: [[ 0.6543 -0.245   0.0355 -0.032   0.9904  0.124  -0.0518]]
action: [ 0.6543 -0.245   0.0355 -0.032   0.9904  0.124  -0.0518]
next_obs_state: [[ 0.6539 -0.2433  0.026  -0.0312  0.9905  0.1236 -0.0517]]
--------------------------------------------------
Step 527:
obs_state: [[ 0.6539 -0.2433  0.026  -0.0312  0.9905  0.1236 -0.0517]]
action: [ 0.6539 -0.2433  0.076  -0.0312  0.9905  0.1236 -0.0517]
next_obs_state: [[ 0.6543 -0.2448  0.0308 -0.0319  0.9904  0.1239 -0.0518]]
--------------------------------------------------
Step 528:
obs_state: [[ 0.6543 -0.2448  0.0308 -0.0319  0.9904  0.1239 -0.0518]]
action: [ 0.6543 -0.2448  0.0808 -0.0319  0.9904  0.1239 -0.0518]
next_obs_state: [[ 0.6548 -0.2443  0.0607 -0.0313  0.9905  0.1236 -0.0518]]
--------------------------------------------------
Step 529:
obs_state: [[ 0.6548 -0.2443  0.0607 -0.0313  0.9905  0.1236 -0.0518]]
action: [ 0.6548 -0.2443  0.1107 -0.0313  0.9905  0.1236 -0.0518]
next_obs_state: [[ 0.6545 -0.2444  0.0775 -0.0318  0.9904  0.1239 -0.0518]]
--------------------------------------------------
Step 530:
obs_state: [[ 0.6545 -0.2444  0.0775 -0.0318  0.9904  0.1239 -0.0518]]
action: [ 0.6545 -0.1944  0.1275 -0.0318  0.9904  0.1239 -0.0518]
next_obs_state: [[ 0.6553 -0.2447  0.0995 -0.0314  0.9905  0.1236 -0.0518]]
--------------------------------------------------
Step 531:
obs_state: [[ 0.6553 -0.2447  0.0995 -0.0314  0.9905  0.1236 -0.0518]]
action: [ 0.6553 -0.1947  0.1495 -0.0314  0.9905  0.1236 -0.0518]
next_obs_state: [[ 0.6551 -0.2128  0.1201 -0.0321  0.9904  0.1239 -0.052 ]]
--------------------------------------------------
Step 532:
obs_state: [[ 0.6551 -0.2128  0.1201 -0.0321  0.9904  0.1239 -0.052 ]]
action: [ 0.6551 -0.1628  0.1701 -0.0321  0.9904  0.1239 -0.052 ]
next_obs_state: [[ 0.6555 -0.1962  0.1407 -0.0315  0.9905  0.1236 -0.0518]]
--------------------------------------------------
Step 533:
obs_state: [[ 0.6555 -0.1962  0.1407 -0.0315  0.9905  0.1236 -0.0518]]
action: [ 0.6555 -0.1462  0.1907 -0.0315  0.9905  0.1236 -0.0518]
next_obs_state: [[ 0.6557 -0.1748  0.1617 -0.0322  0.9904  0.1238 -0.052 ]]
--------------------------------------------------
Step 534:
obs_state: [[ 0.6557 -0.1748  0.1617 -0.0322  0.9904  0.1238 -0.052 ]]
action: [ 0.6557 -0.1248  0.2117 -0.0322  0.9904  0.1238 -0.052 ]
next_obs_state: [[ 0.656  -0.1537  0.182  -0.0317  0.9905  0.1236 -0.0519]]
--------------------------------------------------
Step 535:
obs_state: [[ 0.656  -0.1537  0.182  -0.0317  0.9905  0.1236 -0.0519]]
action: [ 0.656  -0.1037  0.232  -0.0317  0.9905  0.1236 -0.0519]
next_obs_state: [[ 0.6562 -0.1332  0.2033 -0.0323  0.9904  0.1238 -0.052 ]]
--------------------------------------------------
Step 536:
obs_state: [[ 0.6562 -0.1332  0.2033 -0.0323  0.9904  0.1238 -0.052 ]]
action: [ 0.6562 -0.0832  0.2033 -0.0323  0.9904  0.1238 -0.052 ]
next_obs_state: [[ 0.6564 -0.1121  0.2239 -0.0318  0.9905  0.1237 -0.0519]]
--------------------------------------------------
Step 537:
obs_state: [[ 0.6564 -0.1121  0.2239 -0.0318  0.9905  0.1237 -0.0519]]
action: [ 0.6564 -0.0621  0.2239 -0.0318  0.9905  0.1237 -0.0519]
next_obs_state: [[ 0.6558 -0.0917  0.2134 -0.0323  0.9904  0.1238 -0.0519]]
--------------------------------------------------
Step 538:
obs_state: [[ 0.6558 -0.0917  0.2134 -0.0323  0.9904  0.1238 -0.0519]]
action: [ 0.6558 -0.0417  0.2134 -0.0323  0.9904  0.1238 -0.0519]
next_obs_state: [[ 0.6566 -0.0705  0.2171 -0.032   0.9904  0.1237 -0.052 ]]
--------------------------------------------------
Step 539:
obs_state: [[ 0.6566 -0.0705  0.2171 -0.032   0.9904  0.1237 -0.052 ]]
action: [ 0.6566 -0.0205  0.2171 -0.032   0.9904  0.1237 -0.052 ]
next_obs_state: [[ 0.6559 -0.0497  0.2166 -0.0324  0.9904  0.1238 -0.0519]]
--------------------------------------------------
Step 540:
obs_state: [[ 0.6559 -0.0497  0.2166 -0.0324  0.9904  0.1238 -0.0519]]
action: [ 6.5592e-01  2.7259e-04  2.1657e-01 -3.2365e-02  9.9042e-01  1.2382e-01
 -5.1905e-02]
next_obs_state: [[ 0.6565 -0.0291  0.2159 -0.0321  0.9904  0.1237 -0.0518]]
--------------------------------------------------
Step 541:
obs_state: [[ 0.6565 -0.0291  0.2159 -0.0321  0.9904  0.1237 -0.0518]]
action: [ 0.6565  0.0209  0.2159 -0.0321  0.9904  0.1237 -0.0518]
next_obs_state: [[ 0.6561 -0.0078  0.2167 -0.0324  0.9904  0.1238 -0.0519]]
--------------------------------------------------
Step 542:
obs_state: [[ 0.6561 -0.0078  0.2167 -0.0324  0.9904  0.1238 -0.0519]]
action: [ 0.6811  0.0422  0.2167 -0.0324  0.9904  0.1238 -0.0519]
next_obs_state: [[ 0.6563  0.0128  0.2162 -0.0322  0.9904  0.1237 -0.0518]]
--------------------------------------------------
Step 543:
obs_state: [[ 0.6563  0.0128  0.2162 -0.0322  0.9904  0.1237 -0.0518]]
action: [ 0.6813  0.0628  0.2162 -0.0322  0.9904  0.1237 -0.0518]
next_obs_state: [[ 0.6717  0.0338  0.2168 -0.0325  0.9904  0.1238 -0.0517]]
--------------------------------------------------
Step 544:
obs_state: [[ 0.6717  0.0338  0.2168 -0.0325  0.9904  0.1238 -0.0517]]
action: [ 0.6967  0.0838  0.2168 -0.0325  0.9904  0.1238 -0.0517]
next_obs_state: [[ 0.6804  0.055   0.2165 -0.0323  0.9904  0.1237 -0.0518]]
--------------------------------------------------
Step 545:
obs_state: [[ 0.6804  0.055   0.2165 -0.0323  0.9904  0.1237 -0.0518]]
action: [ 0.7054  0.105   0.2165 -0.0323  0.9904  0.1237 -0.0518]
next_obs_state: [[ 0.6907  0.0755  0.2169 -0.0326  0.9904  0.1237 -0.0516]]
--------------------------------------------------
Step 546:
obs_state: [[ 0.6907  0.0755  0.2169 -0.0326  0.9904  0.1237 -0.0516]]
action: [ 0.7157  0.1255  0.2169 -0.0326  0.9904  0.1237 -0.0516]
next_obs_state: [[ 0.7014  0.0966  0.2169 -0.0324  0.9904  0.1237 -0.0517]]
--------------------------------------------------
Step 547:
obs_state: [[ 0.5551  0.0427  0.1815 -0.0324  0.9904  0.124  -0.0519]]
action: [ 0.5551 -0.0073  0.1815 -0.0324  0.9904  0.124  -0.0519]
next_obs_state: [[ 0.5776  0.054   0.184  -0.0323  0.9904  0.124  -0.0523]]
--------------------------------------------------
Step 548:
obs_state: [[ 0.5776  0.054   0.184  -0.0323  0.9904  0.124  -0.0523]]
action: [ 0.5776  0.004   0.184  -0.0323  0.9904  0.124  -0.0523]
next_obs_state: [[ 0.5555  0.0111  0.1815 -0.0322  0.9904  0.1239 -0.0519]]
--------------------------------------------------
Step 549:
obs_state: [[ 0.5555  0.0111  0.1815 -0.0322  0.9904  0.1239 -0.0519]]
action: [ 0.5555 -0.0389  0.1815 -0.0322  0.9904  0.1239 -0.0519]
next_obs_state: [[ 0.5692  0.0012  0.1835 -0.0323  0.9904  0.1241 -0.0521]]
--------------------------------------------------
Step 550:
obs_state: [[ 0.5692  0.0012  0.1835 -0.0323  0.9904  0.1241 -0.0521]]
action: [ 0.5692 -0.0488  0.1835 -0.0323  0.9904  0.1241 -0.0521]
next_obs_state: [[ 0.5629 -0.0235  0.1821 -0.0321  0.9904  0.1239 -0.052 ]]
--------------------------------------------------
Step 551:
obs_state: [[ 0.5629 -0.0235  0.1821 -0.0321  0.9904  0.1239 -0.052 ]]
action: [ 0.5629 -0.0735  0.1821 -0.0321  0.9904  0.1239 -0.052 ]
next_obs_state: [[ 0.5645 -0.0437  0.183  -0.0323  0.9904  0.1241 -0.0521]]
--------------------------------------------------
Step 552:
obs_state: [[ 0.5645 -0.0437  0.183  -0.0323  0.9904  0.1241 -0.0521]]
action: [ 0.5645 -0.0937  0.183  -0.0323  0.9904  0.1241 -0.0521]
next_obs_state: [[ 0.5647 -0.0641  0.1826 -0.032   0.9904  0.124  -0.0522]]
--------------------------------------------------
Step 553:
obs_state: [[ 0.5647 -0.0641  0.1826 -0.032   0.9904  0.124  -0.0522]]
action: [ 0.5647 -0.1141  0.1826 -0.032   0.9904  0.124  -0.0522]
next_obs_state: [[ 0.564  -0.0856  0.1828 -0.0321  0.9904  0.1241 -0.0521]]
--------------------------------------------------
Step 554:
obs_state: [[ 0.564  -0.0856  0.1828 -0.0321  0.9904  0.1241 -0.0521]]
action: [ 0.589  -0.1356  0.1828 -0.0321  0.9904  0.1241 -0.0521]
next_obs_state: [[ 0.5645 -0.1057  0.1828 -0.0319  0.9904  0.124  -0.0522]]
--------------------------------------------------
Step 555:
obs_state: [[ 0.5645 -0.1057  0.1828 -0.0319  0.9904  0.124  -0.0522]]
action: [ 0.5895 -0.1557  0.1828 -0.0319  0.9904  0.124  -0.0522]
next_obs_state: [[ 0.5798 -0.1271  0.1833 -0.032   0.9904  0.124  -0.052 ]]
--------------------------------------------------
Step 556:
obs_state: [[ 0.5798 -0.1271  0.1833 -0.032   0.9904  0.124  -0.052 ]]
action: [ 0.6048 -0.1771  0.1833 -0.032   0.9904  0.124  -0.052 ]
next_obs_state: [[ 0.5885 -0.1478  0.1831 -0.0318  0.9904  0.124  -0.0521]]
--------------------------------------------------
Step 557:
obs_state: [[ 0.5885 -0.1478  0.1831 -0.0318  0.9904  0.124  -0.0521]]
action: [ 0.6135 -0.1478  0.1581 -0.0318  0.9904  0.124  -0.0521]
next_obs_state: [[ 0.5986 -0.1683  0.1835 -0.0319  0.9904  0.124  -0.052 ]]
--------------------------------------------------
Step 558:
obs_state: [[ 0.5986 -0.1683  0.1835 -0.0319  0.9904  0.124  -0.052 ]]
action: [ 0.6236 -0.1683  0.1585 -0.0319  0.9904  0.124  -0.052 ]
next_obs_state: [[ 0.6093 -0.1576  0.1673 -0.0319  0.9904  0.124  -0.052 ]]
--------------------------------------------------
Step 559:
obs_state: [[ 0.6093 -0.1576  0.1673 -0.0319  0.9904  0.124  -0.052 ]]
action: [ 0.6343 -0.1576  0.1423 -0.0319  0.9904  0.124  -0.052 ]
next_obs_state: [[ 0.6194 -0.1614  0.1594 -0.0318  0.9904  0.1241 -0.0519]]
--------------------------------------------------
Step 560:
obs_state: [[ 0.6194 -0.1614  0.1594 -0.0318  0.9904  0.1241 -0.0519]]
action: [ 0.6444 -0.1614  0.1344 -0.0318  0.9904  0.1241 -0.0519]
next_obs_state: [[ 0.6296 -0.1609  0.1485 -0.0319  0.9904  0.124  -0.0519]]
--------------------------------------------------
Step 561:
obs_state: [[ 0.6296 -0.1609  0.1485 -0.0319  0.9904  0.124  -0.0519]]
action: [ 0.6296 -0.1609  0.1235 -0.0319  0.9904  0.124  -0.0519]
next_obs_state: [[ 0.6401 -0.1602  0.1381 -0.0318  0.9904  0.124  -0.0518]]
--------------------------------------------------
Step 562:
obs_state: [[ 0.6401 -0.1602  0.1381 -0.0318  0.9904  0.124  -0.0518]]
action: [ 0.6651 -0.1602  0.1381 -0.0318  0.9904  0.124  -0.0518]
next_obs_state: [[ 0.6345 -0.1609  0.1277 -0.0319  0.9904  0.124  -0.052 ]]
--------------------------------------------------
Step 563:
obs_state: [[ 0.6345 -0.1609  0.1277 -0.0319  0.9904  0.124  -0.052 ]]
action: [ 0.6345 -0.2109  0.1277 -0.0319  0.9904  0.124  -0.052 ]
next_obs_state: [[ 0.6525 -0.1605  0.1337 -0.0318  0.9904  0.124  -0.0516]]
--------------------------------------------------
Step 564:
obs_state: [[ 0.6525 -0.1605  0.1337 -0.0318  0.9904  0.124  -0.0516]]
action: [ 0.6525 -0.1605  0.1087 -0.0318  0.9904  0.124  -0.0516]
next_obs_state: [[ 0.6452 -0.1912  0.1311 -0.0317  0.9904  0.124  -0.0521]]
--------------------------------------------------
Step 565:
obs_state: [[ 0.6452 -0.1912  0.1311 -0.0317  0.9904  0.124  -0.0521]]
action: [ 0.6452 -0.2412  0.1061 -0.0317  0.9904  0.124  -0.0521]
next_obs_state: [[ 0.6462 -0.1775  0.1159 -0.032   0.9904  0.124  -0.0515]]
--------------------------------------------------
Step 566:
obs_state: [[ 0.6462 -0.1775  0.1159 -0.032   0.9904  0.124  -0.0515]]
action: [ 0.6462 -0.1775  0.0909 -0.032   0.9904  0.124  -0.0515]
next_obs_state: [[ 0.647  -0.213   0.108  -0.0314  0.9904  0.124  -0.0521]]
--------------------------------------------------
Step 567:
obs_state: [[ 0.647  -0.213   0.108  -0.0314  0.9904  0.124  -0.0521]]
action: [ 0.647  -0.213   0.083  -0.0314  0.9904  0.124  -0.0521]
next_obs_state: [[ 0.6457 -0.1987  0.0964 -0.0322  0.9904  0.124  -0.0515]]
--------------------------------------------------
Step 568:
obs_state: [[ 0.6457 -0.1987  0.0964 -0.0322  0.9904  0.124  -0.0515]]
action: [ 0.6457 -0.1987  0.0714 -0.0322  0.9904  0.124  -0.0515]
next_obs_state: [[ 0.6466 -0.2016  0.0865 -0.0312  0.9904  0.124  -0.052 ]]
--------------------------------------------------
Step 569:
obs_state: [[ 0.6466 -0.2016  0.0865 -0.0312  0.9904  0.124  -0.052 ]]
action: [ 0.6466 -0.2016  0.0615 -0.0312  0.9904  0.124  -0.052 ]
next_obs_state: [[ 0.6459 -0.2029  0.0759 -0.0322  0.9904  0.1241 -0.0516]]
--------------------------------------------------
Step 570:
obs_state: [[ 0.6459 -0.2029  0.0759 -0.0322  0.9904  0.1241 -0.0516]]
action: [ 0.6459 -0.2029  0.0509 -0.0322  0.9904  0.1241 -0.0516]
next_obs_state: [[ 0.646  -0.2008  0.0656 -0.0313  0.9904  0.124  -0.0519]]
--------------------------------------------------
Step 571:
obs_state: [[ 0.646  -0.2008  0.0656 -0.0313  0.9904  0.124  -0.0519]]
action: [ 0.646  -0.2008  0.0406 -0.0313  0.9904  0.124  -0.0519]
next_obs_state: [[ 0.6459 -0.2023  0.0552 -0.0321  0.9904  0.1241 -0.0516]]
--------------------------------------------------
Step 572:
obs_state: [[ 0.6459 -0.2023  0.0552 -0.0321  0.9904  0.1241 -0.0516]]
action: [ 0.6459 -0.2023  0.0302 -0.0321  0.9904  0.1241 -0.0516]
next_obs_state: [[ 0.6457 -0.2015  0.045  -0.0314  0.9904  0.1241 -0.0518]]
--------------------------------------------------
Step 573:
obs_state: [[ 0.6457 -0.2015  0.045  -0.0314  0.9904  0.1241 -0.0518]]
action: [ 0.6457 -0.2015  0.045  -0.0314  0.9904  0.1241 -0.0518]
next_obs_state: [[ 0.6457 -0.2017  0.0344 -0.032   0.9904  0.1241 -0.0516]]
--------------------------------------------------
Step 574:
obs_state: [[ 0.6457 -0.2017  0.0344 -0.032   0.9904  0.1241 -0.0516]]
action: [ 0.6457 -0.2017  0.0844 -0.032   0.9904  0.1241 -0.0516]
next_obs_state: [[ 0.646  -0.2019  0.0399 -0.0314  0.9904  0.1241 -0.0518]]
--------------------------------------------------
Step 575:
obs_state: [[ 0.646  -0.2019  0.0399 -0.0314  0.9904  0.1241 -0.0518]]
action: [ 0.646  -0.2019  0.0899 -0.0314  0.9904  0.1241 -0.0518]
next_obs_state: [[ 0.6465 -0.2018  0.0693 -0.032   0.9904  0.124  -0.0517]]
--------------------------------------------------
Step 576:
obs_state: [[ 0.6465 -0.2018  0.0693 -0.032   0.9904  0.124  -0.0517]]
action: [ 0.6465 -0.2018  0.1193 -0.032   0.9904  0.124  -0.0517]
next_obs_state: [[ 0.6462 -0.2019  0.0865 -0.0315  0.9904  0.1241 -0.0518]]
--------------------------------------------------
Step 577:
obs_state: [[ 0.6462 -0.2019  0.0865 -0.0315  0.9904  0.1241 -0.0518]]
action: [ 0.6462 -0.2019  0.1365 -0.0315  0.9904  0.1241 -0.0518]
next_obs_state: [[ 0.6469 -0.202   0.1084 -0.032   0.9904  0.124  -0.0517]]
--------------------------------------------------
Step 578:
obs_state: [[ 0.6469 -0.202   0.1084 -0.032   0.9904  0.124  -0.0517]]
action: [ 0.6469 -0.152   0.1584 -0.032   0.9904  0.124  -0.0517]
next_obs_state: [[ 0.6468 -0.2021  0.1293 -0.0316  0.9904  0.1241 -0.0519]]
--------------------------------------------------
Step 579:
obs_state: [[ 0.6468 -0.2021  0.1293 -0.0316  0.9904  0.1241 -0.0519]]
action: [ 0.6468 -0.1521  0.1793 -0.0316  0.9904  0.1241 -0.0519]
next_obs_state: [[ 0.6473 -0.1704  0.1496 -0.0322  0.9904  0.124  -0.0518]]
--------------------------------------------------
Step 580:
obs_state: [[ 0.6473 -0.1704  0.1496 -0.0322  0.9904  0.124  -0.0518]]
action: [ 0.6473 -0.1204  0.1996 -0.0322  0.9904  0.124  -0.0518]
next_obs_state: [[ 0.6473 -0.1536  0.1707 -0.0317  0.9904  0.124  -0.0519]]
--------------------------------------------------
Step 581:
obs_state: [[ 0.6473 -0.1536  0.1707 -0.0317  0.9904  0.124  -0.0519]]
action: [ 0.6473 -0.1036  0.2207 -0.0317  0.9904  0.124  -0.0519]
next_obs_state: [[ 0.6477 -0.1322  0.1914 -0.0323  0.9904  0.124  -0.0518]]
--------------------------------------------------
Step 582:
obs_state: [[ 0.6477 -0.1322  0.1914 -0.0323  0.9904  0.124  -0.0518]]
action: [ 0.6477 -0.0822  0.1914 -0.0323  0.9904  0.124  -0.0518]
next_obs_state: [[ 0.6478 -0.1107  0.2122 -0.0318  0.9904  0.124  -0.0519]]
--------------------------------------------------
Step 583:
obs_state: [[ 0.6478 -0.1107  0.2122 -0.0318  0.9904  0.124  -0.0519]]
action: [ 0.6478 -0.0607  0.2122 -0.0318  0.9904  0.124  -0.0519]
next_obs_state: [[ 0.6472 -0.0908  0.2015 -0.0323  0.9904  0.124  -0.0517]]
--------------------------------------------------
Step 584:
obs_state: [[ 0.6472 -0.0908  0.2015 -0.0323  0.9904  0.124  -0.0517]]
action: [ 0.6472 -0.0408  0.2015 -0.0323  0.9904  0.124  -0.0517]
next_obs_state: [[ 0.648  -0.0692  0.2054 -0.032   0.9904  0.124  -0.0519]]
--------------------------------------------------
Step 585:
obs_state: [[ 0.648  -0.0692  0.2054 -0.032   0.9904  0.124  -0.0519]]
action: [ 0.648  -0.0192  0.2054 -0.032   0.9904  0.124  -0.0519]
next_obs_state: [[ 0.6473 -0.0486  0.2048 -0.0324  0.9904  0.124  -0.0517]]
--------------------------------------------------
Step 586:
obs_state: [[ 0.6473 -0.0486  0.2048 -0.0324  0.9904  0.124  -0.0517]]
action: [ 0.6473  0.0014  0.2048 -0.0324  0.9904  0.124  -0.0517]
next_obs_state: [[ 0.6479 -0.028   0.2042 -0.0321  0.9904  0.124  -0.0518]]
--------------------------------------------------
Step 587:
obs_state: [[ 0.6479 -0.028   0.2042 -0.0321  0.9904  0.124  -0.0518]]
action: [ 0.6729  0.022   0.2042 -0.0321  0.9904  0.124  -0.0518]
next_obs_state: [[ 0.6475 -0.0067  0.2049 -0.0325  0.9904  0.124  -0.0517]]
--------------------------------------------------
Step 588:
obs_state: [[ 0.6475 -0.0067  0.2049 -0.0325  0.9904  0.124  -0.0517]]
action: [ 0.6725  0.0433  0.2049 -0.0325  0.9904  0.124  -0.0517]
next_obs_state: [[ 0.6636  0.0142  0.2048 -0.0322  0.9904  0.124  -0.0516]]
--------------------------------------------------
Step 589:
obs_state: [[ 0.6636  0.0142  0.2048 -0.0322  0.9904  0.124  -0.0516]]
action: [ 0.6886  0.0642  0.2048 -0.0322  0.9904  0.124  -0.0516]
next_obs_state: [[ 0.6718  0.0349  0.2048 -0.0325  0.9904  0.124  -0.0517]]
--------------------------------------------------
Step 590:
obs_state: [[ 0.6718  0.0349  0.2048 -0.0325  0.9904  0.124  -0.0517]]
action: [ 0.6968  0.0849  0.2048 -0.0325  0.9904  0.124  -0.0517]
next_obs_state: [[ 0.6824  0.056   0.2051 -0.0323  0.9904  0.124  -0.0515]]
--------------------------------------------------
Step 591:
obs_state: [[ 0.6824  0.056   0.2051 -0.0323  0.9904  0.124  -0.0515]]
action: [ 0.7074  0.056   0.2051 -0.0323  0.9904  0.124  -0.0515]
next_obs_state: [[ 0.6931  0.0768  0.2051 -0.0326  0.9904  0.124  -0.0517]]
--------------------------------------------------
Step 592:
obs_state: [[ 0.6931  0.0768  0.2051 -0.0326  0.9904  0.124  -0.0517]]
action: [ 0.7181  0.0768  0.2051 -0.0326  0.9904  0.124  -0.0517]
next_obs_state: [[ 0.7031  0.0659  0.2052 -0.0322  0.9904  0.124  -0.0515]]
--------------------------------------------------
Step 593:
obs_state: [[ 0.7031  0.0659  0.2052 -0.0322  0.9904  0.124  -0.0515]]
action: [ 0.7281  0.1159  0.2052 -0.0322  0.9904  0.124  -0.0515]
next_obs_state: [[ 0.7136  0.0699  0.2054 -0.0326  0.9904  0.124  -0.0516]]
--------------------------------------------------
Step 594:
obs_state: [[ 0.7136  0.0699  0.2054 -0.0326  0.9904  0.124  -0.0516]]
action: [ 0.7136  0.1199  0.2054 -0.0326  0.9904  0.124  -0.0516]
next_obs_state: [[ 0.7237  0.101   0.2055 -0.0324  0.9904  0.124  -0.0514]]
--------------------------------------------------
Step 595:
obs_state: [[ 0.5551  0.0427  0.1815 -0.0324  0.9904  0.124  -0.0519]]
action: [ 0.5551 -0.0073  0.1815 -0.0324  0.9904  0.124  -0.0519]
next_obs_state: [[ 0.5765  0.0528  0.1823 -0.0323  0.9904  0.124  -0.0523]]
--------------------------------------------------
Step 596:
obs_state: [[ 0.5765  0.0528  0.1823 -0.0323  0.9904  0.124  -0.0523]]
action: [ 0.5765  0.0028  0.1823 -0.0323  0.9904  0.124  -0.0523]
next_obs_state: [[ 0.5555  0.0116  0.1815 -0.0322  0.9904  0.1239 -0.0519]]
--------------------------------------------------
Step 597:
obs_state: [[ 0.5555  0.0116  0.1815 -0.0322  0.9904  0.1239 -0.0519]]
action: [ 0.5555 -0.0384  0.1815 -0.0322  0.9904  0.1239 -0.0519]
next_obs_state: [[ 5.6807e-01  3.5991e-04  1.8240e-01 -3.2360e-02  9.9036e-01  1.2416e-01
  -5.2133e-02]]
--------------------------------------------------
Step 598:
obs_state: [[ 5.6807e-01  3.5991e-04  1.8240e-01 -3.2360e-02  9.9036e-01  1.2416e-01
  -5.2133e-02]]
action: [ 0.5681 -0.0496  0.1824 -0.0324  0.9904  0.1242 -0.0521]
next_obs_state: [[ 0.5626 -0.0236  0.1815 -0.0321  0.9904  0.1239 -0.052 ]]
--------------------------------------------------
Step 599:
obs_state: [[ 0.5626 -0.0236  0.1815 -0.0321  0.9904  0.1239 -0.052 ]]
action: [ 0.5626 -0.0736  0.1815 -0.0321  0.9904  0.1239 -0.052 ]
next_obs_state: [[ 0.564  -0.0445  0.1822 -0.0323  0.9904  0.1241 -0.0521]]
--------------------------------------------------
Step 600:
obs_state: [[ 0.564  -0.0445  0.1822 -0.0323  0.9904  0.1241 -0.0521]]
action: [ 0.564  -0.0945  0.1822 -0.0323  0.9904  0.1241 -0.0521]
next_obs_state: [[ 0.564  -0.0649  0.1818 -0.032   0.9904  0.124  -0.0522]]
--------------------------------------------------
Step 601:
obs_state: [[ 0.564  -0.0649  0.1818 -0.032   0.9904  0.124  -0.0522]]
action: [ 0.564  -0.1149  0.1818 -0.032   0.9904  0.124  -0.0522]
next_obs_state: [[ 0.5636 -0.0862  0.1821 -0.0322  0.9904  0.1241 -0.0521]]
--------------------------------------------------
Step 602:
obs_state: [[ 0.5636 -0.0862  0.1821 -0.0322  0.9904  0.1241 -0.0521]]
action: [ 0.5636 -0.1362  0.1821 -0.0322  0.9904  0.1241 -0.0521]
next_obs_state: [[ 0.5639 -0.1069  0.1821 -0.0319  0.9904  0.124  -0.0522]]
--------------------------------------------------
Step 603:
obs_state: [[ 0.5639 -0.1069  0.1821 -0.0319  0.9904  0.124  -0.0522]]
action: [ 0.5639 -0.1569  0.1821 -0.0319  0.9904  0.124  -0.0522]
next_obs_state: [[ 0.5637 -0.1276  0.1821 -0.032   0.9904  0.1241 -0.0521]]
--------------------------------------------------
Step 604:
obs_state: [[ 0.5637 -0.1276  0.1821 -0.032   0.9904  0.1241 -0.0521]]
action: [ 0.5887 -0.1776  0.1821 -0.032   0.9904  0.1241 -0.0521]
next_obs_state: [[ 0.5637 -0.1487  0.1822 -0.0319  0.9904  0.124  -0.0522]]
--------------------------------------------------
Step 605:
obs_state: [[ 0.5637 -0.1487  0.1822 -0.0319  0.9904  0.124  -0.0522]]
action: [ 0.5887 -0.1987  0.1822 -0.0319  0.9904  0.124  -0.0522]
next_obs_state: [[ 0.5793 -0.1694  0.1827 -0.0319  0.9904  0.1241 -0.052 ]]
--------------------------------------------------
Step 606:
obs_state: [[ 0.5793 -0.1694  0.1827 -0.0319  0.9904  0.1241 -0.052 ]]
action: [ 0.6043 -0.1694  0.1827 -0.0319  0.9904  0.1241 -0.052 ]
next_obs_state: [[ 0.5878 -0.1902  0.1825 -0.0318  0.9904  0.1241 -0.0522]]
--------------------------------------------------
Step 607:
obs_state: [[ 0.5878 -0.1902  0.1825 -0.0318  0.9904  0.1241 -0.0522]]
action: [ 0.6128 -0.1902  0.1825 -0.0318  0.9904  0.1241 -0.0522]
next_obs_state: [[ 0.5985 -0.1794  0.1827 -0.032   0.9904  0.1241 -0.0519]]
--------------------------------------------------
Step 608:
obs_state: [[ 0.5985 -0.1794  0.1827 -0.032   0.9904  0.1241 -0.0519]]
action: [ 0.6235 -0.1794  0.1577 -0.032   0.9904  0.1241 -0.0519]
next_obs_state: [[ 0.6091 -0.1834  0.1828 -0.0317  0.9904  0.124  -0.0521]]
--------------------------------------------------
Step 609:
obs_state: [[ 0.6091 -0.1834  0.1828 -0.0317  0.9904  0.124  -0.0521]]
action: [ 0.6341 -0.1834  0.1578 -0.0317  0.9904  0.124  -0.0521]
next_obs_state: [[ 0.6187 -0.1826  0.1669 -0.032   0.9904  0.1241 -0.0519]]
--------------------------------------------------
Step 610:
obs_state: [[ 0.6187 -0.1826  0.1669 -0.032   0.9904  0.1241 -0.0519]]
action: [ 0.6437 -0.1826  0.1419 -0.032   0.9904  0.1241 -0.0519]
next_obs_state: [[ 0.6297 -0.1821  0.1588 -0.0317  0.9904  0.1241 -0.052 ]]
--------------------------------------------------
Step 611:
obs_state: [[ 0.6297 -0.1821  0.1588 -0.0317  0.9904  0.1241 -0.052 ]]
action: [ 0.6297 -0.2321  0.1338 -0.0317  0.9904  0.1241 -0.052 ]
next_obs_state: [[ 0.6391 -0.1827  0.1483 -0.032   0.9904  0.1241 -0.0518]]
--------------------------------------------------
Step 612:
obs_state: [[ 0.6391 -0.1827  0.1483 -0.032   0.9904  0.1241 -0.0518]]
action: [ 0.6391 -0.1827  0.1233 -0.032   0.9904  0.1241 -0.0518]
next_obs_state: [[ 0.6342 -0.2139  0.1374 -0.0315  0.9904  0.1241 -0.0521]]
--------------------------------------------------
Step 613:
obs_state: [[ 0.6342 -0.2139  0.1374 -0.0315  0.9904  0.1241 -0.0521]]
action: [ 0.6342 -0.2139  0.1124 -0.0315  0.9904  0.1241 -0.0521]
next_obs_state: [[ 0.6358 -0.1992  0.1273 -0.0321  0.9904  0.1241 -0.0518]]
--------------------------------------------------
Step 614:
obs_state: [[ 0.6358 -0.1992  0.1273 -0.0321  0.9904  0.1241 -0.0518]]
action: [ 0.6358 -0.1992  0.1023 -0.0321  0.9904  0.1241 -0.0518]
next_obs_state: [[ 0.6354 -0.2036  0.1168 -0.0314  0.9904  0.124  -0.052 ]]
--------------------------------------------------
Step 615:
obs_state: [[ 0.6354 -0.2036  0.1168 -0.0314  0.9904  0.124  -0.052 ]]
action: [ 0.6354 -0.2036  0.0918 -0.0314  0.9904  0.124  -0.052 ]
next_obs_state: [[ 0.6351 -0.2037  0.1064 -0.0321  0.9904  0.1241 -0.0518]]
--------------------------------------------------
Step 616:
obs_state: [[ 0.6351 -0.2037  0.1064 -0.0321  0.9904  0.1241 -0.0518]]
action: [ 0.6351 -0.2037  0.0814 -0.0321  0.9904  0.1241 -0.0518]
next_obs_state: [[ 0.6353 -0.2023  0.096  -0.0314  0.9904  0.1238 -0.052 ]]
--------------------------------------------------
Step 617:
obs_state: [[ 0.6353 -0.2023  0.096  -0.0314  0.9904  0.1238 -0.052 ]]
action: [ 0.6603 -0.2023  0.071  -0.0314  0.9904  0.1238 -0.052 ]
next_obs_state: [[ 0.635  -0.2035  0.0854 -0.0321  0.9904  0.1241 -0.0518]]
--------------------------------------------------
Step 618:
obs_state: [[ 0.635  -0.2035  0.0854 -0.0321  0.9904  0.1241 -0.0518]]
action: [ 0.635  -0.2035  0.0604 -0.0321  0.9904  0.1241 -0.0518]
next_obs_state: [[ 0.6507 -0.2027  0.0755 -0.0314  0.9904  0.1238 -0.0518]]
--------------------------------------------------
Step 619:
obs_state: [[ 0.6507 -0.2027  0.0755 -0.0314  0.9904  0.1238 -0.0518]]
action: [ 0.6757 -0.2027  0.0505 -0.0314  0.9904  0.1238 -0.0518]
next_obs_state: [[ 0.6433 -0.203   0.0643 -0.032   0.9904  0.1241 -0.0519]]
--------------------------------------------------
Step 620:
obs_state: [[ 0.6433 -0.203   0.0643 -0.032   0.9904  0.1241 -0.0519]]
action: [ 0.6433 -0.203   0.0393 -0.032   0.9904  0.1241 -0.0519]
next_obs_state: [[ 0.6608 -0.2029  0.0552 -0.0314  0.9905  0.1239 -0.0516]]
--------------------------------------------------
Step 621:
obs_state: [[ 0.6608 -0.2029  0.0552 -0.0314  0.9905  0.1239 -0.0516]]
action: [ 0.6608 -0.2029  0.0302 -0.0314  0.9905  0.1239 -0.0516]
next_obs_state: [[ 0.6538 -0.2028  0.0435 -0.032   0.9904  0.1241 -0.052 ]]
--------------------------------------------------
Step 622:
obs_state: [[ 0.6538 -0.2028  0.0435 -0.032   0.9904  0.1241 -0.052 ]]
action: [ 0.6538 -0.2028  0.0435 -0.032   0.9904  0.1241 -0.052 ]
next_obs_state: [[ 0.6549 -0.2029  0.0342 -0.0314  0.9905  0.1239 -0.0515]]
--------------------------------------------------
Step 623:
obs_state: [[ 0.6549 -0.2029  0.0342 -0.0314  0.9905  0.1239 -0.0515]]
action: [ 0.6549 -0.2029  0.0842 -0.0314  0.9905  0.1239 -0.0515]
next_obs_state: [[ 0.6561 -0.2029  0.0389 -0.0319  0.9904  0.124  -0.052 ]]
--------------------------------------------------
Step 624:
obs_state: [[ 0.6561 -0.2029  0.0389 -0.0319  0.9904  0.124  -0.052 ]]
action: [ 0.6561 -0.2029  0.0889 -0.0319  0.9904  0.124  -0.052 ]
next_obs_state: [[ 0.6555 -0.2031  0.0689 -0.0315  0.9904  0.1239 -0.0516]]
--------------------------------------------------
Step 625:
obs_state: [[ 0.6555 -0.2031  0.0689 -0.0315  0.9904  0.1239 -0.0516]]
action: [ 0.6555 -0.2031  0.1189 -0.0315  0.9904  0.1239 -0.0516]
next_obs_state: [[ 0.6559 -0.203   0.0857 -0.0319  0.9904  0.124  -0.052 ]]
--------------------------------------------------
Step 626:
obs_state: [[ 0.6559 -0.203   0.0857 -0.0319  0.9904  0.124  -0.052 ]]
action: [ 0.6559 -0.153   0.1357 -0.0319  0.9904  0.124  -0.052 ]
next_obs_state: [[ 0.6563 -0.2032  0.1076 -0.0316  0.9904  0.1239 -0.0517]]
--------------------------------------------------
Step 627:
obs_state: [[ 0.6563 -0.2032  0.1076 -0.0316  0.9904  0.1239 -0.0517]]
action: [ 0.6563 -0.1532  0.1576 -0.0316  0.9904  0.1239 -0.0517]
next_obs_state: [[ 0.6563 -0.1714  0.1284 -0.0321  0.9904  0.124  -0.052 ]]
--------------------------------------------------
Step 628:
obs_state: [[ 0.6563 -0.1714  0.1284 -0.0321  0.9904  0.124  -0.052 ]]
action: [ 0.6563 -0.1214  0.1784 -0.0321  0.9904  0.124  -0.052 ]
next_obs_state: [[ 0.6567 -0.1547  0.1486 -0.0317  0.9904  0.1239 -0.0517]]
--------------------------------------------------
Step 629:
obs_state: [[ 0.6567 -0.1547  0.1486 -0.0317  0.9904  0.1239 -0.0517]]
action: [ 0.6567 -0.1047  0.1986 -0.0317  0.9904  0.1239 -0.0517]
next_obs_state: [[ 0.6569 -0.1332  0.17   -0.0322  0.9904  0.124  -0.052 ]]
--------------------------------------------------
Step 630:
obs_state: [[ 0.6569 -0.1332  0.17   -0.0322  0.9904  0.124  -0.052 ]]
action: [ 0.6569 -0.0832  0.22   -0.0322  0.9904  0.124  -0.052 ]
next_obs_state: [[ 0.6571 -0.1116  0.1907 -0.0318  0.9904  0.1239 -0.0518]]
--------------------------------------------------
Step 631:
obs_state: [[ 0.6571 -0.1116  0.1907 -0.0318  0.9904  0.1239 -0.0518]]
action: [ 0.6571 -0.0616  0.1907 -0.0318  0.9904  0.1239 -0.0518]
next_obs_state: [[ 0.6573 -0.0916  0.2115 -0.0323  0.9904  0.124  -0.052 ]]
--------------------------------------------------
Step 632:
obs_state: [[ 0.6573 -0.0916  0.2115 -0.0323  0.9904  0.124  -0.052 ]]
action: [ 0.6573 -0.0416  0.2115 -0.0323  0.9904  0.124  -0.052 ]
next_obs_state: [[ 0.6567 -0.0698  0.2002 -0.0319  0.9904  0.1239 -0.0517]]
--------------------------------------------------
Step 633:
obs_state: [[ 0.6567 -0.0698  0.2002 -0.0319  0.9904  0.1239 -0.0517]]
action: [ 0.6567 -0.0198  0.2002 -0.0319  0.9904  0.1239 -0.0517]
next_obs_state: [[ 0.6575 -0.0493  0.205  -0.0324  0.9904  0.124  -0.052 ]]
--------------------------------------------------
Step 634:
obs_state: [[ 0.6575 -0.0493  0.205  -0.0324  0.9904  0.124  -0.052 ]]
action: [ 6.5752e-01  7.1714e-04  2.0496e-01 -3.2373e-02  9.9039e-01  1.2399e-01
 -5.1991e-02]
next_obs_state: [[ 0.6568 -0.0284  0.2038 -0.032   0.9904  0.1239 -0.0517]]
--------------------------------------------------
Step 635:
obs_state: [[ 0.6568 -0.0284  0.2038 -0.032   0.9904  0.1239 -0.0517]]
action: [ 0.6568  0.0216  0.2038 -0.032   0.9904  0.1239 -0.0517]
next_obs_state: [[ 0.6573 -0.0073  0.2035 -0.0324  0.9904  0.124  -0.0519]]
--------------------------------------------------
Step 636:
obs_state: [[ 0.6573 -0.0073  0.2035 -0.0324  0.9904  0.124  -0.0519]]
action: [ 0.6573  0.0427  0.2035 -0.0324  0.9904  0.124  -0.0519]
next_obs_state: [[ 0.657   0.0133  0.2041 -0.0322  0.9904  0.1239 -0.0517]]
--------------------------------------------------
Step 637:
obs_state: [[ 0.657   0.0133  0.2041 -0.0322  0.9904  0.1239 -0.0517]]
action: [ 0.682   0.0633  0.2041 -0.0322  0.9904  0.1239 -0.0517]
next_obs_state: [[ 0.6571  0.0344  0.2037 -0.0325  0.9904  0.124  -0.0519]]
--------------------------------------------------
Step 638:
obs_state: [[ 0.6571  0.0344  0.2037 -0.0325  0.9904  0.124  -0.0519]]
action: [ 0.6821  0.0844  0.2037 -0.0325  0.9904  0.124  -0.0519]
next_obs_state: [[ 0.6729  0.0554  0.2043 -0.0323  0.9904  0.1239 -0.0516]]
--------------------------------------------------
Step 639:
obs_state: [[ 0.6729  0.0554  0.2043 -0.0323  0.9904  0.1239 -0.0516]]
action: [ 0.6979  0.1054  0.2043 -0.0323  0.9904  0.1239 -0.0516]
next_obs_state: [[ 0.6812  0.0759  0.204  -0.0326  0.9904  0.124  -0.0518]]
--------------------------------------------------
Step 640:
obs_state: [[ 0.6812  0.0759  0.204  -0.0326  0.9904  0.124  -0.0518]]
action: [ 0.7062  0.1259  0.204  -0.0326  0.9904  0.124  -0.0518]
next_obs_state: [[ 0.692   0.0974  0.2044 -0.0324  0.9904  0.1239 -0.0515]]
--------------------------------------------------
Step 641:
obs_state: [[ 0.5551  0.0427  0.1815 -0.0324  0.9904  0.124  -0.0519]]
action: [ 0.5551 -0.0073  0.1815 -0.0324  0.9904  0.124  -0.0519]
next_obs_state: [[ 0.5754  0.0536  0.1822 -0.0323  0.9904  0.124  -0.0523]]
--------------------------------------------------
Step 642:
obs_state: [[ 0.5754  0.0536  0.1822 -0.0323  0.9904  0.124  -0.0523]]
action: [ 0.5754  0.0036  0.1822 -0.0323  0.9904  0.124  -0.0523]
next_obs_state: [[ 0.5555  0.0117  0.1815 -0.0322  0.9904  0.1239 -0.0519]]
--------------------------------------------------
Step 643:
obs_state: [[ 0.5555  0.0117  0.1815 -0.0322  0.9904  0.1239 -0.0519]]
action: [ 0.5555 -0.0383  0.1815 -0.0322  0.9904  0.1239 -0.0519]
next_obs_state: [[ 5.6779e-01  9.4292e-04  1.8234e-01 -3.2345e-02  9.9037e-01  1.2413e-01
  -5.2132e-02]]
--------------------------------------------------
Step 644:
obs_state: [[ 5.6779e-01  9.4292e-04  1.8234e-01 -3.2345e-02  9.9037e-01  1.2413e-01
  -5.2132e-02]]
action: [ 0.5678 -0.0491  0.1823 -0.0323  0.9904  0.1241 -0.0521]
next_obs_state: [[ 0.5622 -0.0232  0.1815 -0.0321  0.9904  0.1239 -0.052 ]]
--------------------------------------------------
Step 645:
obs_state: [[ 0.5622 -0.0232  0.1815 -0.0321  0.9904  0.1239 -0.052 ]]
action: [ 0.5622 -0.0732  0.1815 -0.0321  0.9904  0.1239 -0.052 ]
next_obs_state: [[ 0.5639 -0.0442  0.1822 -0.0323  0.9904  0.1241 -0.0521]]
--------------------------------------------------
Step 646:
obs_state: [[ 0.5639 -0.0442  0.1822 -0.0323  0.9904  0.1241 -0.0521]]
action: [ 0.5639 -0.0942  0.1822 -0.0323  0.9904  0.1241 -0.0521]
next_obs_state: [[ 0.5639 -0.0637  0.1818 -0.032   0.9904  0.124  -0.0522]]
--------------------------------------------------
Step 647:
obs_state: [[ 0.5639 -0.0637  0.1818 -0.032   0.9904  0.124  -0.0522]]
action: [ 0.5639 -0.1137  0.1818 -0.032   0.9904  0.124  -0.0522]
next_obs_state: [[ 0.5634 -0.086   0.1821 -0.0322  0.9904  0.1241 -0.0521]]
--------------------------------------------------
Step 648:
obs_state: [[ 0.5634 -0.086   0.1821 -0.0322  0.9904  0.1241 -0.0521]]
action: [ 0.5884 -0.136   0.1821 -0.0322  0.9904  0.1241 -0.0521]
next_obs_state: [[ 0.5638 -0.1061  0.182  -0.032   0.9904  0.124  -0.0522]]
--------------------------------------------------
Step 649:
obs_state: [[ 0.5638 -0.1061  0.182  -0.032   0.9904  0.124  -0.0522]]
action: [ 0.5888 -0.1561  0.182  -0.032   0.9904  0.124  -0.0522]
next_obs_state: [[ 0.5787 -0.1268  0.1825 -0.032   0.9904  0.1241 -0.052 ]]
--------------------------------------------------
Step 650:
obs_state: [[ 0.5787 -0.1268  0.1825 -0.032   0.9904  0.1241 -0.052 ]]
action: [ 0.6037 -0.1768  0.1825 -0.032   0.9904  0.1241 -0.052 ]
next_obs_state: [[ 0.5878 -0.1481  0.1823 -0.0319  0.9904  0.124  -0.0522]]
--------------------------------------------------
Step 651:
obs_state: [[ 0.5878 -0.1481  0.1823 -0.0319  0.9904  0.124  -0.0522]]
action: [ 0.6128 -0.1981  0.1823 -0.0319  0.9904  0.124  -0.0522]
next_obs_state: [[ 0.598  -0.1686  0.1828 -0.0319  0.9904  0.124  -0.0519]]
--------------------------------------------------
Step 652:
obs_state: [[ 0.598  -0.1686  0.1828 -0.0319  0.9904  0.124  -0.0519]]
action: [ 0.623  -0.1686  0.1578 -0.0319  0.9904  0.124  -0.0519]
next_obs_state: [[ 0.6087 -0.1895  0.1828 -0.0318  0.9904  0.124  -0.0521]]
--------------------------------------------------
Step 653:
obs_state: [[ 0.6087 -0.1895  0.1828 -0.0318  0.9904  0.124  -0.0521]]
action: [ 0.6337 -0.1895  0.1578 -0.0318  0.9904  0.124  -0.0521]
next_obs_state: [[ 0.6184 -0.1786  0.1668 -0.032   0.9904  0.124  -0.0519]]
--------------------------------------------------
Step 654:
obs_state: [[ 0.6184 -0.1786  0.1668 -0.032   0.9904  0.124  -0.0519]]
action: [ 0.6434 -0.1786  0.1418 -0.032   0.9904  0.124  -0.0519]
next_obs_state: [[ 0.629  -0.1822  0.1589 -0.0317  0.9904  0.1239 -0.052 ]]
--------------------------------------------------
Step 655:
obs_state: [[ 0.629  -0.1822  0.1589 -0.0317  0.9904  0.1239 -0.052 ]]
action: [ 0.654  -0.1822  0.1339 -0.0317  0.9904  0.1239 -0.052 ]
next_obs_state: [[ 0.639  -0.1819  0.1479 -0.032   0.9904  0.1241 -0.0518]]
--------------------------------------------------
Step 656:
obs_state: [[ 0.639  -0.1819  0.1479 -0.032   0.9904  0.1241 -0.0518]]
action: [ 0.639  -0.1819  0.1229 -0.032   0.9904  0.1241 -0.0518]
next_obs_state: [[ 0.6494 -0.181   0.1377 -0.0317  0.9904  0.1239 -0.0519]]
--------------------------------------------------
Step 657:
obs_state: [[ 0.6494 -0.181   0.1377 -0.0317  0.9904  0.1239 -0.0519]]
action: [ 0.6494 -0.181   0.1127 -0.0317  0.9904  0.1239 -0.0519]
next_obs_state: [[ 0.6441 -0.1819  0.1271 -0.032   0.9904  0.124  -0.0519]]
--------------------------------------------------
Step 658:
obs_state: [[ 0.6441 -0.1819  0.1271 -0.032   0.9904  0.124  -0.0519]]
action: [ 0.6441 -0.1819  0.1021 -0.032   0.9904  0.124  -0.0519]
next_obs_state: [[ 0.6457 -0.1813  0.1169 -0.0317  0.9904  0.124  -0.0518]]
--------------------------------------------------
Step 659:
obs_state: [[ 0.6457 -0.1813  0.1169 -0.0317  0.9904  0.124  -0.0518]]
action: [ 0.6457 -0.1813  0.0919 -0.0317  0.9904  0.124  -0.0518]
next_obs_state: [[ 0.6456 -0.1815  0.1063 -0.0319  0.9904  0.124  -0.0519]]
--------------------------------------------------
Step 660:
obs_state: [[ 0.6456 -0.1815  0.1063 -0.0319  0.9904  0.124  -0.0519]]
action: [ 0.6456 -0.2315  0.0813 -0.0319  0.9904  0.124  -0.0519]
next_obs_state: [[ 0.6449 -0.1814  0.096  -0.0317  0.9904  0.1242 -0.0518]]
--------------------------------------------------
Step 661:
obs_state: [[ 0.6449 -0.1814  0.096  -0.0317  0.9904  0.1242 -0.0518]]
action: [ 0.6449 -0.1814  0.071  -0.0317  0.9904  0.1242 -0.0518]
next_obs_state: [[ 0.6452 -0.213   0.0858 -0.0317  0.9904  0.124  -0.0519]]
--------------------------------------------------
Step 662:
obs_state: [[ 0.6452 -0.213   0.0858 -0.0317  0.9904  0.124  -0.0519]]
action: [ 0.6452 -0.213   0.0608 -0.0317  0.9904  0.124  -0.0519]
next_obs_state: [[ 0.6449 -0.1993  0.0752 -0.032   0.9904  0.1241 -0.0518]]
--------------------------------------------------
Step 663:
obs_state: [[ 0.6449 -0.1993  0.0752 -0.032   0.9904  0.1241 -0.0518]]
action: [ 0.6449 -0.1993  0.0502 -0.032   0.9904  0.1241 -0.0518]
next_obs_state: [[ 0.6449 -0.2026  0.065  -0.0315  0.9904  0.124  -0.0517]]
--------------------------------------------------
Step 664:
obs_state: [[ 0.6449 -0.2026  0.065  -0.0315  0.9904  0.124  -0.0517]]
action: [ 0.6449 -0.2026  0.04   -0.0315  0.9904  0.124  -0.0517]
next_obs_state: [[ 0.6447 -0.2035  0.0545 -0.032   0.9904  0.1242 -0.0518]]
--------------------------------------------------
Step 665:
obs_state: [[ 0.6447 -0.2035  0.0545 -0.032   0.9904  0.1242 -0.0518]]
action: [ 0.6447 -0.2035  0.0295 -0.032   0.9904  0.1242 -0.0518]
next_obs_state: [[ 0.6447 -0.2016  0.044  -0.0315  0.9905  0.1239 -0.0517]]
--------------------------------------------------
Step 666:
obs_state: [[ 0.6447 -0.2016  0.044  -0.0315  0.9905  0.1239 -0.0517]]
action: [ 0.6447 -0.2016  0.019  -0.0315  0.9905  0.1239 -0.0517]
next_obs_state: [[ 0.6445 -0.203   0.0337 -0.0319  0.9904  0.1242 -0.0517]]
--------------------------------------------------
Step 667:
obs_state: [[ 0.6445 -0.203   0.0337 -0.0319  0.9904  0.1242 -0.0517]]
action: [ 0.6445 -0.203   0.0837 -0.0319  0.9904  0.1242 -0.0517]
next_obs_state: [[ 0.6444 -0.2022  0.0234 -0.0315  0.9904  0.1239 -0.0517]]
--------------------------------------------------
Step 668:
obs_state: [[ 0.6444 -0.2022  0.0234 -0.0315  0.9904  0.1239 -0.0517]]
action: [ 0.6444 -0.2022  0.0734 -0.0315  0.9904  0.1239 -0.0517]
next_obs_state: [[ 0.6457 -0.2028  0.0602 -0.0319  0.9904  0.124  -0.0518]]
--------------------------------------------------
Step 669:
obs_state: [[ 0.6457 -0.2028  0.0602 -0.0319  0.9904  0.124  -0.0518]]
action: [ 0.6457 -0.1528  0.1102 -0.0319  0.9904  0.124  -0.0518]
next_obs_state: [[ 0.6445 -0.2025  0.0752 -0.0316  0.9904  0.1239 -0.0517]]
--------------------------------------------------
Step 670:
obs_state: [[ 0.6445 -0.2025  0.0752 -0.0316  0.9904  0.1239 -0.0517]]
action: [ 0.6445 -0.1525  0.1252 -0.0316  0.9904  0.1239 -0.0517]
next_obs_state: [[ 0.6459 -0.1715  0.0964 -0.0322  0.9904  0.124  -0.0518]]
--------------------------------------------------
Step 671:
obs_state: [[ 0.6459 -0.1715  0.0964 -0.0322  0.9904  0.124  -0.0518]]
action: [ 0.6459 -0.1215  0.1464 -0.0322  0.9904  0.124  -0.0518]
next_obs_state: [[ 0.6454 -0.1542  0.1184 -0.0317  0.9904  0.1239 -0.0518]]
--------------------------------------------------
Step 672:
obs_state: [[ 0.6454 -0.1542  0.1184 -0.0317  0.9904  0.1239 -0.0518]]
action: [ 0.6454 -0.1042  0.1684 -0.0317  0.9904  0.1239 -0.0518]
next_obs_state: [[ 0.646  -0.1331  0.1379 -0.0323  0.9904  0.124  -0.0518]]
--------------------------------------------------
Step 673:
obs_state: [[ 0.646  -0.1331  0.1379 -0.0323  0.9904  0.124  -0.0518]]
action: [ 0.646  -0.0831  0.1879 -0.0323  0.9904  0.124  -0.0518]
next_obs_state: [[ 0.6462 -0.1112  0.1599 -0.0318  0.9904  0.1239 -0.0518]]
--------------------------------------------------
Step 674:
obs_state: [[ 0.6462 -0.1112  0.1599 -0.0318  0.9904  0.1239 -0.0518]]
action: [ 0.6462 -0.0612  0.1599 -0.0318  0.9904  0.1239 -0.0518]
next_obs_state: [[ 0.6463 -0.0914  0.18   -0.0323  0.9904  0.124  -0.0519]]
--------------------------------------------------
Step 675:
obs_state: [[ 0.6463 -0.0914  0.18   -0.0323  0.9904  0.124  -0.0519]]
action: [ 0.6463 -0.0414  0.18   -0.0323  0.9904  0.124  -0.0519]
next_obs_state: [[ 0.6457 -0.0698  0.1693 -0.032   0.9904  0.1239 -0.0518]]
--------------------------------------------------
Step 676:
obs_state: [[ 0.6457 -0.0698  0.1693 -0.032   0.9904  0.1239 -0.0518]]
action: [ 0.6457 -0.0198  0.1693 -0.032   0.9904  0.1239 -0.0518]
next_obs_state: [[ 0.6465 -0.0493  0.1735 -0.0324  0.9904  0.124  -0.0519]]
--------------------------------------------------
Step 677:
obs_state: [[ 0.6465 -0.0493  0.1735 -0.0324  0.9904  0.124  -0.0519]]
action: [ 6.4650e-01  7.1869e-04  1.7348e-01 -3.2402e-02  9.9040e-01  1.2397e-01
 -5.1862e-02]
next_obs_state: [[ 0.6458 -0.0283  0.1726 -0.0321  0.9904  0.1239 -0.0518]]
--------------------------------------------------
Step 678:
obs_state: [[ 0.6458 -0.0283  0.1726 -0.0321  0.9904  0.1239 -0.0518]]
action: [ 0.6458  0.0217  0.1726 -0.0321  0.9904  0.1239 -0.0518]
next_obs_state: [[ 0.6463 -0.0074  0.1722 -0.0325  0.9904  0.124  -0.0518]]
--------------------------------------------------
Step 679:
obs_state: [[ 0.6463 -0.0074  0.1722 -0.0325  0.9904  0.124  -0.0518]]
action: [ 0.6463  0.0426  0.1722 -0.0325  0.9904  0.124  -0.0518]
next_obs_state: [[ 0.646   0.013   0.1728 -0.0322  0.9904  0.1239 -0.0518]]
--------------------------------------------------
Step 680:
obs_state: [[ 0.646   0.013   0.1728 -0.0322  0.9904  0.1239 -0.0518]]
action: [ 0.646   0.063   0.1728 -0.0322  0.9904  0.1239 -0.0518]
next_obs_state: [[ 0.6461  0.0343  0.1724 -0.0325  0.9904  0.124  -0.0518]]
--------------------------------------------------
Step 681:
obs_state: [[ 0.6461  0.0343  0.1724 -0.0325  0.9904  0.124  -0.0518]]
action: [ 0.6711  0.0343  0.1724 -0.0325  0.9904  0.124  -0.0518]
next_obs_state: [[ 0.6462  0.0549  0.1726 -0.0323  0.9904  0.1239 -0.0516]]
--------------------------------------------------
Step 682:
obs_state: [[ 0.6462  0.0549  0.1726 -0.0323  0.9904  0.1239 -0.0516]]
action: [ 0.6712  0.1049  0.1726 -0.0323  0.9904  0.1239 -0.0516]
next_obs_state: [[ 0.6615  0.0444  0.173  -0.0324  0.9904  0.124  -0.0516]]
--------------------------------------------------
Step 683:
obs_state: [[ 0.6615  0.0444  0.173  -0.0324  0.9904  0.124  -0.0516]]
action: [ 0.6865  0.0944  0.173  -0.0324  0.9904  0.124  -0.0516]
next_obs_state: [[ 0.6703  0.0811  0.1728 -0.0326  0.9904  0.1239 -0.0516]]
--------------------------------------------------
Step 684:
obs_state: [[ 0.6703  0.0811  0.1728 -0.0326  0.9904  0.1239 -0.0516]]
action: [ 0.6953  0.1311  0.2228 -0.0326  0.9904  0.1239 -0.0516]
next_obs_state: [[ 0.6804  0.0966  0.1731 -0.0323  0.9905  0.1235 -0.0516]]
--------------------------------------------------
Step 685:
obs_state: [[ 0.6804  0.0966  0.1731 -0.0323  0.9905  0.1235 -0.0516]]
action: [ 0.7054  0.1466  0.1731 -0.0323  0.9905  0.1235 -0.0516]
next_obs_state: [[ 0.6921  0.1179  0.205  -0.0328  0.9904  0.1239 -0.0516]]
--------------------------------------------------
Step 686:
obs_state: [[ 0.6921  0.1179  0.205  -0.0328  0.9904  0.1239 -0.0516]]
action: [ 0.7171  0.1179  0.205  -0.0328  0.9904  0.1239 -0.0516]
next_obs_state: [[ 0.7004  0.1398  0.1897 -0.0324  0.9905  0.1236 -0.0515]]
--------------------------------------------------
Step 687:
obs_state: [[ 0.5551  0.0427  0.1815 -0.0324  0.9904  0.124  -0.0519]]
action: [ 0.5551 -0.0073  0.1815 -0.0324  0.9904  0.124  -0.0519]
next_obs_state: [[ 0.5769  0.0525  0.1822 -0.0323  0.9904  0.124  -0.0523]]
--------------------------------------------------
Step 688:
obs_state: [[ 0.5769  0.0525  0.1822 -0.0323  0.9904  0.124  -0.0523]]
action: [ 0.5769  0.0025  0.1822 -0.0323  0.9904  0.124  -0.0523]
next_obs_state: [[ 0.5555  0.011   0.1815 -0.0322  0.9904  0.1239 -0.0519]]
--------------------------------------------------
Step 689:
obs_state: [[ 0.5555  0.011   0.1815 -0.0322  0.9904  0.1239 -0.0519]]
action: [ 0.5555 -0.039   0.1815 -0.0322  0.9904  0.1239 -0.0519]
next_obs_state: [[ 5.6885e-01  3.1210e-04  1.8237e-01 -3.2353e-02  9.9036e-01  1.2414e-01
  -5.2141e-02]]
--------------------------------------------------
Step 690:
obs_state: [[ 5.6885e-01  3.1210e-04  1.8237e-01 -3.2353e-02  9.9036e-01  1.2414e-01
  -5.2141e-02]]
action: [ 0.5688 -0.0497  0.1824 -0.0324  0.9904  0.1241 -0.0521]
next_obs_state: [[ 0.563  -0.0234  0.1815 -0.0321  0.9904  0.124  -0.052 ]]
--------------------------------------------------
Step 691:
obs_state: [[ 0.563  -0.0234  0.1815 -0.0321  0.9904  0.124  -0.052 ]]
action: [ 0.563  -0.0734  0.1815 -0.0321  0.9904  0.124  -0.052 ]
next_obs_state: [[ 0.5645 -0.0447  0.1822 -0.0323  0.9904  0.1241 -0.0521]]
--------------------------------------------------
Step 692:
obs_state: [[ 0.5645 -0.0447  0.1822 -0.0323  0.9904  0.1241 -0.0521]]
action: [ 0.5645 -0.0947  0.1822 -0.0323  0.9904  0.1241 -0.0521]
next_obs_state: [[ 0.5647 -0.0644  0.1818 -0.032   0.9904  0.124  -0.0522]]
--------------------------------------------------
Step 693:
obs_state: [[ 0.5647 -0.0644  0.1818 -0.032   0.9904  0.124  -0.0522]]
action: [ 0.5647 -0.1144  0.1818 -0.032   0.9904  0.124  -0.0522]
next_obs_state: [[ 0.5641 -0.0859  0.1821 -0.0322  0.9904  0.1241 -0.0521]]
--------------------------------------------------
Step 694:
obs_state: [[ 0.5641 -0.0859  0.1821 -0.0322  0.9904  0.1241 -0.0521]]
action: [ 0.5641 -0.1359  0.1821 -0.0322  0.9904  0.1241 -0.0521]
next_obs_state: [[ 0.5645 -0.1066  0.1821 -0.032   0.9904  0.124  -0.0522]]
--------------------------------------------------
Step 695:
obs_state: [[ 0.5645 -0.1066  0.1821 -0.032   0.9904  0.124  -0.0522]]
action: [ 0.5895 -0.1566  0.1821 -0.032   0.9904  0.124  -0.0522]
next_obs_state: [[ 0.5642 -0.127   0.1821 -0.032   0.9904  0.1241 -0.0521]]
--------------------------------------------------
Step 696:
obs_state: [[ 0.5642 -0.127   0.1821 -0.032   0.9904  0.1241 -0.0521]]
action: [ 0.5892 -0.177   0.1821 -0.032   0.9904  0.1241 -0.0521]
next_obs_state: [[ 0.5797 -0.1482  0.1826 -0.0318  0.9904  0.124  -0.0521]]
--------------------------------------------------
Step 697:
obs_state: [[ 0.5797 -0.1482  0.1826 -0.0318  0.9904  0.124  -0.0521]]
action: [ 0.6047 -0.1982  0.1826 -0.0318  0.9904  0.124  -0.0521]
next_obs_state: [[ 0.5884 -0.1689  0.1824 -0.0319  0.9904  0.1241 -0.0521]]
--------------------------------------------------
Step 698:
obs_state: [[ 0.5884 -0.1689  0.1824 -0.0319  0.9904  0.1241 -0.0521]]
action: [ 0.6134 -0.2189  0.1824 -0.0319  0.9904  0.1241 -0.0521]
next_obs_state: [[ 0.5988 -0.1899  0.1829 -0.0317  0.9904  0.124  -0.052 ]]
--------------------------------------------------
Step 699:
obs_state: [[ 0.5988 -0.1899  0.1829 -0.0317  0.9904  0.124  -0.052 ]]
action: [ 0.6238 -0.1899  0.1579 -0.0317  0.9904  0.124  -0.052 ]
next_obs_state: [[ 0.6095 -0.2106  0.1828 -0.0318  0.9904  0.1241 -0.0521]]
--------------------------------------------------
Step 700:
obs_state: [[ 0.6095 -0.2106  0.1828 -0.0318  0.9904  0.1241 -0.0521]]
action: [ 0.6345 -0.2106  0.1578 -0.0318  0.9904  0.1241 -0.0521]
next_obs_state: [[ 0.6192 -0.1997  0.1669 -0.0318  0.9904  0.1239 -0.0519]]
--------------------------------------------------
Step 701:
obs_state: [[ 0.6192 -0.1997  0.1669 -0.0318  0.9904  0.1239 -0.0519]]
action: [ 0.6442 -0.1997  0.1419 -0.0318  0.9904  0.1239 -0.0519]
next_obs_state: [[ 0.6299 -0.2034  0.1589 -0.0317  0.9904  0.124  -0.052 ]]
--------------------------------------------------
Step 702:
obs_state: [[ 0.6299 -0.2034  0.1589 -0.0317  0.9904  0.124  -0.052 ]]
action: [ 0.6299 -0.2034  0.1339 -0.0317  0.9904  0.124  -0.052 ]
next_obs_state: [[ 0.6399 -0.203   0.1479 -0.0318  0.9904  0.124  -0.0518]]
--------------------------------------------------
Step 703:
obs_state: [[ 0.6399 -0.203   0.1479 -0.0318  0.9904  0.124  -0.0518]]
action: [ 0.6399 -0.203   0.1229 -0.0318  0.9904  0.124  -0.0518]
next_obs_state: [[ 0.6347 -0.2022  0.1372 -0.0317  0.9904  0.124  -0.052 ]]
--------------------------------------------------
Step 704:
obs_state: [[ 0.6347 -0.2022  0.1372 -0.0317  0.9904  0.124  -0.052 ]]
action: [ 0.6347 -0.2022  0.1122 -0.0317  0.9904  0.124  -0.052 ]
next_obs_state: [[ 0.6362 -0.203   0.1274 -0.0318  0.9904  0.1242 -0.0517]]
--------------------------------------------------
Step 705:
obs_state: [[ 0.6362 -0.203   0.1274 -0.0318  0.9904  0.1242 -0.0517]]
action: [ 0.6362 -0.203   0.1024 -0.0318  0.9904  0.1242 -0.0517]
next_obs_state: [[ 0.6361 -0.2024  0.1165 -0.0317  0.9904  0.1239 -0.052 ]]
--------------------------------------------------
Step 706:
obs_state: [[ 0.6361 -0.2024  0.1165 -0.0317  0.9904  0.1239 -0.052 ]]
action: [ 0.6361 -0.2024  0.0915 -0.0317  0.9904  0.1239 -0.052 ]
next_obs_state: [[ 0.6355 -0.2026  0.1065 -0.0318  0.9904  0.1242 -0.0518]]
--------------------------------------------------
Step 707:
obs_state: [[ 0.6355 -0.2026  0.1065 -0.0318  0.9904  0.1242 -0.0518]]
action: [ 0.6355 -0.2026  0.0815 -0.0318  0.9904  0.1242 -0.0518]
next_obs_state: [[ 0.6359 -0.2025  0.0958 -0.0317  0.9904  0.124  -0.0519]]
--------------------------------------------------
Step 708:
obs_state: [[ 0.6359 -0.2025  0.0958 -0.0317  0.9904  0.124  -0.0519]]
action: [ 0.6359 -0.2025  0.0708 -0.0317  0.9904  0.124  -0.0519]
next_obs_state: [[ 0.6355 -0.2025  0.0857 -0.0318  0.9904  0.1241 -0.0518]]
--------------------------------------------------
Step 709:
obs_state: [[ 0.6355 -0.2025  0.0857 -0.0318  0.9904  0.1241 -0.0518]]
action: [ 0.6355 -0.2025  0.0607 -0.0318  0.9904  0.1241 -0.0518]
next_obs_state: [[ 0.6355 -0.2025  0.0751 -0.0317  0.9904  0.1241 -0.0519]]
--------------------------------------------------
Step 710:
obs_state: [[ 0.6355 -0.2025  0.0751 -0.0317  0.9904  0.1241 -0.0519]]
action: [ 0.6355 -0.2025  0.0501 -0.0317  0.9904  0.1241 -0.0519]
next_obs_state: [[ 0.6354 -0.2024  0.0648 -0.0318  0.9904  0.124  -0.0518]]
--------------------------------------------------
Step 711:
obs_state: [[ 0.6354 -0.2024  0.0648 -0.0318  0.9904  0.124  -0.0518]]
action: [ 0.6354 -0.2024  0.0398 -0.0318  0.9904  0.124  -0.0518]
next_obs_state: [[ 0.6352 -0.2024  0.0547 -0.0317  0.9904  0.1241 -0.0518]]
--------------------------------------------------
Step 712:
obs_state: [[ 0.6352 -0.2024  0.0547 -0.0317  0.9904  0.1241 -0.0518]]
action: [ 0.6352 -0.2024  0.0297 -0.0317  0.9904  0.1241 -0.0518]
next_obs_state: [[ 0.6352 -0.2023  0.044  -0.0318  0.9904  0.124  -0.0518]]
--------------------------------------------------
Step 713:
obs_state: [[ 0.6352 -0.2023  0.044  -0.0318  0.9904  0.124  -0.0518]]
action: [ 0.6352 -0.2023  0.044  -0.0318  0.9904  0.124  -0.0518]
next_obs_state: [[ 0.635  -0.2023  0.0338 -0.0317  0.9904  0.1241 -0.0518]]
--------------------------------------------------
Step 714:
obs_state: [[ 0.635  -0.2023  0.0338 -0.0317  0.9904  0.1241 -0.0518]]
action: [ 0.635  -0.2023  0.0838 -0.0317  0.9904  0.1241 -0.0518]
next_obs_state: [[ 0.6355 -0.2024  0.0391 -0.0318  0.9904  0.1241 -0.0518]]
--------------------------------------------------
Step 715:
obs_state: [[ 0.6355 -0.2024  0.0391 -0.0318  0.9904  0.1241 -0.0518]]
action: [ 0.6355 -0.2024  0.0891 -0.0318  0.9904  0.1241 -0.0518]
next_obs_state: [[ 0.6359 -0.2026  0.0687 -0.0318  0.9904  0.1241 -0.0519]]
--------------------------------------------------
Step 716:
obs_state: [[ 0.6359 -0.2026  0.0687 -0.0318  0.9904  0.1241 -0.0519]]
action: [ 0.6359 -0.2026  0.1187 -0.0318  0.9904  0.1241 -0.0519]
next_obs_state: [[ 0.6356 -0.2025  0.0858 -0.0318  0.9904  0.1241 -0.0518]]
--------------------------------------------------
Step 717:
obs_state: [[ 0.6356 -0.2025  0.0858 -0.0318  0.9904  0.1241 -0.0518]]
action: [ 0.6356 -0.2525  0.0858 -0.0318  0.9904  0.1241 -0.0518]
next_obs_state: [[ 0.6362 -0.2027  0.1074 -0.0318  0.9904  0.1241 -0.0519]]
--------------------------------------------------
Step 718:
obs_state: [[ 0.6362 -0.2027  0.1074 -0.0318  0.9904  0.1241 -0.0519]]
action: [ 0.6112 -0.2027  0.1074 -0.0318  0.9904  0.1241 -0.0519]
next_obs_state: [[ 0.6351 -0.234   0.0971 -0.0316  0.9904  0.1241 -0.0518]]
--------------------------------------------------
Step 719:
obs_state: [[ 0.6351 -0.234   0.0971 -0.0316  0.9904  0.1241 -0.0518]]
action: [ 0.6101 -0.234   0.0721 -0.0316  0.9904  0.1241 -0.0518]
next_obs_state: [[ 0.6205 -0.2197  0.0999 -0.032   0.9904  0.1241 -0.052 ]]
--------------------------------------------------
Step 720:
obs_state: [[ 0.6205 -0.2197  0.0999 -0.032   0.9904  0.1241 -0.052 ]]
action: [ 0.5955 -0.2197  0.0749 -0.032   0.9904  0.1241 -0.052 ]
next_obs_state: [[ 0.6107 -0.2235  0.0845 -0.0314  0.9904  0.1241 -0.0518]]
--------------------------------------------------
Step 721:
obs_state: [[ 0.6107 -0.2235  0.0845 -0.0314  0.9904  0.1241 -0.0518]]
action: [ 0.6107 -0.2235  0.0595 -0.0314  0.9904  0.1241 -0.0518]
next_obs_state: [[ 0.6008 -0.2241  0.0747 -0.0321  0.9904  0.1243 -0.0521]]
--------------------------------------------------
Step 722:
obs_state: [[ 0.6008 -0.2241  0.0747 -0.0321  0.9904  0.1243 -0.0521]]
action: [ 0.6008 -0.2241  0.0497 -0.0321  0.9904  0.1243 -0.0521]
next_obs_state: [[ 0.6056 -0.2225  0.0651 -0.0314  0.9904  0.1241 -0.0516]]
--------------------------------------------------
Step 723:
obs_state: [[ 0.6056 -0.2225  0.0651 -0.0314  0.9904  0.1241 -0.0516]]
action: [ 0.6056 -0.2225  0.0401 -0.0314  0.9904  0.1241 -0.0516]
next_obs_state: [[ 0.6038 -0.2237  0.0538 -0.032   0.9904  0.1243 -0.0521]]
--------------------------------------------------
Step 724:
obs_state: [[ 0.6038 -0.2237  0.0538 -0.032   0.9904  0.1243 -0.0521]]
action: [ 0.6038 -0.2237  0.0288 -0.032   0.9904  0.1243 -0.0521]
next_obs_state: [[ 0.6038 -0.223   0.044  -0.0314  0.9904  0.1241 -0.0516]]
--------------------------------------------------
Step 725:
obs_state: [[ 0.6038 -0.223   0.044  -0.0314  0.9904  0.1241 -0.0516]]
action: [ 0.6038 -0.223   0.044  -0.0314  0.9904  0.1241 -0.0516]
next_obs_state: [[ 0.6041 -0.2231  0.0336 -0.0319  0.9904  0.1242 -0.052 ]]
--------------------------------------------------
Step 726:
obs_state: [[ 0.6041 -0.2231  0.0336 -0.0319  0.9904  0.1242 -0.052 ]]
action: [ 0.6041 -0.2231  0.0336 -0.0319  0.9904  0.1242 -0.052 ]
next_obs_state: [[ 0.6042 -0.2234  0.0386 -0.0315  0.9904  0.1242 -0.0516]]
--------------------------------------------------
Step 727:
obs_state: [[ 0.6042 -0.2234  0.0386 -0.0315  0.9904  0.1242 -0.0516]]
action: [ 0.6042 -0.2234  0.0886 -0.0315  0.9904  0.1242 -0.0516]
next_obs_state: [[ 0.6038 -0.223   0.037  -0.0319  0.9904  0.1241 -0.052 ]]
--------------------------------------------------
Step 728:
obs_state: [[ 0.6038 -0.223   0.037  -0.0319  0.9904  0.1241 -0.052 ]]
action: [ 0.6038 -0.273   0.037  -0.0319  0.9904  0.1241 -0.052 ]
next_obs_state: [[ 0.605  -0.2236  0.0676 -0.0316  0.9904  0.1242 -0.0518]]
--------------------------------------------------
Step 729:
obs_state: [[ 0.605  -0.2236  0.0676 -0.0316  0.9904  0.1242 -0.0518]]
action: [ 0.605  -0.2736  0.0676 -0.0316  0.9904  0.1242 -0.0518]
next_obs_state: [[ 0.6031 -0.2544  0.0546 -0.0316  0.9904  0.1242 -0.0519]]
--------------------------------------------------
Step 730:
obs_state: [[ 0.6031 -0.2544  0.0546 -0.0316  0.9904  0.1242 -0.0519]]
action: [ 0.6031 -0.2544  0.0296 -0.0316  0.9904  0.1242 -0.0519]
next_obs_state: [[ 0.6049 -0.2721  0.0579 -0.0316  0.9904  0.1242 -0.0518]]
--------------------------------------------------
Step 731:
obs_state: [[ 0.6049 -0.2721  0.0579 -0.0316  0.9904  0.1242 -0.0518]]
action: [ 0.6049 -0.2721  0.0329 -0.0316  0.9904  0.1242 -0.0518]
next_obs_state: [[ 0.6032 -0.2612  0.0427 -0.0316  0.9904  0.1241 -0.0519]]
--------------------------------------------------
Step 732:
obs_state: [[ 0.6032 -0.2612  0.0427 -0.0316  0.9904  0.1241 -0.0519]]
action: [ 0.6282 -0.2612  0.0177 -0.0316  0.9904  0.1241 -0.0519]
next_obs_state: [[ 0.6042 -0.266   0.033  -0.0315  0.9904  0.1242 -0.0518]]
--------------------------------------------------
Step 733:
obs_state: [[ 0.6042 -0.266   0.033  -0.0315  0.9904  0.1242 -0.0518]]
action: [ 0.6042 -0.216   0.008  -0.0315  0.9904  0.1242 -0.0518]
next_obs_state: [[ 0.6188 -0.2648  0.024  -0.0317  0.9904  0.1241 -0.0517]]
--------------------------------------------------
Step 734:
obs_state: [[ 0.6188 -0.2648  0.024  -0.0317  0.9904  0.1241 -0.0517]]
action: [ 0.6188 -0.2648  0.074  -0.0317  0.9904  0.1241 -0.0517]
next_obs_state: [[ 0.6122 -0.2331  0.0116 -0.0317  0.9904  0.1242 -0.0519]]
--------------------------------------------------
Step 735:
obs_state: [[ 0.6122 -0.2331  0.0116 -0.0317  0.9904  0.1242 -0.0519]]
action: [ 0.6372 -0.2331  0.0116 -0.0317  0.9904  0.1242 -0.0519]
next_obs_state: [[ 0.6151 -0.2486  0.0504 -0.0315  0.9904  0.1241 -0.0518]]
--------------------------------------------------
Step 736:
obs_state: [[ 0.6151 -0.2486  0.0504 -0.0315  0.9904  0.1241 -0.0518]]
action: [ 0.6401 -0.2486  0.1004 -0.0315  0.9904  0.1241 -0.0518]
next_obs_state: [[ 0.6288 -0.2437  0.0337 -0.0318  0.9904  0.1241 -0.0516]]
--------------------------------------------------
Step 737:
obs_state: [[ 0.6288 -0.2437  0.0337 -0.0318  0.9904  0.1241 -0.0516]]
action: [ 0.6288 -0.2437  0.0837 -0.0318  0.9904  0.1241 -0.0516]
next_obs_state: [[ 0.6396 -0.2441  0.0697 -0.0315  0.9904  0.1241 -0.0519]]
--------------------------------------------------
Step 738:
obs_state: [[ 0.6396 -0.2441  0.0697 -0.0315  0.9904  0.1241 -0.0519]]
action: [ 0.6396 -0.2441  0.0447 -0.0315  0.9904  0.1241 -0.0519]
next_obs_state: [[ 0.6329 -0.2452  0.0869 -0.0318  0.9904  0.1241 -0.0517]]
--------------------------------------------------
Step 739:
obs_state: [[ 0.6329 -0.2452  0.0869 -0.0318  0.9904  0.1241 -0.0517]]
action: [ 0.6329 -0.1952  0.0619 -0.0318  0.9904  0.1241 -0.0517]
next_obs_state: [[ 0.635  -0.2438  0.0599 -0.0315  0.9904  0.1241 -0.0518]]
--------------------------------------------------
Step 740:
obs_state: [[ 0.635  -0.2438  0.0599 -0.0315  0.9904  0.1241 -0.0518]]
action: [ 0.635  -0.2438  0.0349 -0.0315  0.9904  0.1241 -0.0518]
next_obs_state: [[ 0.6352 -0.2132  0.0565 -0.032   0.9904  0.1241 -0.0518]]
--------------------------------------------------
Step 741:
obs_state: [[ 0.6352 -0.2132  0.0565 -0.032   0.9904  0.1241 -0.0518]]
action: [ 0.6352 -0.2132  0.0315 -0.032   0.9904  0.1241 -0.0518]
next_obs_state: [[ 0.6339 -0.2263  0.0451 -0.0313  0.9904  0.1241 -0.0517]]
--------------------------------------------------
Step 742:
obs_state: [[ 0.6339 -0.2263  0.0451 -0.0313  0.9904  0.1241 -0.0517]]
action: [ 0.6339 -0.2263  0.0201 -0.0313  0.9904  0.1241 -0.0517]
next_obs_state: [[ 0.6348 -0.2231  0.0336 -0.0321  0.9904  0.1241 -0.0518]]
--------------------------------------------------
Step 743:
obs_state: [[ 0.6348 -0.2231  0.0336 -0.0321  0.9904  0.1241 -0.0518]]
action: [ 0.6348 -0.2231  0.0336 -0.0321  0.9904  0.1241 -0.0518]
next_obs_state: [[ 0.6341 -0.2221  0.0245 -0.0313  0.9904  0.124  -0.0517]]
--------------------------------------------------
Step 744:
obs_state: [[ 0.6341 -0.2221  0.0245 -0.0313  0.9904  0.124  -0.0517]]
action: [ 0.6341 -0.2221  0.0745 -0.0313  0.9904  0.124  -0.0517]
next_obs_state: [[ 0.6348 -0.224   0.029  -0.032   0.9904  0.1242 -0.0518]]
--------------------------------------------------
Step 745:
obs_state: [[ 0.6348 -0.224   0.029  -0.032   0.9904  0.1242 -0.0518]]
action: [ 0.6348 -0.224   0.079  -0.032   0.9904  0.1242 -0.0518]
next_obs_state: [[ 0.6352 -0.2229  0.059  -0.0314  0.9904  0.1241 -0.0518]]
--------------------------------------------------
Step 746:
obs_state: [[ 0.6352 -0.2229  0.059  -0.0314  0.9904  0.1241 -0.0518]]
action: [ 0.6102 -0.2229  0.059  -0.0314  0.9904  0.1241 -0.0518]
next_obs_state: [[ 0.6348 -0.2235  0.0759 -0.032   0.9904  0.1242 -0.0518]]
--------------------------------------------------
Step 747:
obs_state: [[ 0.6348 -0.2235  0.0759 -0.032   0.9904  0.1242 -0.0518]]
action: [ 0.6348 -0.1735  0.0759 -0.032   0.9904  0.1242 -0.0518]
next_obs_state: [[ 0.6193 -0.2232  0.0659 -0.0314  0.9904  0.1241 -0.0519]]
--------------------------------------------------
Step 748:
obs_state: [[ 0.6193 -0.2232  0.0659 -0.0314  0.9904  0.1241 -0.0519]]
action: [ 0.6193 -0.2232  0.1159 -0.0314  0.9904  0.1241 -0.0519]
next_obs_state: [[ 0.627  -0.191   0.0705 -0.0322  0.9904  0.1242 -0.0517]]
--------------------------------------------------
Step 749:
obs_state: [[ 0.627  -0.191   0.0705 -0.0322  0.9904  0.1242 -0.0517]]
action: [ 0.627  -0.241   0.0705 -0.0322  0.9904  0.1242 -0.0517]
next_obs_state: [[ 0.6251 -0.2066  0.1009 -0.0313  0.9904  0.1241 -0.052 ]]
--------------------------------------------------
Step 750:
obs_state: [[ 0.6251 -0.2066  0.1009 -0.0313  0.9904  0.1241 -0.052 ]]
action: [ 0.6251 -0.2566  0.1009 -0.0313  0.9904  0.1241 -0.052 ]
next_obs_state: [[ 0.6238 -0.2328  0.0861 -0.032   0.9904  0.1242 -0.0516]]
--------------------------------------------------
Step 751:
obs_state: [[ 0.6238 -0.2328  0.0861 -0.032   0.9904  0.1242 -0.0516]]
action: [ 0.6238 -0.2828  0.0861 -0.032   0.9904  0.1242 -0.0516]
next_obs_state: [[ 0.6258 -0.2504  0.0913 -0.0313  0.9904  0.1242 -0.0521]]
--------------------------------------------------
Step 752:
obs_state: [[ 0.6258 -0.2504  0.0913 -0.0313  0.9904  0.1242 -0.0521]]
action: [ 0.6008 -0.2504  0.0663 -0.0313  0.9904  0.1242 -0.0521]
next_obs_state: [[ 0.6242 -0.2719  0.0911 -0.0318  0.9904  0.1242 -0.0517]]
--------------------------------------------------
Step 753:
obs_state: [[ 0.6242 -0.2719  0.0911 -0.0318  0.9904  0.1242 -0.0517]]
action: [ 0.6242 -0.2719  0.0661 -0.0318  0.9904  0.1242 -0.0517]
next_obs_state: [[ 0.609  -0.2616  0.0735 -0.0315  0.9904  0.1242 -0.0521]]
--------------------------------------------------
Step 754:
obs_state: [[ 0.609  -0.2616  0.0735 -0.0315  0.9904  0.1242 -0.0521]]
action: [ 0.609  -0.2616  0.0485 -0.0315  0.9904  0.1242 -0.0521]
next_obs_state: [[ 0.6162 -0.2648  0.0672 -0.0317  0.9904  0.1241 -0.0516]]
--------------------------------------------------
Step 755:
obs_state: [[ 0.6162 -0.2648  0.0672 -0.0317  0.9904  0.1241 -0.0516]]
action: [ 0.6162 -0.2648  0.0422 -0.0317  0.9904  0.1241 -0.0516]
next_obs_state: [[ 0.6138 -0.2648  0.0552 -0.0315  0.9904  0.1242 -0.0521]]
--------------------------------------------------
Step 756:
obs_state: [[ 0.6138 -0.2648  0.0552 -0.0315  0.9904  0.1242 -0.0521]]
action: [ 0.6138 -0.2648  0.0302 -0.0315  0.9904  0.1242 -0.0521]
next_obs_state: [[ 0.6138 -0.2638  0.0451 -0.0316  0.9904  0.124  -0.0515]]
--------------------------------------------------
Step 757:
obs_state: [[ 0.6138 -0.2638  0.0451 -0.0316  0.9904  0.124  -0.0515]]
action: [ 0.6138 -0.2638  0.0201 -0.0316  0.9904  0.124  -0.0515]
next_obs_state: [[ 0.6142 -0.2646  0.0349 -0.0315  0.9904  0.1242 -0.0521]]
--------------------------------------------------
Step 758:
obs_state: [[ 0.6142 -0.2646  0.0349 -0.0315  0.9904  0.1242 -0.0521]]
action: [ 0.6142 -0.2646  0.0849 -0.0315  0.9904  0.1242 -0.0521]
next_obs_state: [[ 0.6136 -0.2641  0.0243 -0.0316  0.9904  0.1241 -0.0516]]
--------------------------------------------------
Step 759:
obs_state: [[ 0.6136 -0.2641  0.0243 -0.0316  0.9904  0.1241 -0.0516]]
action: [ 0.6136 -0.2641  0.0743 -0.0316  0.9904  0.1241 -0.0516]
next_obs_state: [[ 0.6151 -0.2648  0.0616 -0.0316  0.9904  0.1242 -0.0521]]
--------------------------------------------------
Step 760:
obs_state: [[ 0.6151 -0.2648  0.0616 -0.0316  0.9904  0.1242 -0.0521]]
action: [ 0.6151 -0.2648  0.1116 -0.0316  0.9904  0.1242 -0.0521]
next_obs_state: [[ 0.6139 -0.2643  0.0761 -0.0316  0.9904  0.1241 -0.0516]]
--------------------------------------------------
Step 761:
obs_state: [[ 0.6139 -0.2643  0.0761 -0.0316  0.9904  0.1241 -0.0516]]
action: [ 0.6139 -0.3143  0.0761 -0.0316  0.9904  0.1241 -0.0516]
next_obs_state: [[ 0.6151 -0.2648  0.098  -0.0316  0.9904  0.1242 -0.0522]]
--------------------------------------------------
Step 762:
obs_state: [[ 0.6151 -0.2648  0.098  -0.0316  0.9904  0.1242 -0.0522]]
action: [ 0.5901 -0.3148  0.098  -0.0316  0.9904  0.1242 -0.0522]
next_obs_state: [[ 0.6136 -0.2959  0.0882 -0.0313  0.9904  0.1241 -0.0517]]
--------------------------------------------------
Step 763:
obs_state: [[ 0.6136 -0.2959  0.0882 -0.0313  0.9904  0.1241 -0.0517]]
action: [ 0.5886 -0.3459  0.0632 -0.0313  0.9904  0.1241 -0.0517]
next_obs_state: [[ 0.5994 -0.3133  0.0905 -0.0316  0.9904  0.1242 -0.0522]]
--------------------------------------------------
Step 764:
obs_state: [[ 0.5994 -0.3133  0.0905 -0.0316  0.9904  0.1242 -0.0522]]
action: [ 0.5994 -0.3133  0.0655 -0.0316  0.9904  0.1242 -0.0522]
next_obs_state: [[ 0.5894 -0.3341  0.0754 -0.0312  0.9904  0.1241 -0.0517]]
--------------------------------------------------
Step 765:
obs_state: [[ 0.5894 -0.3341  0.0754 -0.0312  0.9904  0.1241 -0.0517]]
action: [ 0.5894 -0.3341  0.0504 -0.0312  0.9904  0.1241 -0.0517]
next_obs_state: [[ 0.5952 -0.3249  0.0657 -0.0318  0.9904  0.1242 -0.0521]]
--------------------------------------------------
Step 766:
obs_state: [[ 0.5952 -0.3249  0.0657 -0.0318  0.9904  0.1242 -0.0521]]
action: [ 0.5952 -0.3249  0.0407 -0.0318  0.9904  0.1242 -0.0521]
next_obs_state: [[ 0.5925 -0.3271  0.056  -0.0311  0.9904  0.1241 -0.0517]]
--------------------------------------------------
Step 767:
obs_state: [[ 0.5925 -0.3271  0.056  -0.0311  0.9904  0.1241 -0.0517]]
action: [ 0.5925 -0.3271  0.031  -0.0311  0.9904  0.1241 -0.0517]
next_obs_state: [[ 0.593  -0.3276  0.0448 -0.0317  0.9904  0.1242 -0.0521]]
--------------------------------------------------
Step 768:
obs_state: [[ 0.593  -0.3276  0.0448 -0.0317  0.9904  0.1242 -0.0521]]
action: [ 0.593  -0.3276  0.0198 -0.0317  0.9904  0.1242 -0.0521]
next_obs_state: [[ 0.5932 -0.3264  0.0351 -0.0312  0.9904  0.1239 -0.0518]]
--------------------------------------------------
Step 769:
obs_state: [[ 0.5932 -0.3264  0.0351 -0.0312  0.9904  0.1239 -0.0518]]
action: [ 0.5932 -0.3264  0.0851 -0.0312  0.9904  0.1239 -0.0518]
next_obs_state: [[ 0.5926 -0.3272  0.0244 -0.0317  0.9904  0.1242 -0.052 ]]
--------------------------------------------------
Step 770:
obs_state: [[ 0.5926 -0.3272  0.0244 -0.0317  0.9904  0.1242 -0.052 ]]
action: [ 0.5926 -0.3272  0.0744 -0.0317  0.9904  0.1242 -0.052 ]
next_obs_state: [[ 0.5941 -0.3274  0.0615 -0.0312  0.9904  0.124  -0.0519]]
--------------------------------------------------
Step 771:
obs_state: [[ 0.5941 -0.3274  0.0615 -0.0312  0.9904  0.124  -0.0519]]
action: [ 0.5941 -0.2774  0.1115 -0.0312  0.9904  0.124  -0.0519]
next_obs_state: [[ 0.5928 -0.3269  0.0762 -0.0317  0.9904  0.1242 -0.0522]]
--------------------------------------------------
Step 772:
obs_state: [[ 0.5928 -0.3269  0.0762 -0.0317  0.9904  0.1242 -0.0522]]
action: [ 0.5928 -0.2769  0.1262 -0.0317  0.9904  0.1242 -0.0522]
next_obs_state: [[ 0.5943 -0.296   0.0977 -0.0315  0.9904  0.124  -0.0519]]
--------------------------------------------------
Step 773:
obs_state: [[ 0.5943 -0.296   0.0977 -0.0315  0.9904  0.124  -0.0519]]
action: [ 0.5943 -0.246   0.1477 -0.0315  0.9904  0.124  -0.0519]
next_obs_state: [[ 0.5938 -0.2789  0.1191 -0.0317  0.9904  0.1242 -0.0522]]
--------------------------------------------------
Step 774:
obs_state: [[ 0.5938 -0.2789  0.1191 -0.0317  0.9904  0.1242 -0.0522]]
action: [ 0.5938 -0.2289  0.1691 -0.0317  0.9904  0.1242 -0.0522]
next_obs_state: [[ 0.5944 -0.2579  0.1389 -0.0317  0.9904  0.124  -0.0519]]
--------------------------------------------------
Step 775:
obs_state: [[ 0.5944 -0.2579  0.1389 -0.0317  0.9904  0.124  -0.0519]]
action: [ 0.5944 -0.2079  0.1889 -0.0317  0.9904  0.124  -0.0519]
next_obs_state: [[ 0.5945 -0.2362  0.1604 -0.0318  0.9904  0.1241 -0.0522]]
--------------------------------------------------
Step 776:
obs_state: [[ 0.5945 -0.2362  0.1604 -0.0318  0.9904  0.1241 -0.0522]]
action: [ 0.5945 -0.1862  0.2104 -0.0318  0.9904  0.1241 -0.0522]
next_obs_state: [[ 0.5947 -0.2167  0.1804 -0.0318  0.9904  0.124  -0.052 ]]
--------------------------------------------------
Step 777:
obs_state: [[ 0.5947 -0.2167  0.1804 -0.0318  0.9904  0.124  -0.052 ]]
action: [ 0.5947 -0.1667  0.1804 -0.0318  0.9904  0.124  -0.052 ]
next_obs_state: [[ 0.595  -0.195   0.2017 -0.0319  0.9904  0.1241 -0.0522]]
--------------------------------------------------
Step 778:
obs_state: [[ 0.595  -0.195   0.2017 -0.0319  0.9904  0.1241 -0.0522]]
action: [ 0.595  -0.145   0.2017 -0.0319  0.9904  0.1241 -0.0522]
next_obs_state: [[ 0.5943 -0.1742  0.1903 -0.0319  0.9904  0.124  -0.0519]]
--------------------------------------------------
Step 779:
obs_state: [[ 0.5943 -0.1742  0.1903 -0.0319  0.9904  0.124  -0.0519]]
action: [-9.9164e+01  6.0795e+01 -1.5358e+02 -8.4582e-01  5.1126e-01 -9.9077e-02
  1.1569e-01]
next_obs_state: [[ 0.5952 -0.1538  0.1946 -0.032   0.9904  0.1241 -0.0522]]
--------------------------------------------------
Step 780:
obs_state: [[ 0.5952 -0.1538  0.1946 -0.032   0.9904  0.1241 -0.0522]]
action: [-9.1671e+01  6.1935e+01 -1.5299e+02 -8.4507e-01  5.1850e-01 -1.0189e-01
  8.1431e-02]
next_obs_state: [[ 0.5625 -0.1303  0.1617 -0.0708  0.9897  0.1162 -0.0453]]
--------------------------------------------------
Step 781:
obs_state: [[ 0.5625 -0.1303  0.1617 -0.0708  0.9897  0.1162 -0.0453]]
action: [ 0.5625 -0.1303  0.2117 -0.0708  0.9897  0.1162 -0.0453]
next_obs_state: [[ 0.5461 -0.1117  0.1446 -0.0745  0.9894  0.1154 -0.0464]]
--------------------------------------------------
Step 782:
obs_state: [[ 0.5461 -0.1117  0.1446 -0.0745  0.9894  0.1154 -0.0464]]
action: [ 0.5461 -0.0617  0.1946 -0.0745  0.9894  0.1154 -0.0464]
next_obs_state: [[ 0.5573 -0.1216  0.1874 -0.071   0.9896  0.1161 -0.0455]]
--------------------------------------------------
Step 783:
obs_state: [[ 0.5573 -0.1216  0.1874 -0.071   0.9896  0.1161 -0.0455]]
action: [ 0.5823 -0.0716  0.2374 -0.071   0.9896  0.1161 -0.0455]
next_obs_state: [[ 0.5518 -0.086   0.1983 -0.0745  0.9894  0.1155 -0.0464]]
--------------------------------------------------
Step 784:
obs_state: [[ 0.5518 -0.086   0.1983 -0.0745  0.9894  0.1155 -0.0464]]
action: [ 0.5768 -0.036   0.2483 -0.0745  0.9894  0.1155 -0.0464]
next_obs_state: [[ 0.5698 -0.07    0.2225 -0.0713  0.9896  0.116  -0.0454]]
--------------------------------------------------
Step 785:
obs_state: [[ 0.5698 -0.07    0.2225 -0.0713  0.9896  0.116  -0.0454]]
action: [ 0.5948 -0.02    0.2725 -0.0713  0.9896  0.116  -0.0454]
next_obs_state: [[ 0.5782 -0.0488  0.2431 -0.0744  0.9894  0.1155 -0.0463]]
--------------------------------------------------
Step 786:
obs_state: [[ 0.5782 -0.0488  0.2431 -0.0744  0.9894  0.1155 -0.0463]]
action: [ 0.6032  0.0012  0.2431 -0.0744  0.9894  0.1155 -0.0463]
next_obs_state: [[ 0.5887 -0.0268  0.2637 -0.0716  0.9896  0.116  -0.0454]]
--------------------------------------------------
Step 787:
obs_state: [[ 0.5887 -0.0268  0.2637 -0.0716  0.9896  0.116  -0.0454]]
action: [ 0.6137  0.0232  0.2637 -0.0716  0.9896  0.116  -0.0454]
next_obs_state: [[ 0.5989 -0.0068  0.2532 -0.0742  0.9895  0.1155 -0.0462]]
--------------------------------------------------
Step 788:
obs_state: [[ 0.5989 -0.0068  0.2532 -0.0742  0.9895  0.1155 -0.0462]]
action: [ 0.6239  0.0432  0.2532 -0.0742  0.9895  0.1155 -0.0462]
next_obs_state: [[ 0.6097  0.0146  0.2573 -0.0719  0.9896  0.116  -0.0454]]
--------------------------------------------------
Step 789:
obs_state: [[ 0.6097  0.0146  0.2573 -0.0719  0.9896  0.116  -0.0454]]
action: [ 0.6347  0.0646  0.2573 -0.0719  0.9896  0.116  -0.0454]
next_obs_state: [[ 0.619   0.0349  0.2569 -0.0741  0.9895  0.1156 -0.0463]]
--------------------------------------------------
Step 790:
obs_state: [[ 0.619   0.0349  0.2569 -0.0741  0.9895  0.1156 -0.0463]]
action: [ 0.644   0.0849  0.2569 -0.0741  0.9895  0.1156 -0.0463]
next_obs_state: [[ 0.6303  0.0562  0.2563 -0.0722  0.9896  0.116  -0.0454]]
--------------------------------------------------
Step 791:
obs_state: [[ 0.6303  0.0562  0.2563 -0.0722  0.9896  0.116  -0.0454]]
action: [ 0.6553  0.1062  0.2563 -0.0722  0.9896  0.116  -0.0454]
next_obs_state: [[ 0.6401  0.0773  0.2572 -0.074   0.9895  0.1156 -0.0462]]
--------------------------------------------------
Step 792:
obs_state: [[ 0.6401  0.0773  0.2572 -0.074   0.9895  0.1156 -0.0462]]
action: [ 0.6651  0.1273  0.2572 -0.074   0.9895  0.1156 -0.0462]
next_obs_state: [[ 0.6507  0.0979  0.2568 -0.0724  0.9896  0.1159 -0.0454]]
--------------------------------------------------
Step 793:
obs_state: [[ 0.6507  0.0979  0.2568 -0.0724  0.9896  0.1159 -0.0454]]
action: [ 0.6757  0.1479  0.2568 -0.0724  0.9896  0.1159 -0.0454]
next_obs_state: [[ 0.6607  0.1188  0.2572 -0.074   0.9895  0.1156 -0.046 ]]
--------------------------------------------------
Step 794:
obs_state: [[ 0.5551  0.0427  0.1815 -0.0324  0.9904  0.124  -0.0519]]
action: [ 0.5551 -0.0073  0.1815 -0.0324  0.9904  0.124  -0.0519]
next_obs_state: [[ 0.5705  0.0553  0.1898 -0.0323  0.9904  0.124  -0.0522]]
--------------------------------------------------
Step 795:
obs_state: [[ 0.5705  0.0553  0.1898 -0.0323  0.9904  0.124  -0.0522]]
action: [ 0.5705  0.0053  0.1898 -0.0323  0.9904  0.124  -0.0522]
next_obs_state: [[ 0.5554  0.0102  0.1816 -0.0322  0.9904  0.124  -0.0519]]
--------------------------------------------------
Step 796:
obs_state: [[ 0.5554  0.0102  0.1816 -0.0322  0.9904  0.124  -0.0519]]
action: [ 0.5554 -0.0398  0.1816 -0.0322  0.9904  0.124  -0.0519]
next_obs_state: [[ 0.5649  0.002   0.1871 -0.0323  0.9904  0.1241 -0.0521]]
--------------------------------------------------
Step 797:
obs_state: [[ 0.5649  0.002   0.1871 -0.0323  0.9904  0.1241 -0.0521]]
action: [ 0.5649 -0.048   0.1871 -0.0323  0.9904  0.1241 -0.0521]
next_obs_state: [[ 0.5603 -0.0237  0.1841 -0.0321  0.9904  0.124  -0.052 ]]
--------------------------------------------------
Step 798:
obs_state: [[ 0.5603 -0.0237  0.1841 -0.0321  0.9904  0.124  -0.052 ]]
action: [ 0.5603 -0.0737  0.1841 -0.0321  0.9904  0.124  -0.052 ]
next_obs_state: [[ 0.5618 -0.0438  0.1854 -0.0323  0.9904  0.1241 -0.052 ]]
--------------------------------------------------
Step 799:
obs_state: [[ 0.5618 -0.0438  0.1854 -0.0323  0.9904  0.1241 -0.052 ]]
action: [ 0.5868 -0.0938  0.1854 -0.0323  0.9904  0.1241 -0.052 ]
next_obs_state: [[ 0.5616 -0.064   0.1851 -0.032   0.9904  0.124  -0.0521]]
--------------------------------------------------
Step 800:
obs_state: [[ 0.5616 -0.064   0.1851 -0.032   0.9904  0.124  -0.0521]]
action: [ 0.5866 -0.114   0.1851 -0.032   0.9904  0.124  -0.0521]
next_obs_state: [[ 0.577  -0.0857  0.1856 -0.0321  0.9904  0.1241 -0.0519]]
--------------------------------------------------
Step 801:
obs_state: [[ 0.577  -0.0857  0.1856 -0.0321  0.9904  0.1241 -0.0519]]
action: [ 0.602  -0.1357  0.1856 -0.0321  0.9904  0.1241 -0.0519]
next_obs_state: [[ 0.5858 -0.106   0.1854 -0.0319  0.9904  0.1241 -0.052 ]]
--------------------------------------------------
Step 802:
obs_state: [[ 0.5858 -0.106   0.1854 -0.0319  0.9904  0.1241 -0.052 ]]
action: [ 0.6108 -0.156   0.1854 -0.0319  0.9904  0.1241 -0.052 ]
next_obs_state: [[ 0.5961 -0.1272  0.1858 -0.032   0.9904  0.1241 -0.0518]]
--------------------------------------------------
Step 803:
obs_state: [[ 0.5961 -0.1272  0.1858 -0.032   0.9904  0.1241 -0.0518]]
action: [ 0.6211 -0.1772  0.1858 -0.032   0.9904  0.1241 -0.0518]
next_obs_state: [[ 0.6067 -0.1475  0.1858 -0.0318  0.9904  0.124  -0.052 ]]
--------------------------------------------------
Step 804:
obs_state: [[ 0.6067 -0.1475  0.1858 -0.0318  0.9904  0.124  -0.052 ]]
action: [ 0.6317 -0.1975  0.1858 -0.0318  0.9904  0.124  -0.052 ]
next_obs_state: [[ 0.6168 -0.1688  0.186  -0.0319  0.9904  0.1241 -0.0518]]
--------------------------------------------------
Step 805:
obs_state: [[ 0.6168 -0.1688  0.186  -0.0319  0.9904  0.1241 -0.0518]]
action: [ 0.6418 -0.1688  0.186  -0.0319  0.9904  0.1241 -0.0518]
next_obs_state: [[ 0.6273 -0.1895  0.1862 -0.0317  0.9904  0.124  -0.0519]]
--------------------------------------------------
Step 806:
obs_state: [[ 0.6273 -0.1895  0.1862 -0.0317  0.9904  0.124  -0.0519]]
action: [ 0.6523 -0.1895  0.1612 -0.0317  0.9904  0.124  -0.0519]
next_obs_state: [[ 0.638  -0.1781  0.1861 -0.032   0.9904  0.1241 -0.0517]]
--------------------------------------------------
Step 807:
obs_state: [[ 0.638  -0.1781  0.1861 -0.032   0.9904  0.1241 -0.0517]]
action: [ 0.663  -0.1781  0.1611 -0.032   0.9904  0.1241 -0.0517]
next_obs_state: [[ 0.6475 -0.1824  0.1705 -0.0316  0.9904  0.124  -0.0518]]
--------------------------------------------------
Step 808:
obs_state: [[ 0.6475 -0.1824  0.1705 -0.0316  0.9904  0.124  -0.0518]]
action: [ 0.6725 -0.1824  0.1455 -0.0316  0.9904  0.124  -0.0518]
next_obs_state: [[ 0.6585 -0.1816  0.1621 -0.032   0.9904  0.1241 -0.0517]]
--------------------------------------------------
Step 809:
obs_state: [[ 0.6585 -0.1816  0.1621 -0.032   0.9904  0.1241 -0.0517]]
action: [ 0.6585 -0.1816  0.1371 -0.032   0.9904  0.1241 -0.0517]
next_obs_state: [[ 0.6681 -0.1809  0.1516 -0.0316  0.9904  0.124  -0.0517]]
--------------------------------------------------
Step 810:
obs_state: [[ 0.6681 -0.1809  0.1516 -0.0316  0.9904  0.124  -0.0517]]
action: [ 0.6681 -0.1809  0.1266 -0.0316  0.9904  0.124  -0.0517]
next_obs_state: [[ 0.6631 -0.1817  0.1405 -0.032   0.9904  0.1241 -0.0518]]
--------------------------------------------------
Step 811:
obs_state: [[ 0.6631 -0.1817  0.1405 -0.032   0.9904  0.1241 -0.0518]]
action: [ 0.6631 -0.1817  0.1155 -0.032   0.9904  0.1241 -0.0518]
next_obs_state: [[ 0.6646 -0.1811  0.1308 -0.0316  0.9904  0.124  -0.0516]]
--------------------------------------------------
Step 812:
obs_state: [[ 0.6646 -0.1811  0.1308 -0.0316  0.9904  0.124  -0.0516]]
action: [ 0.6646 -0.1811  0.1058 -0.0316  0.9904  0.124  -0.0516]
next_obs_state: [[ 0.6644 -0.1813  0.1199 -0.0319  0.9904  0.1241 -0.0518]]
--------------------------------------------------
Step 813:
obs_state: [[ 0.6644 -0.1813  0.1199 -0.0319  0.9904  0.1241 -0.0518]]
action: [ 0.6644 -0.2313  0.0949 -0.0319  0.9904  0.1241 -0.0518]
next_obs_state: [[ 0.6639 -0.1812  0.1095 -0.0317  0.9904  0.1242 -0.0516]]
--------------------------------------------------
Step 814:
obs_state: [[ 0.6639 -0.1812  0.1095 -0.0317  0.9904  0.1242 -0.0516]]
action: [ 0.6389 -0.1812  0.0845 -0.0317  0.9904  0.1242 -0.0516]
next_obs_state: [[ 0.6641 -0.2117  0.0997 -0.0317  0.9904  0.1241 -0.0518]]
--------------------------------------------------
Step 815:
obs_state: [[ 0.6641 -0.2117  0.0997 -0.0317  0.9904  0.1241 -0.0518]]
action: [ 0.6641 -0.2117  0.0747 -0.0317  0.9904  0.1241 -0.0518]
next_obs_state: [[ 0.6482 -0.1983  0.0881 -0.0319  0.9904  0.1242 -0.0517]]
--------------------------------------------------
Step 816:
obs_state: [[ 0.6482 -0.1983  0.0881 -0.0319  0.9904  0.1242 -0.0517]]
action: [ 0.6482 -0.1983  0.0631 -0.0319  0.9904  0.1242 -0.0517]
next_obs_state: [[ 0.6553 -0.2017  0.0791 -0.0315  0.9904  0.1241 -0.0516]]
--------------------------------------------------
Step 817:
obs_state: [[ 0.6553 -0.2017  0.0791 -0.0315  0.9904  0.1241 -0.0516]]
action: [ 0.6553 -0.2017  0.0541 -0.0315  0.9904  0.1241 -0.0516]
next_obs_state: [[ 0.6532 -0.2025  0.0676 -0.0319  0.9904  0.1243 -0.0518]]
--------------------------------------------------
Step 818:
obs_state: [[ 0.6532 -0.2025  0.0676 -0.0319  0.9904  0.1243 -0.0518]]
action: [ 0.6532 -0.2025  0.0426 -0.0319  0.9904  0.1243 -0.0518]
next_obs_state: [[ 0.6529 -0.2007  0.0577 -0.0315  0.9904  0.1241 -0.0516]]
--------------------------------------------------
Step 819:
obs_state: [[ 0.6529 -0.2007  0.0577 -0.0315  0.9904  0.1241 -0.0516]]
action: [ 0.6529 -0.2007  0.0327 -0.0315  0.9904  0.1241 -0.0516]
next_obs_state: [[ 0.6536 -0.202   0.0472 -0.0319  0.9904  0.1243 -0.0517]]
--------------------------------------------------
Step 820:
obs_state: [[ 0.6536 -0.202   0.0472 -0.0319  0.9904  0.1243 -0.0517]]
action: [ 0.6536 -0.202   0.0222 -0.0319  0.9904  0.1243 -0.0517]
next_obs_state: [[ 0.6528 -0.2013  0.0367 -0.0316  0.9904  0.1241 -0.0516]]
--------------------------------------------------
Step 821:
obs_state: [[ 0.6528 -0.2013  0.0367 -0.0316  0.9904  0.1241 -0.0516]]
action: [ 0.6528 -0.2013  0.0867 -0.0316  0.9904  0.1241 -0.0516]
next_obs_state: [[ 0.6531 -0.2015  0.0264 -0.0318  0.9904  0.1243 -0.0517]]
--------------------------------------------------
Step 822:
obs_state: [[ 0.6531 -0.2015  0.0264 -0.0318  0.9904  0.1243 -0.0517]]
action: [ 0.6531 -0.2015  0.0764 -0.0318  0.9904  0.1243 -0.0517]
next_obs_state: [[ 0.6542 -0.2019  0.0633 -0.0317  0.9904  0.1241 -0.0517]]
--------------------------------------------------
Step 823:
obs_state: [[ 0.6542 -0.2019  0.0633 -0.0317  0.9904  0.1241 -0.0517]]
action: [ 0.6542 -0.1519  0.1133 -0.0317  0.9904  0.1241 -0.0517]
next_obs_state: [[ 0.653  -0.2014  0.0782 -0.0319  0.9904  0.1242 -0.0518]]
--------------------------------------------------
Step 824:
obs_state: [[ 0.653  -0.2014  0.0782 -0.0319  0.9904  0.1242 -0.0518]]
action: [ 0.653  -0.1514  0.1282 -0.0319  0.9904  0.1242 -0.0518]
next_obs_state: [[ 0.6545 -0.1704  0.0996 -0.0319  0.9904  0.1241 -0.0517]]
--------------------------------------------------
Step 825:
obs_state: [[ 0.6545 -0.1704  0.0996 -0.0319  0.9904  0.1241 -0.0517]]
action: [ 0.6545 -0.1204  0.1496 -0.0319  0.9904  0.1241 -0.0517]
next_obs_state: [[ 0.6539 -0.1531  0.1215 -0.0319  0.9904  0.1242 -0.0519]]
--------------------------------------------------
Step 826:
obs_state: [[ 0.6539 -0.1531  0.1215 -0.0319  0.9904  0.1242 -0.0519]]
action: [ 0.6539 -0.1031  0.1715 -0.0319  0.9904  0.1242 -0.0519]
next_obs_state: [[ 0.6545 -0.1321  0.141  -0.0321  0.9904  0.1241 -0.0518]]
--------------------------------------------------
Step 827:
obs_state: [[ 0.6545 -0.1321  0.141  -0.0321  0.9904  0.1241 -0.0518]]
action: [ 0.6545 -0.0821  0.141  -0.0321  0.9904  0.1241 -0.0518]
next_obs_state: [[ 0.6547 -0.1105  0.1627 -0.032   0.9904  0.1241 -0.0519]]
--------------------------------------------------
Step 828:
obs_state: [[ 0.6547 -0.1105  0.1627 -0.032   0.9904  0.1241 -0.0519]]
action: [ 0.6547 -0.0605  0.2127 -0.032   0.9904  0.1241 -0.0519]
next_obs_state: [[ 0.6539 -0.0908  0.152  -0.0321  0.9904  0.1241 -0.0517]]
--------------------------------------------------
Step 829:
obs_state: [[ 0.6539 -0.0908  0.152  -0.0321  0.9904  0.1241 -0.0517]]
action: [ 0.6539 -0.0408  0.202  -0.0321  0.9904  0.1241 -0.0517]
next_obs_state: [[ 0.6557 -0.0691  0.1877 -0.0321  0.9904  0.1241 -0.0519]]
--------------------------------------------------
Step 830:
obs_state: [[ 0.6557 -0.0691  0.1877 -0.0321  0.9904  0.1241 -0.0519]]
action: [ 0.6557 -0.0191  0.1877 -0.0321  0.9904  0.1241 -0.0519]
next_obs_state: [[ 0.6543 -0.0486  0.2037 -0.0322  0.9904  0.1242 -0.0517]]
--------------------------------------------------
Step 831:
obs_state: [[ 0.6543 -0.0486  0.2037 -0.0322  0.9904  0.1242 -0.0517]]
action: [ 0.6543  0.0014  0.2037 -0.0322  0.9904  0.1242 -0.0517]
next_obs_state: [[ 0.6548 -0.028   0.1932 -0.0322  0.9904  0.1241 -0.0519]]
--------------------------------------------------
Step 832:
obs_state: [[ 0.6548 -0.028   0.1932 -0.0322  0.9904  0.1241 -0.0519]]
action: [ 0.6548  0.022   0.1932 -0.0322  0.9904  0.1241 -0.0519]
next_obs_state: [[ 0.655  -0.0068  0.1982 -0.0323  0.9904  0.1242 -0.0518]]
--------------------------------------------------
Step 833:
obs_state: [[ 0.655  -0.0068  0.1982 -0.0323  0.9904  0.1242 -0.0518]]
action: [ 0.655   0.0432  0.1982 -0.0323  0.9904  0.1242 -0.0518]
next_obs_state: [[ 0.6545  0.014   0.1965 -0.0323  0.9904  0.1241 -0.0518]]
--------------------------------------------------
Step 834:
obs_state: [[ 0.6545  0.014   0.1965 -0.0323  0.9904  0.1241 -0.0518]]
action: [ 0.6795  0.064   0.1965 -0.0323  0.9904  0.1241 -0.0518]
next_obs_state: [[ 0.655   0.0347  0.1966 -0.0324  0.9904  0.1241 -0.0518]]
--------------------------------------------------
Step 835:
obs_state: [[ 0.655   0.0347  0.1966 -0.0324  0.9904  0.1241 -0.0518]]
action: [ 0.68    0.0847  0.1966 -0.0324  0.9904  0.1241 -0.0518]
next_obs_state: [[ 0.6709  0.0564  0.1974 -0.0324  0.9904  0.1241 -0.0517]]
--------------------------------------------------
Step 836:
obs_state: [[ 0.6709  0.0564  0.1974 -0.0324  0.9904  0.1241 -0.0517]]
action: [ 0.6959  0.1064  0.1974 -0.0324  0.9904  0.1241 -0.0517]
next_obs_state: [[ 0.679   0.0763  0.1968 -0.0325  0.9904  0.1241 -0.0518]]
--------------------------------------------------
Step 837:
obs_state: [[ 0.679   0.0763  0.1968 -0.0325  0.9904  0.1241 -0.0518]]
action: [ 0.704   0.1263  0.1968 -0.0325  0.9904  0.1241 -0.0518]
next_obs_state: [[ 0.6896  0.0977  0.1975 -0.0325  0.9904  0.1241 -0.0516]]
--------------------------------------------------
Step 838:
obs_state: [[ 0.6896  0.0977  0.1975 -0.0325  0.9904  0.1241 -0.0516]]
action: [ 0.7146  0.1477  0.1975 -0.0325  0.9904  0.1241 -0.0516]
next_obs_state: [[ 0.7004  0.1188  0.1973 -0.0326  0.9904  0.1241 -0.0517]]
--------------------------------------------------
Step 839:
obs_state: [[ 0.7004  0.1188  0.1973 -0.0326  0.9904  0.1241 -0.0517]]
action: [ 0.7254  0.1188  0.1973 -0.0326  0.9904  0.1241 -0.0517]
next_obs_state: [[ 0.7099  0.1388  0.1976 -0.0326  0.9904  0.1241 -0.0515]]
--------------------------------------------------
Step 840:
obs_state: [[ 0.7099  0.1388  0.1976 -0.0326  0.9904  0.1241 -0.0515]]
action: [ 0.7349  0.1388  0.2476 -0.0326  0.9904  0.1241 -0.0515]
next_obs_state: [[ 0.7209  0.1287  0.1975 -0.0325  0.9904  0.1241 -0.0516]]
--------------------------------------------------
Step 841:
obs_state: [[ 0.7209  0.1287  0.1975 -0.0325  0.9904  0.1241 -0.0516]]
action: [ 0.7459  0.1787  0.1975 -0.0325  0.9904  0.1241 -0.0516]
next_obs_state: [[ 0.7316  0.1323  0.2299 -0.0327  0.9904  0.1241 -0.0516]]
--------------------------------------------------
Step 842:
obs_state: [[ 0.5551  0.0427  0.1815 -0.0324  0.9904  0.124  -0.0519]]
action: [ 0.5551 -0.0073  0.1815 -0.0324  0.9904  0.124  -0.0519]
next_obs_state: [[ 0.582   0.0614  0.1806 -0.0322  0.9904  0.124  -0.0524]]
--------------------------------------------------
Step 843:
obs_state: [[ 0.582   0.0614  0.1806 -0.0322  0.9904  0.124  -0.0524]]
action: [ 0.582   0.0114  0.1806 -0.0322  0.9904  0.124  -0.0524]
next_obs_state: [[ 0.5555  0.0111  0.1814 -0.0322  0.9904  0.1239 -0.0519]]
--------------------------------------------------
Step 844:
obs_state: [[ 0.5555  0.0111  0.1814 -0.0322  0.9904  0.1239 -0.0519]]
action: [ 0.5555 -0.0389  0.1814 -0.0322  0.9904  0.1239 -0.0519]
next_obs_state: [[ 0.5719  0.0059  0.1815 -0.0322  0.9904  0.124  -0.0522]]
--------------------------------------------------
Step 845:
obs_state: [[ 0.5719  0.0059  0.1815 -0.0322  0.9904  0.124  -0.0522]]
action: [ 0.5719 -0.0441  0.1815 -0.0322  0.9904  0.124  -0.0522]
next_obs_state: [[ 0.5645 -0.021   0.1809 -0.032   0.9904  0.124  -0.0521]]
--------------------------------------------------
Step 846:
obs_state: [[ 0.5645 -0.021   0.1809 -0.032   0.9904  0.124  -0.0521]]
action: [ 0.5645 -0.071   0.1809 -0.032   0.9904  0.124  -0.0521]
next_obs_state: [[ 0.5665 -0.0409  0.1816 -0.0322  0.9904  0.124  -0.0521]]
--------------------------------------------------
Step 847:
obs_state: [[ 0.5665 -0.0409  0.1816 -0.0322  0.9904  0.124  -0.0521]]
action: [ 0.5665 -0.0909  0.1816 -0.0322  0.9904  0.124  -0.0521]
next_obs_state: [[ 0.5666 -0.0609  0.1811 -0.0319  0.9904  0.124  -0.0522]]
--------------------------------------------------
Step 848:
obs_state: [[ 0.5666 -0.0609  0.1811 -0.0319  0.9904  0.124  -0.0522]]
action: [ 0.5916 -0.1109  0.1811 -0.0319  0.9904  0.124  -0.0522]
next_obs_state: [[ 0.5659 -0.0825  0.1814 -0.032   0.9904  0.124  -0.0521]]
--------------------------------------------------
Step 849:
obs_state: [[ 0.5659 -0.0825  0.1814 -0.032   0.9904  0.124  -0.0521]]
action: [ 0.5909 -0.1325  0.1814 -0.032   0.9904  0.124  -0.0521]
next_obs_state: [[ 0.582  -0.1029  0.1818 -0.0318  0.9904  0.124  -0.0521]]
--------------------------------------------------
Step 850:
obs_state: [[ 0.582  -0.1029  0.1818 -0.0318  0.9904  0.124  -0.0521]]
action: [ 0.607  -0.1529  0.1818 -0.0318  0.9904  0.124  -0.0521]
next_obs_state: [[ 0.5903 -0.124   0.1816 -0.0319  0.9904  0.124  -0.0521]]
--------------------------------------------------
Step 851:
obs_state: [[ 0.5903 -0.124   0.1816 -0.0319  0.9904  0.124  -0.0521]]
action: [ 0.6153 -0.174   0.1816 -0.0319  0.9904  0.124  -0.0521]
next_obs_state: [[ 0.6005 -0.1443  0.1821 -0.0317  0.9904  0.124  -0.052 ]]
--------------------------------------------------
Step 852:
obs_state: [[ 0.6005 -0.1443  0.1821 -0.0317  0.9904  0.124  -0.052 ]]
action: [ 0.6255 -0.1943  0.1821 -0.0317  0.9904  0.124  -0.052 ]
next_obs_state: [[ 0.6115 -0.1656  0.182  -0.0318  0.9904  0.1241 -0.0521]]
--------------------------------------------------
Step 853:
obs_state: [[ 0.6115 -0.1656  0.182  -0.0318  0.9904  0.1241 -0.0521]]
action: [ 0.6365 -0.2156  0.182  -0.0318  0.9904  0.1241 -0.0521]
next_obs_state: [[ 0.6213 -0.1862  0.1823 -0.0316  0.9904  0.124  -0.0519]]
--------------------------------------------------
Step 854:
obs_state: [[ 0.6213 -0.1862  0.1823 -0.0316  0.9904  0.124  -0.0519]]
action: [ 0.6213 -0.1862  0.1573 -0.0316  0.9904  0.124  -0.0519]
next_obs_state: [[ 0.6318 -0.207   0.1824 -0.0317  0.9904  0.1241 -0.052 ]]
--------------------------------------------------
Step 855:
obs_state: [[ 0.6318 -0.207   0.1824 -0.0317  0.9904  0.1241 -0.052 ]]
action: [ 0.6318 -0.207   0.1574 -0.0317  0.9904  0.1241 -0.052 ]
next_obs_state: [[ 0.6262 -0.1962  0.1659 -0.0318  0.9904  0.124  -0.052 ]]
--------------------------------------------------
Step 856:
obs_state: [[ 0.6262 -0.1962  0.1659 -0.0318  0.9904  0.124  -0.052 ]]
action: [ 0.6262 -0.1962  0.1409 -0.0318  0.9904  0.124  -0.052 ]
next_obs_state: [[ 0.6282 -0.2     0.1583 -0.0316  0.9904  0.1241 -0.052 ]]
--------------------------------------------------
Step 857:
obs_state: [[ 0.6282 -0.2     0.1583 -0.0316  0.9904  0.1241 -0.052 ]]
action: [ 0.6282 -0.2     0.1333 -0.0316  0.9904  0.1241 -0.052 ]
next_obs_state: [[ 0.6277 -0.1996  0.1469 -0.0318  0.9904  0.1241 -0.0519]]
--------------------------------------------------
Step 858:
obs_state: [[ 0.6277 -0.1996  0.1469 -0.0318  0.9904  0.1241 -0.0519]]
action: [ 0.6277 -0.1996  0.1219 -0.0318  0.9904  0.1241 -0.0519]
next_obs_state: [[ 0.6273 -0.1988  0.1366 -0.0316  0.9904  0.1238 -0.0519]]
--------------------------------------------------
Step 859:
obs_state: [[ 0.6273 -0.1988  0.1366 -0.0316  0.9904  0.1238 -0.0519]]
action: [ 0.6273 -0.1988  0.1116 -0.0316  0.9904  0.1238 -0.0519]
next_obs_state: [[ 0.6276 -0.1996  0.1264 -0.0317  0.9904  0.1241 -0.0519]]
--------------------------------------------------
Step 860:
obs_state: [[ 0.6276 -0.1996  0.1264 -0.0317  0.9904  0.1241 -0.0519]]
action: [ 0.6276 -0.1996  0.1014 -0.0317  0.9904  0.1241 -0.0519]
next_obs_state: [[ 0.6272 -0.199   0.1158 -0.0316  0.9904  0.1238 -0.0519]]
--------------------------------------------------
Step 861:
obs_state: [[ 0.6272 -0.199   0.1158 -0.0316  0.9904  0.1238 -0.0519]]
action: [ 0.6272 -0.249   0.0908 -0.0316  0.9904  0.1238 -0.0519]
next_obs_state: [[ 0.6272 -0.1992  0.1057 -0.0317  0.9904  0.124  -0.0519]]
--------------------------------------------------
Step 862:
obs_state: [[ 0.6272 -0.1992  0.1057 -0.0317  0.9904  0.124  -0.0519]]
action: [ 0.6272 -0.1992  0.0807 -0.0317  0.9904  0.124  -0.0519]
next_obs_state: [[ 0.627  -0.2307  0.0953 -0.0314  0.9904  0.1239 -0.0519]]
--------------------------------------------------
Step 863:
obs_state: [[ 0.627  -0.2307  0.0953 -0.0314  0.9904  0.1239 -0.0519]]
action: [ 0.627  -0.2307  0.0703 -0.0314  0.9904  0.1239 -0.0519]
next_obs_state: [[ 0.6269 -0.2159  0.0846 -0.0319  0.9904  0.124  -0.0519]]
--------------------------------------------------
Step 864:
obs_state: [[ 0.6269 -0.2159  0.0846 -0.0319  0.9904  0.124  -0.0519]]
action: [ 0.6519 -0.2159  0.0596 -0.0319  0.9904  0.124  -0.0519]
next_obs_state: [[ 0.6268 -0.2202  0.0747 -0.0312  0.9904  0.1239 -0.0519]]
--------------------------------------------------
Step 865:
obs_state: [[ 0.6268 -0.2202  0.0747 -0.0312  0.9904  0.1239 -0.0519]]
action: [ 0.6268 -0.2202  0.0497 -0.0312  0.9904  0.1239 -0.0519]
next_obs_state: [[ 0.6422 -0.2205  0.0644 -0.0319  0.9904  0.1241 -0.0517]]
--------------------------------------------------
Step 866:
obs_state: [[ 0.6422 -0.2205  0.0644 -0.0319  0.9904  0.1241 -0.0517]]
action: [ 0.6422 -0.2205  0.0394 -0.0319  0.9904  0.1241 -0.0517]
next_obs_state: [[ 0.6351 -0.2189  0.0534 -0.0313  0.9904  0.1239 -0.052 ]]
--------------------------------------------------
Step 867:
obs_state: [[ 0.6351 -0.2189  0.0534 -0.0313  0.9904  0.1239 -0.052 ]]
action: [ 0.6351 -0.2189  0.0284 -0.0313  0.9904  0.1239 -0.052 ]
next_obs_state: [[ 0.6371 -0.2203  0.0436 -0.0318  0.9904  0.1243 -0.0516]]
--------------------------------------------------
Step 868:
obs_state: [[ 0.6371 -0.2203  0.0436 -0.0318  0.9904  0.1243 -0.0516]]
action: [ 0.6371 -0.2203  0.0186 -0.0318  0.9904  0.1243 -0.0516]
next_obs_state: [[ 0.6371 -0.2194  0.0328 -0.0313  0.9904  0.1239 -0.052 ]]
--------------------------------------------------
Step 869:
obs_state: [[ 0.6371 -0.2194  0.0328 -0.0313  0.9904  0.1239 -0.052 ]]
action: [ 0.6371 -0.2194  0.0828 -0.0313  0.9904  0.1239 -0.052 ]
next_obs_state: [[ 0.6363 -0.2197  0.0226 -0.0317  0.9904  0.1243 -0.0516]]
--------------------------------------------------
Step 870:
obs_state: [[ 0.6363 -0.2197  0.0226 -0.0317  0.9904  0.1243 -0.0516]]
action: [ 0.6363 -0.2197  0.0726 -0.0317  0.9904  0.1243 -0.0516]
next_obs_state: [[ 0.6381 -0.2201  0.0585 -0.0314  0.9904  0.1239 -0.052 ]]
--------------------------------------------------
Step 871:
obs_state: [[ 0.6381 -0.2201  0.0585 -0.0314  0.9904  0.1239 -0.052 ]]
action: [ 0.6381 -0.2201  0.1085 -0.0314  0.9904  0.1239 -0.052 ]
next_obs_state: [[ 0.6366 -0.2196  0.0743 -0.0317  0.9904  0.1243 -0.0517]]
--------------------------------------------------
Step 872:
obs_state: [[ 0.6366 -0.2196  0.0743 -0.0317  0.9904  0.1243 -0.0517]]
action: [ 0.6366 -0.2196  0.1243 -0.0317  0.9904  0.1243 -0.0517]
next_obs_state: [[ 0.638  -0.2202  0.0956 -0.0315  0.9904  0.124  -0.052 ]]
--------------------------------------------------
Step 873:
obs_state: [[ 0.638  -0.2202  0.0956 -0.0315  0.9904  0.124  -0.052 ]]
action: [ 0.638  -0.1702  0.1456 -0.0315  0.9904  0.124  -0.052 ]
next_obs_state: [[ 0.6376 -0.22    0.1174 -0.0317  0.9904  0.1242 -0.0518]]
--------------------------------------------------
Step 874:
obs_state: [[ 0.6376 -0.22    0.1174 -0.0317  0.9904  0.1242 -0.0518]]
action: [ 0.6376 -0.17    0.1674 -0.0317  0.9904  0.1242 -0.0518]
next_obs_state: [[ 0.6381 -0.1885  0.1369 -0.0318  0.9904  0.124  -0.052 ]]
--------------------------------------------------
Step 875:
obs_state: [[ 0.6381 -0.1885  0.1369 -0.0318  0.9904  0.124  -0.052 ]]
action: [ 0.6381 -0.1385  0.1869 -0.0318  0.9904  0.124  -0.052 ]
next_obs_state: [[ 0.6383 -0.1716  0.1586 -0.0318  0.9904  0.1242 -0.0519]]
--------------------------------------------------
Step 876:
obs_state: [[ 0.6383 -0.1716  0.1586 -0.0318  0.9904  0.1242 -0.0519]]
action: [ 0.6383 -0.1216  0.2086 -0.0318  0.9904  0.1242 -0.0519]
next_obs_state: [[ 0.6385 -0.1507  0.1787 -0.0319  0.9904  0.124  -0.052 ]]
--------------------------------------------------
Step 877:
obs_state: [[ 0.6385 -0.1507  0.1787 -0.0319  0.9904  0.124  -0.052 ]]
action: [ 0.6385 -0.1007  0.2287 -0.0319  0.9904  0.124  -0.052 ]
next_obs_state: [[ 0.6388 -0.1288  0.1999 -0.0319  0.9904  0.1242 -0.0519]]
--------------------------------------------------
Step 878:
obs_state: [[ 0.6388 -0.1288  0.1999 -0.0319  0.9904  0.1242 -0.0519]]
action: [ 0.6388 -0.0788  0.2499 -0.0319  0.9904  0.1242 -0.0519]
next_obs_state: [[ 0.6389 -0.1092  0.2203 -0.032   0.9904  0.124  -0.0521]]
--------------------------------------------------
Step 879:
obs_state: [[ 0.6389 -0.1092  0.2203 -0.032   0.9904  0.124  -0.0521]]
action: [ 0.6389 -0.0592  0.2703 -0.032   0.9904  0.124  -0.0521]
next_obs_state: [[ 0.6392 -0.0872  0.2418 -0.032   0.9904  0.1242 -0.052 ]]
--------------------------------------------------
Step 880:
obs_state: [[ 0.6392 -0.0872  0.2418 -0.032   0.9904  0.1242 -0.052 ]]
action: [ 0.6392 -0.0372  0.2418 -0.032   0.9904  0.1242 -0.052 ]
next_obs_state: [[ 0.6393 -0.067   0.2623 -0.0321  0.9904  0.124  -0.0521]]
--------------------------------------------------
Step 881:
obs_state: [[ 0.6393 -0.067   0.2623 -0.0321  0.9904  0.124  -0.0521]]
action: [ 0.6393 -0.017   0.2623 -0.0321  0.9904  0.124  -0.0521]
next_obs_state: [[ 0.6388 -0.0458  0.2515 -0.0321  0.9904  0.1242 -0.0519]]
--------------------------------------------------
Step 882:
obs_state: [[ 0.6388 -0.0458  0.2515 -0.0321  0.9904  0.1242 -0.0519]]
action: [ 0.6388  0.0042  0.2515 -0.0321  0.9904  0.1242 -0.0519]
next_obs_state: [[ 0.6395 -0.0252  0.2556 -0.0322  0.9904  0.124  -0.0521]]
--------------------------------------------------
Step 883:
obs_state: [[ 0.6395 -0.0252  0.2556 -0.0322  0.9904  0.124  -0.0521]]
action: [ 0.6395  0.0248  0.2556 -0.0322  0.9904  0.124  -0.0521]
next_obs_state: [[ 0.6389 -0.0039  0.2548 -0.0322  0.9904  0.1241 -0.0519]]
--------------------------------------------------
Step 884:
obs_state: [[ 0.6389 -0.0039  0.2548 -0.0322  0.9904  0.1241 -0.0519]]
action: [ 0.6389  0.0461  0.2548 -0.0322  0.9904  0.1241 -0.0519]
next_obs_state: [[ 0.6393  0.0164  0.2543 -0.0323  0.9904  0.124  -0.052 ]]
--------------------------------------------------
Step 885:
obs_state: [[ 0.6393  0.0164  0.2543 -0.0323  0.9904  0.124  -0.052 ]]
action: [ 0.6643  0.0664  0.2543 -0.0323  0.9904  0.124  -0.052 ]
next_obs_state: [[ 0.639   0.0378  0.255  -0.0323  0.9904  0.1241 -0.0519]]
--------------------------------------------------
Step 886:
obs_state: [[ 0.639   0.0378  0.255  -0.0323  0.9904  0.1241 -0.0519]]
action: [ 0.664   0.0878  0.255  -0.0323  0.9904  0.1241 -0.0519]
next_obs_state: [[ 0.6546  0.0584  0.2549 -0.0324  0.9904  0.124  -0.0519]]
--------------------------------------------------
Step 887:
obs_state: [[ 0.6546  0.0584  0.2549 -0.0324  0.9904  0.124  -0.0519]]
action: [ 0.6796  0.1084  0.2549 -0.0324  0.9904  0.124  -0.0519]
next_obs_state: [[ 0.6632  0.0793  0.2549 -0.0324  0.9904  0.1241 -0.0519]]
--------------------------------------------------
Step 888:
obs_state: [[ 0.6632  0.0793  0.2549 -0.0324  0.9904  0.1241 -0.0519]]
action: [ 0.6882  0.1293  0.2549 -0.0324  0.9904  0.1241 -0.0519]
next_obs_state: [[ 0.6735  0.1003  0.2552 -0.0325  0.9904  0.124  -0.0518]]
--------------------------------------------------
Step 889:
obs_state: [[ 0.6735  0.1003  0.2552 -0.0325  0.9904  0.124  -0.0518]]
action: [ 0.6985  0.1503  0.2552 -0.0325  0.9904  0.124  -0.0518]
next_obs_state: [[ 0.6842  0.1208  0.2552 -0.0325  0.9904  0.1241 -0.0518]]
--------------------------------------------------
Step 890:
obs_state: [[ 0.5551  0.0427  0.1815 -0.0324  0.9904  0.124  -0.0519]]
action: [ 0.5551 -0.0073  0.1815 -0.0324  0.9904  0.124  -0.0519]
next_obs_state: [[ 0.5735  0.0565  0.1892 -0.0323  0.9904  0.124  -0.0522]]
--------------------------------------------------
Step 891:
obs_state: [[ 0.5735  0.0565  0.1892 -0.0323  0.9904  0.124  -0.0522]]
action: [ 0.5735  0.0065  0.1892 -0.0323  0.9904  0.124  -0.0522]
next_obs_state: [[ 0.5555  0.0117  0.1815 -0.0322  0.9904  0.1239 -0.0518]]
--------------------------------------------------
Step 892:
obs_state: [[ 0.5555  0.0117  0.1815 -0.0322  0.9904  0.1239 -0.0518]]
action: [ 0.5555 -0.0383  0.1815 -0.0322  0.9904  0.1239 -0.0518]
next_obs_state: [[ 0.5668  0.0028  0.1867 -0.0323  0.9904  0.124  -0.0521]]
--------------------------------------------------
Step 893:
obs_state: [[ 0.5668  0.0028  0.1867 -0.0323  0.9904  0.124  -0.0521]]
action: [ 0.5668 -0.0472  0.1867 -0.0323  0.9904  0.124  -0.0521]
next_obs_state: [[ 0.5618 -0.0214  0.184  -0.032   0.9904  0.1239 -0.052 ]]
--------------------------------------------------
Step 894:
obs_state: [[ 0.5618 -0.0214  0.184  -0.032   0.9904  0.1239 -0.052 ]]
action: [ 0.5868 -0.0714  0.184  -0.032   0.9904  0.1239 -0.052 ]
next_obs_state: [[ 0.5631 -0.0428  0.1852 -0.0322  0.9904  0.124  -0.0521]]
--------------------------------------------------
Step 895:
obs_state: [[ 0.5631 -0.0428  0.1852 -0.0322  0.9904  0.124  -0.0521]]
action: [ 0.5881 -0.0928  0.1852 -0.0322  0.9904  0.124  -0.0521]
next_obs_state: [[ 0.5792 -0.0626  0.1853 -0.0319  0.9904  0.124  -0.0519]]
--------------------------------------------------
Step 896:
obs_state: [[ 0.5792 -0.0626  0.1853 -0.0319  0.9904  0.124  -0.0519]]
action: [ 0.6042 -0.1126  0.1853 -0.0319  0.9904  0.124  -0.0519]
next_obs_state: [[ 0.5868 -0.0838  0.185  -0.0321  0.9904  0.124  -0.052 ]]
--------------------------------------------------
Step 897:
obs_state: [[ 0.5868 -0.0838  0.185  -0.0321  0.9904  0.124  -0.052 ]]
action: [ 0.6118 -0.1338  0.185  -0.0321  0.9904  0.124  -0.052 ]
next_obs_state: [[ 0.598  -0.1047  0.1856 -0.0318  0.9904  0.124  -0.0518]]
--------------------------------------------------
Step 898:
obs_state: [[ 0.598  -0.1047  0.1856 -0.0318  0.9904  0.124  -0.0518]]
action: [ 0.623  -0.1547  0.1856 -0.0318  0.9904  0.124  -0.0518]
next_obs_state: [[ 0.6084 -0.1255  0.1855 -0.032   0.9904  0.124  -0.052 ]]
--------------------------------------------------
Step 899:
obs_state: [[ 0.6084 -0.1255  0.1855 -0.032   0.9904  0.124  -0.052 ]]
action: [ 0.6334 -0.1255  0.1855 -0.032   0.9904  0.124  -0.052 ]
next_obs_state: [[ 0.6184 -0.1463  0.1858 -0.0318  0.9904  0.124  -0.0518]]
--------------------------------------------------
Step 900:
obs_state: [[ 0.6184 -0.1463  0.1858 -0.0318  0.9904  0.124  -0.0518]]
action: [ 0.6184 -0.1463  0.1608 -0.0318  0.9904  0.124  -0.0518]
next_obs_state: [[ 0.6291 -0.1355  0.1857 -0.0321  0.9904  0.124  -0.0519]]
--------------------------------------------------
Step 901:
obs_state: [[ 0.6291 -0.1355  0.1857 -0.0321  0.9904  0.124  -0.0519]]
action: [ 0.6291 -0.1855  0.1607 -0.0321  0.9904  0.124  -0.0519]
next_obs_state: [[ 0.6231 -0.1394  0.1696 -0.0317  0.9904  0.1239 -0.0518]]
--------------------------------------------------
Step 902:
obs_state: [[ 0.6231 -0.1394  0.1696 -0.0317  0.9904  0.1239 -0.0518]]
action: [ 0.6231 -0.1894  0.1446 -0.0317  0.9904  0.1239 -0.0518]
next_obs_state: [[ 0.6251 -0.1699  0.1618 -0.0319  0.9904  0.1241 -0.0519]]
--------------------------------------------------
Step 903:
obs_state: [[ 0.6251 -0.1699  0.1618 -0.0319  0.9904  0.1241 -0.0519]]
action: [ 0.6251 -0.2199  0.1368 -0.0319  0.9904  0.1241 -0.0519]
next_obs_state: [[ 0.6247 -0.1868  0.1505 -0.0317  0.9904  0.124  -0.0518]]
--------------------------------------------------
Step 904:
obs_state: [[ 0.6247 -0.1868  0.1505 -0.0317  0.9904  0.124  -0.0518]]
action: [ 0.6247 -0.2368  0.1255 -0.0317  0.9904  0.124  -0.0518]
next_obs_state: [[ 0.6243 -0.2079  0.1405 -0.0316  0.9904  0.1241 -0.0518]]
--------------------------------------------------
Step 905:
obs_state: [[ 0.6243 -0.2079  0.1405 -0.0316  0.9904  0.1241 -0.0518]]
action: [ 0.6493 -0.2079  0.1155 -0.0316  0.9904  0.1241 -0.0518]
next_obs_state: [[ 0.6244 -0.2296  0.1301 -0.0316  0.9904  0.124  -0.0518]]
--------------------------------------------------
Step 906:
obs_state: [[ 0.6244 -0.2296  0.1301 -0.0316  0.9904  0.124  -0.0518]]
action: [ 0.6494 -0.2296  0.1051 -0.0316  0.9904  0.124  -0.0518]
next_obs_state: [[ 0.64   -0.2178  0.1198 -0.0317  0.9904  0.1241 -0.0516]]
--------------------------------------------------
Step 907:
obs_state: [[ 0.64   -0.2178  0.1198 -0.0317  0.9904  0.1241 -0.0516]]
action: [ 0.665  -0.2178  0.0948 -0.0317  0.9904  0.1241 -0.0516]
next_obs_state: [[ 0.6482 -0.222   0.1096 -0.0315  0.9904  0.124  -0.0519]]
--------------------------------------------------
Step 908:
obs_state: [[ 0.6482 -0.222   0.1096 -0.0315  0.9904  0.124  -0.0519]]
action: [ 0.6482 -0.222   0.0846 -0.0315  0.9904  0.124  -0.0519]
next_obs_state: [[ 0.6588 -0.2215  0.0992 -0.0317  0.9904  0.1241 -0.0515]]
--------------------------------------------------
Step 909:
obs_state: [[ 0.6588 -0.2215  0.0992 -0.0317  0.9904  0.1241 -0.0515]]
action: [ 0.6588 -0.2215  0.0742 -0.0317  0.9904  0.1241 -0.0515]
next_obs_state: [[ 0.6537 -0.2207  0.0886 -0.0316  0.9904  0.1239 -0.052 ]]
--------------------------------------------------
Step 910:
obs_state: [[ 0.6537 -0.2207  0.0886 -0.0316  0.9904  0.1239 -0.052 ]]
action: [ 0.6537 -0.2207  0.0636 -0.0316  0.9904  0.1239 -0.052 ]
next_obs_state: [[ 0.655  -0.2215  0.0786 -0.0317  0.9904  0.1243 -0.0515]]
--------------------------------------------------
Step 911:
obs_state: [[ 0.655  -0.2215  0.0786 -0.0317  0.9904  0.1243 -0.0515]]
action: [ 0.655  -0.2215  0.0536 -0.0317  0.9904  0.1243 -0.0515]
next_obs_state: [[ 0.6551 -0.2209  0.0678 -0.0316  0.9904  0.1239 -0.0519]]
--------------------------------------------------
Step 912:
obs_state: [[ 0.6551 -0.2209  0.0678 -0.0316  0.9904  0.1239 -0.0519]]
action: [ 0.6551 -0.2209  0.0428 -0.0316  0.9904  0.1239 -0.0519]
next_obs_state: [[ 0.6544 -0.2211  0.0578 -0.0317  0.9904  0.1243 -0.0515]]
--------------------------------------------------
Step 913:
obs_state: [[ 0.6544 -0.2211  0.0578 -0.0317  0.9904  0.1243 -0.0515]]
action: [ 0.6544 -0.2211  0.0328 -0.0317  0.9904  0.1243 -0.0515]
next_obs_state: [[ 0.6547 -0.221   0.0472 -0.0316  0.9904  0.124  -0.0519]]
--------------------------------------------------
Step 914:
obs_state: [[ 0.6547 -0.221   0.0472 -0.0316  0.9904  0.124  -0.0519]]
action: [ 0.6547 -0.221   0.0222 -0.0316  0.9904  0.124  -0.0519]
next_obs_state: [[ 0.6544 -0.221   0.0369 -0.0316  0.9904  0.1243 -0.0515]]
--------------------------------------------------
Step 915:
obs_state: [[ 0.6544 -0.221   0.0369 -0.0316  0.9904  0.1243 -0.0515]]
action: [ 0.6544 -0.221   0.0369 -0.0316  0.9904  0.1243 -0.0515]
next_obs_state: [[ 0.6543 -0.2209  0.0265 -0.0316  0.9904  0.124  -0.0518]]
--------------------------------------------------
Step 916:
obs_state: [[ 0.6543 -0.2209  0.0265 -0.0316  0.9904  0.124  -0.0518]]
action: [ 0.6543 -0.2209  0.0765 -0.0316  0.9904  0.124  -0.0518]
next_obs_state: [[ 0.6548 -0.2211  0.0317 -0.0316  0.9904  0.1242 -0.0515]]
--------------------------------------------------
Step 917:
obs_state: [[ 0.6548 -0.2211  0.0317 -0.0316  0.9904  0.1242 -0.0515]]
action: [ 0.6548 -0.2211  0.0817 -0.0316  0.9904  0.1242 -0.0515]
next_obs_state: [[ 0.6551 -0.2212  0.0616 -0.0316  0.9904  0.124  -0.0518]]
--------------------------------------------------
Step 918:
obs_state: [[ 0.6551 -0.2212  0.0616 -0.0316  0.9904  0.124  -0.0518]]
action: [ 0.6551 -0.2212  0.1116 -0.0316  0.9904  0.124  -0.0518]
next_obs_state: [[ 0.655  -0.2212  0.0784 -0.0316  0.9904  0.1241 -0.0516]]
--------------------------------------------------
Step 919:
obs_state: [[ 0.655  -0.2212  0.0784 -0.0316  0.9904  0.1241 -0.0516]]
action: [ 0.655  -0.2212  0.1284 -0.0316  0.9904  0.1241 -0.0516]
next_obs_state: [[ 0.6555 -0.2214  0.1008 -0.0316  0.9904  0.1241 -0.0519]]
--------------------------------------------------
Step 920:
obs_state: [[ 0.6555 -0.2214  0.1008 -0.0316  0.9904  0.1241 -0.0519]]
action: [ 0.6555 -0.2214  0.1508 -0.0316  0.9904  0.1241 -0.0519]
next_obs_state: [[ 0.6555 -0.2213  0.1213 -0.0316  0.9904  0.1241 -0.0516]]
--------------------------------------------------
Step 921:
obs_state: [[ 0.6555 -0.2213  0.1213 -0.0316  0.9904  0.1241 -0.0516]]
action: [ 0.6555 -0.2213  0.1713 -0.0316  0.9904  0.1241 -0.0516]
next_obs_state: [[ 0.6558 -0.2215  0.142  -0.0316  0.9904  0.124  -0.0519]]
--------------------------------------------------
Step 922:
obs_state: [[ 0.6558 -0.2215  0.142  -0.0316  0.9904  0.124  -0.0519]]
action: [ 0.6558 -0.2215  0.192  -0.0316  0.9904  0.124  -0.0519]
next_obs_state: [[ 0.656  -0.2215  0.1631 -0.0316  0.9904  0.1241 -0.0517]]
--------------------------------------------------
Step 923:
obs_state: [[ 0.656  -0.2215  0.1631 -0.0316  0.9904  0.1241 -0.0517]]
action: [ 0.656  -0.1715  0.2131 -0.0316  0.9904  0.1241 -0.0517]
next_obs_state: [[ 0.6562 -0.2216  0.1834 -0.0317  0.9904  0.1241 -0.0519]]
--------------------------------------------------
Step 924:
obs_state: [[ 0.6562 -0.2216  0.1834 -0.0317  0.9904  0.1241 -0.0519]]
action: [ 0.6562 -0.1716  0.2334 -0.0317  0.9904  0.1241 -0.0519]
next_obs_state: [[ 0.6566 -0.1904  0.2043 -0.0319  0.9904  0.1241 -0.0517]]
--------------------------------------------------
Step 925:
obs_state: [[ 0.6566 -0.1904  0.2043 -0.0319  0.9904  0.1241 -0.0517]]
action: [ 0.6566 -0.1404  0.2543 -0.0319  0.9904  0.1241 -0.0517]
next_obs_state: [[ 0.6566 -0.1731  0.2254 -0.0317  0.9904  0.1241 -0.0519]]
--------------------------------------------------
Step 926:
obs_state: [[ 0.6566 -0.1731  0.2254 -0.0317  0.9904  0.1241 -0.0519]]
action: [ 0.6566 -0.1231  0.2254 -0.0317  0.9904  0.1241 -0.0519]
next_obs_state: [[ 0.657  -0.1525  0.2457 -0.032   0.9904  0.1241 -0.0518]]
--------------------------------------------------
Step 927:
obs_state: [[ 0.657  -0.1525  0.2457 -0.032   0.9904  0.1241 -0.0518]]
action: [ 0.657  -0.1025  0.2457 -0.032   0.9904  0.1241 -0.0518]
next_obs_state: [[ 0.6563 -0.1302  0.235  -0.0318  0.9904  0.1241 -0.0519]]
--------------------------------------------------
Step 928:
obs_state: [[ 0.6563 -0.1302  0.235  -0.0318  0.9904  0.1241 -0.0519]]
action: [ 0.6563 -0.0802  0.235  -0.0318  0.9904  0.1241 -0.0519]
next_obs_state: [[ 0.6572 -0.1105  0.2392 -0.0321  0.9904  0.1241 -0.0518]]
--------------------------------------------------
Step 929:
obs_state: [[ 0.6572 -0.1105  0.2392 -0.0321  0.9904  0.1241 -0.0518]]
action: [ 0.6572 -0.0605  0.2392 -0.0321  0.9904  0.1241 -0.0518]
next_obs_state: [[ 0.6565 -0.0892  0.2383 -0.0319  0.9904  0.1241 -0.0519]]
--------------------------------------------------
Step 930:
obs_state: [[ 0.6565 -0.0892  0.2383 -0.0319  0.9904  0.1241 -0.0519]]
action: [ 0.6565 -0.0392  0.2383 -0.0319  0.9904  0.1241 -0.0519]
next_obs_state: [[ 0.6571 -0.0684  0.2379 -0.0321  0.9904  0.1241 -0.0516]]
--------------------------------------------------
Step 931:
obs_state: [[ 0.6571 -0.0684  0.2379 -0.0321  0.9904  0.1241 -0.0516]]
action: [ 0.6571 -0.0184  0.2379 -0.0321  0.9904  0.1241 -0.0516]
next_obs_state: [[ 0.6568 -0.0479  0.2385 -0.032   0.9904  0.1241 -0.0519]]
--------------------------------------------------
Step 932:
obs_state: [[ 0.6568 -0.0479  0.2385 -0.032   0.9904  0.1241 -0.0519]]
action: [ 0.6568  0.0021  0.2385 -0.032   0.9904  0.1241 -0.0519]
next_obs_state: [[ 0.657  -0.0267  0.238  -0.0322  0.9904  0.1241 -0.0516]]
--------------------------------------------------
Step 933:
obs_state: [[ 0.657  -0.0267  0.238  -0.0322  0.9904  0.1241 -0.0516]]
action: [ 0.657   0.0233  0.238  -0.0322  0.9904  0.1241 -0.0516]
next_obs_state: [[ 0.6569 -0.0059  0.2383 -0.0321  0.9904  0.1241 -0.0518]]
--------------------------------------------------
Step 934:
obs_state: [[ 0.6569 -0.0059  0.2383 -0.0321  0.9904  0.1241 -0.0518]]
action: [ 0.6569  0.0441  0.2383 -0.0321  0.9904  0.1241 -0.0518]
next_obs_state: [[ 0.6569  0.0148  0.2382 -0.0323  0.9904  0.1241 -0.0516]]
--------------------------------------------------
Step 935:
obs_state: [[ 0.6569  0.0148  0.2382 -0.0323  0.9904  0.1241 -0.0516]]
action: [ 0.6569  0.0648  0.2382 -0.0323  0.9904  0.1241 -0.0516]
next_obs_state: [[ 0.6569  0.0359  0.2382 -0.0322  0.9904  0.1241 -0.0518]]
--------------------------------------------------
Step 936:
obs_state: [[ 0.6569  0.0359  0.2382 -0.0322  0.9904  0.1241 -0.0518]]
action: [ 0.6569  0.0859  0.2382 -0.0322  0.9904  0.1241 -0.0518]
next_obs_state: [[ 0.6568  0.0567  0.2382 -0.0324  0.9904  0.1241 -0.0516]]
--------------------------------------------------
Step 937:
obs_state: [[ 0.6568  0.0567  0.2382 -0.0324  0.9904  0.1241 -0.0516]]
action: [ 0.6568  0.1067  0.2382 -0.0324  0.9904  0.1241 -0.0516]
next_obs_state: [[ 0.6569  0.0773  0.2382 -0.0323  0.9904  0.1241 -0.0517]]
--------------------------------------------------
Step 938:
obs_state: [[ 0.6569  0.0773  0.2382 -0.0323  0.9904  0.1241 -0.0517]]
action: [ 0.6819  0.0773  0.2382 -0.0323  0.9904  0.1241 -0.0517]
next_obs_state: [[ 0.6568  0.0985  0.2383 -0.0325  0.9904  0.1241 -0.0516]]
--------------------------------------------------
Step 939:
obs_state: [[ 0.6568  0.0985  0.2383 -0.0325  0.9904  0.1241 -0.0516]]
action: [ 0.6818  0.0985  0.2383 -0.0325  0.9904  0.1241 -0.0516]
next_obs_state: [[ 0.6724  0.0873  0.2386 -0.0322  0.9904  0.1241 -0.0516]]
--------------------------------------------------
Step 940:
obs_state: [[ 0.5551  0.0427  0.1815 -0.0324  0.9904  0.124  -0.0519]]
action: [ 0.5551 -0.0073  0.1815 -0.0324  0.9904  0.124  -0.0519]
next_obs_state: [[ 0.5718  0.05    0.1874 -0.0324  0.9904  0.124  -0.0522]]
--------------------------------------------------
Step 941:
obs_state: [[ 0.5718  0.05    0.1874 -0.0324  0.9904  0.124  -0.0522]]
action: [ 5.7181e-01 -3.8098e-05  1.8736e-01 -3.2359e-02  9.9038e-01  1.2399e-01
 -5.2174e-02]
next_obs_state: [[ 0.5554  0.0111  0.1815 -0.0322  0.9904  0.1239 -0.0519]]
--------------------------------------------------
Step 942:
obs_state: [[ 0.5554  0.0111  0.1815 -0.0322  0.9904  0.1239 -0.0519]]
action: [ 0.5554 -0.0389  0.1815 -0.0322  0.9904  0.1239 -0.0519]
next_obs_state: [[ 0.5656 -0.0013  0.1855 -0.0324  0.9903  0.1244 -0.0521]]
--------------------------------------------------
Step 943:
obs_state: [[ 0.5656 -0.0013  0.1855 -0.0324  0.9903  0.1244 -0.0521]]
action: [ 0.5656 -0.0513  0.1855 -0.0324  0.9903  0.1244 -0.0521]
next_obs_state: [[ 0.5608 -0.0248  0.1833 -0.0321  0.9904  0.124  -0.052 ]]
--------------------------------------------------
Step 944:
obs_state: [[ 0.5608 -0.0248  0.1833 -0.0321  0.9904  0.124  -0.052 ]]
action: [ 0.5608 -0.0748  0.1833 -0.0321  0.9904  0.124  -0.052 ]
next_obs_state: [[ 0.5621 -0.0454  0.1843 -0.0323  0.9903  0.1244 -0.052 ]]
--------------------------------------------------
Step 945:
obs_state: [[ 0.5621 -0.0454  0.1843 -0.0323  0.9903  0.1244 -0.052 ]]
action: [ 0.5621 -0.0954  0.1843 -0.0323  0.9903  0.1244 -0.052 ]
next_obs_state: [[ 0.5622 -0.0657  0.1841 -0.032   0.9904  0.124  -0.0521]]
--------------------------------------------------
Step 946:
obs_state: [[ 0.5622 -0.0657  0.1841 -0.032   0.9904  0.124  -0.0521]]
action: [ 0.5622 -0.1157  0.1841 -0.032   0.9904  0.124  -0.0521]
next_obs_state: [[ 0.5617 -0.0872  0.1841 -0.0322  0.9904  0.1243 -0.052 ]]
--------------------------------------------------
Step 947:
obs_state: [[ 0.5617 -0.0872  0.1841 -0.0322  0.9904  0.1243 -0.052 ]]
action: [ 0.5617 -0.1372  0.1841 -0.0322  0.9904  0.1243 -0.052 ]
next_obs_state: [[ 0.5621 -0.1076  0.1842 -0.0319  0.9904  0.124  -0.0521]]
--------------------------------------------------
Step 948:
obs_state: [[ 0.5621 -0.1076  0.1842 -0.0319  0.9904  0.124  -0.0521]]
action: [ 0.5621 -0.1576  0.1842 -0.0319  0.9904  0.124  -0.0521]
next_obs_state: [[ 0.5618 -0.1287  0.1842 -0.0321  0.9904  0.1243 -0.0521]]
--------------------------------------------------
Step 949:
obs_state: [[ 0.5618 -0.1287  0.1842 -0.0321  0.9904  0.1243 -0.0521]]
action: [ 0.5868 -0.1787  0.1842 -0.0321  0.9904  0.1243 -0.0521]
next_obs_state: [[ 0.5618 -0.1496  0.1843 -0.0319  0.9904  0.1241 -0.0521]]
--------------------------------------------------
Step 950:
obs_state: [[ 0.5618 -0.1496  0.1843 -0.0319  0.9904  0.1241 -0.0521]]
action: [ 0.5868 -0.1996  0.1843 -0.0319  0.9904  0.1241 -0.0521]
next_obs_state: [[ 0.5773 -0.1703  0.1848 -0.032   0.9904  0.1243 -0.052 ]]
--------------------------------------------------
Step 951:
obs_state: [[ 0.5773 -0.1703  0.1848 -0.032   0.9904  0.1243 -0.052 ]]
action: [ 0.6023 -0.2203  0.1848 -0.032   0.9904  0.1243 -0.052 ]
next_obs_state: [[ 0.586  -0.1913  0.1846 -0.0318  0.9904  0.1241 -0.0521]]
--------------------------------------------------
Step 952:
obs_state: [[ 0.586  -0.1913  0.1846 -0.0318  0.9904  0.1241 -0.0521]]
action: [ 0.611  -0.1913  0.1846 -0.0318  0.9904  0.1241 -0.0521]
next_obs_state: [[ 0.5961 -0.2116  0.185  -0.0318  0.9904  0.1243 -0.0519]]
--------------------------------------------------
Step 953:
obs_state: [[ 0.5961 -0.2116  0.185  -0.0318  0.9904  0.1243 -0.0519]]
action: [ 0.6211 -0.2116  0.16   -0.0318  0.9904  0.1243 -0.0519]
next_obs_state: [[ 0.6072 -0.2013  0.1847 -0.0319  0.9904  0.1241 -0.052 ]]
--------------------------------------------------
Step 954:
obs_state: [[ 0.6072 -0.2013  0.1847 -0.0319  0.9904  0.1241 -0.052 ]]
action: [ 0.6322 -0.2013  0.1597 -0.0319  0.9904  0.1241 -0.052 ]
next_obs_state: [[ 0.6165 -0.2048  0.1692 -0.0317  0.9904  0.1243 -0.0518]]
--------------------------------------------------
Step 955:
obs_state: [[ 0.6165 -0.2048  0.1692 -0.0317  0.9904  0.1243 -0.0518]]
action: [ 0.6415 -0.2048  0.1442 -0.0317  0.9904  0.1243 -0.0518]
next_obs_state: [[ 0.6274 -0.2046  0.1609 -0.0319  0.9904  0.1241 -0.0519]]
--------------------------------------------------
Step 956:
obs_state: [[ 0.6274 -0.2046  0.1609 -0.0319  0.9904  0.1241 -0.0519]]
action: [ 0.6524 -0.2046  0.1359 -0.0319  0.9904  0.1241 -0.0519]
next_obs_state: [[ 0.6372 -0.2036  0.1502 -0.0317  0.9904  0.1243 -0.0518]]
--------------------------------------------------
Step 957:
obs_state: [[ 0.6372 -0.2036  0.1502 -0.0317  0.9904  0.1243 -0.0518]]
action: [ 0.6622 -0.2036  0.1252 -0.0317  0.9904  0.1243 -0.0518]
next_obs_state: [[ 0.6478 -0.2045  0.1396 -0.0319  0.9904  0.1242 -0.0518]]
--------------------------------------------------
Step 958:
obs_state: [[ 0.6478 -0.2045  0.1396 -0.0319  0.9904  0.1242 -0.0518]]
action: [ 0.6478 -0.2045  0.1146 -0.0319  0.9904  0.1242 -0.0518]
next_obs_state: [[ 0.6579 -0.2039  0.1297 -0.0317  0.9904  0.1242 -0.0517]]
--------------------------------------------------
Step 959:
obs_state: [[ 0.6579 -0.2039  0.1297 -0.0317  0.9904  0.1242 -0.0517]]
action: [ 0.6579 -0.2039  0.1047 -0.0317  0.9904  0.1242 -0.0517]
next_obs_state: [[ 0.6526 -0.2041  0.1186 -0.0319  0.9904  0.1241 -0.0519]]
--------------------------------------------------
Step 960:
obs_state: [[ 0.6526 -0.2041  0.1186 -0.0319  0.9904  0.1241 -0.0519]]
action: [ 0.6526 -0.2041  0.0936 -0.0319  0.9904  0.1241 -0.0519]
next_obs_state: [[ 0.6541 -0.204   0.109  -0.0317  0.9904  0.1243 -0.0517]]
--------------------------------------------------
Step 961:
obs_state: [[ 0.6541 -0.204   0.109  -0.0317  0.9904  0.1243 -0.0517]]
action: [ 0.6541 -0.204   0.084  -0.0317  0.9904  0.1243 -0.0517]
next_obs_state: [[ 0.654  -0.2039  0.098  -0.0318  0.9904  0.124  -0.0519]]
--------------------------------------------------
Step 962:
obs_state: [[ 0.654  -0.2039  0.098  -0.0318  0.9904  0.124  -0.0519]]
action: [ 0.654  -0.2039  0.073  -0.0318  0.9904  0.124  -0.0519]
next_obs_state: [[ 0.6534 -0.204   0.0878 -0.0317  0.9904  0.1243 -0.0517]]
--------------------------------------------------
Step 963:
obs_state: [[ 0.6534 -0.204   0.0878 -0.0317  0.9904  0.1243 -0.0517]]
action: [ 0.6534 -0.204   0.0628 -0.0317  0.9904  0.1243 -0.0517]
next_obs_state: [[ 0.6537 -0.2039  0.0776 -0.0318  0.9904  0.1241 -0.0518]]
--------------------------------------------------
Step 964:
obs_state: [[ 0.6537 -0.2039  0.0776 -0.0318  0.9904  0.1241 -0.0518]]
action: [ 0.6537 -0.2039  0.0526 -0.0318  0.9904  0.1241 -0.0518]
next_obs_state: [[ 0.6534 -0.2039  0.0668 -0.0317  0.9904  0.1243 -0.0517]]
--------------------------------------------------
Step 965:
obs_state: [[ 0.6534 -0.2039  0.0668 -0.0317  0.9904  0.1243 -0.0517]]
action: [ 0.6534 -0.2039  0.0418 -0.0317  0.9904  0.1243 -0.0517]
next_obs_state: [[ 0.6533 -0.2039  0.0567 -0.0318  0.9904  0.1242 -0.0518]]
--------------------------------------------------
Step 966:
obs_state: [[ 0.6533 -0.2039  0.0567 -0.0318  0.9904  0.1242 -0.0518]]
action: [ 0.6533 -0.2039  0.0317 -0.0318  0.9904  0.1242 -0.0518]
next_obs_state: [[ 0.6532 -0.2038  0.0464 -0.0317  0.9904  0.1243 -0.0517]]
--------------------------------------------------
Step 967:
obs_state: [[ 0.6532 -0.2038  0.0464 -0.0317  0.9904  0.1243 -0.0517]]
action: [ 0.6532 -0.2038  0.0214 -0.0317  0.9904  0.1243 -0.0517]
next_obs_state: [[ 0.6531 -0.2038  0.0359 -0.0318  0.9904  0.1242 -0.0518]]
--------------------------------------------------
Step 968:
obs_state: [[ 0.6531 -0.2038  0.0359 -0.0318  0.9904  0.1242 -0.0518]]
action: [ 0.6531 -0.2038  0.0859 -0.0318  0.9904  0.1242 -0.0518]
next_obs_state: [[ 0.653  -0.2038  0.0255 -0.0317  0.9904  0.1243 -0.0516]]
--------------------------------------------------
Step 969:
obs_state: [[ 0.653  -0.2038  0.0255 -0.0317  0.9904  0.1243 -0.0516]]
action: [ 0.653  -0.2038  0.0755 -0.0317  0.9904  0.1243 -0.0516]
next_obs_state: [[ 0.6542 -0.2041  0.0623 -0.0318  0.9904  0.1242 -0.0519]]
--------------------------------------------------
Step 970:
obs_state: [[ 0.6542 -0.2041  0.0623 -0.0318  0.9904  0.1242 -0.0519]]
action: [ 0.6542 -0.2041  0.1123 -0.0318  0.9904  0.1242 -0.0519]
next_obs_state: [[ 0.6531 -0.2038  0.0772 -0.0317  0.9904  0.1242 -0.0517]]
--------------------------------------------------
Step 971:
obs_state: [[ 0.6531 -0.2038  0.0772 -0.0317  0.9904  0.1242 -0.0517]]
action: [ 0.6531 -0.2038  0.1272 -0.0317  0.9904  0.1242 -0.0517]
next_obs_state: [[ 0.6544 -0.2042  0.0985 -0.0319  0.9904  0.1242 -0.0519]]
--------------------------------------------------
Step 972:
obs_state: [[ 0.6544 -0.2042  0.0985 -0.0319  0.9904  0.1242 -0.0519]]
action: [ 0.6544 -0.2042  0.1485 -0.0319  0.9904  0.1242 -0.0519]
next_obs_state: [[ 0.654  -0.2041  0.1205 -0.0318  0.9904  0.1242 -0.0518]]
--------------------------------------------------
Step 973:
obs_state: [[ 0.654  -0.2041  0.1205 -0.0318  0.9904  0.1242 -0.0518]]
action: [ 0.654  -0.1541  0.1705 -0.0318  0.9904  0.1242 -0.0518]
next_obs_state: [[ 0.6544 -0.2042  0.1403 -0.0319  0.9904  0.1242 -0.0519]]
--------------------------------------------------
Step 974:
obs_state: [[ 0.6544 -0.2042  0.1403 -0.0319  0.9904  0.1242 -0.0519]]
action: [ 0.6544 -0.1542  0.1403 -0.0319  0.9904  0.1242 -0.0519]
next_obs_state: [[ 0.6548 -0.1729  0.1614 -0.032   0.9904  0.1242 -0.0518]]
--------------------------------------------------
Step 975:
obs_state: [[ 0.6548 -0.1729  0.1614 -0.032   0.9904  0.1242 -0.0518]]
action: [ 0.6548 -0.1229  0.2114 -0.032   0.9904  0.1242 -0.0518]
next_obs_state: [[ 0.6539 -0.1555  0.1504 -0.0319  0.9904  0.1242 -0.0518]]
--------------------------------------------------
Step 976:
obs_state: [[ 0.6539 -0.1555  0.1504 -0.0319  0.9904  0.1242 -0.0518]]
action: [ 0.6539 -0.1055  0.2004 -0.0319  0.9904  0.1242 -0.0518]
next_obs_state: [[ 0.6557 -0.1353  0.1851 -0.0322  0.9904  0.1242 -0.052 ]]
--------------------------------------------------
Step 977:
obs_state: [[ 0.6557 -0.1353  0.1851 -0.0322  0.9904  0.1242 -0.052 ]]
action: [ 0.6557 -0.0853  0.1851 -0.0322  0.9904  0.1242 -0.052 ]
next_obs_state: [[ 0.6544 -0.1129  0.2022 -0.032   0.9904  0.1242 -0.0519]]
--------------------------------------------------
Step 978:
obs_state: [[ 0.6544 -0.1129  0.2022 -0.032   0.9904  0.1242 -0.0519]]
action: [ 0.6544 -0.0629  0.2022 -0.032   0.9904  0.1242 -0.0519]
next_obs_state: [[ 0.6548 -0.0931  0.1907 -0.0323  0.9904  0.1242 -0.0519]]
--------------------------------------------------
Step 979:
obs_state: [[ 0.6548 -0.0931  0.1907 -0.0323  0.9904  0.1242 -0.0519]]
action: [ 0.6548 -0.0431  0.1907 -0.0323  0.9904  0.1242 -0.0519]
next_obs_state: [[ 0.6552 -0.0717  0.1964 -0.0321  0.9904  0.1242 -0.0519]]
--------------------------------------------------
Step 980:
obs_state: [[ 0.6552 -0.0717  0.1964 -0.0321  0.9904  0.1242 -0.0519]]
action: [ 0.6552 -0.0217  0.1964 -0.0321  0.9904  0.1242 -0.0519]
next_obs_state: [[ 0.6545 -0.051   0.1943 -0.0323  0.9904  0.1242 -0.0519]]
--------------------------------------------------
Step 981:
obs_state: [[ 0.6545 -0.051   0.1943 -0.0323  0.9904  0.1242 -0.0519]]
action: [ 6.5453e-01 -9.7401e-04  1.9434e-01 -3.2335e-02  9.9037e-01  1.2420e-01
 -5.1920e-02]
next_obs_state: [[ 0.6552 -0.0301  0.1946 -0.0322  0.9904  0.1242 -0.0518]]
--------------------------------------------------
Step 982:
obs_state: [[ 0.6552 -0.0301  0.1946 -0.0322  0.9904  0.1242 -0.0518]]
action: [ 0.6552  0.0199  0.1946 -0.0322  0.9904  0.1242 -0.0518]
next_obs_state: [[ 0.6547 -0.0095  0.1949 -0.0324  0.9904  0.1242 -0.0519]]
--------------------------------------------------
Step 983:
obs_state: [[ 0.6547 -0.0095  0.1949 -0.0324  0.9904  0.1242 -0.0519]]
action: [ 0.6547  0.0405  0.1949 -0.0324  0.9904  0.1242 -0.0519]
next_obs_state: [[ 0.655   0.0117  0.1946 -0.0323  0.9904  0.1242 -0.0518]]
--------------------------------------------------
Step 984:
obs_state: [[ 0.655   0.0117  0.1946 -0.0323  0.9904  0.1242 -0.0518]]
action: [ 0.655   0.0617  0.1946 -0.0323  0.9904  0.1242 -0.0518]
next_obs_state: [[ 0.6549  0.0325  0.1948 -0.0325  0.9904  0.1242 -0.0519]]
--------------------------------------------------
Step 985:
obs_state: [[ 0.6549  0.0325  0.1948 -0.0325  0.9904  0.1242 -0.0519]]
action: [ 0.6799  0.0825  0.1948 -0.0325  0.9904  0.1242 -0.0519]
next_obs_state: [[ 0.6548  0.0534  0.1947 -0.0324  0.9904  0.1242 -0.0518]]
--------------------------------------------------
Step 986:
obs_state: [[ 0.6548  0.0534  0.1947 -0.0324  0.9904  0.1242 -0.0518]]
action: [ 0.6798  0.1034  0.2447 -0.0324  0.9904  0.1242 -0.0518]
next_obs_state: [[ 0.6704  0.0743  0.1952 -0.0326  0.9904  0.1242 -0.0517]]
--------------------------------------------------
Step 987:
obs_state: [[ 0.6704  0.0743  0.1952 -0.0326  0.9904  0.1242 -0.0517]]
action: [ 0.6954  0.1243  0.1952 -0.0326  0.9904  0.1242 -0.0517]
next_obs_state: [[ 0.6798  0.0953  0.2271 -0.0325  0.9904  0.1242 -0.0518]]
--------------------------------------------------
Step 988:
obs_state: [[ 0.5551  0.0427  0.1815 -0.0324  0.9904  0.124  -0.0519]]
action: [ 0.5551 -0.0073  0.1815 -0.0324  0.9904  0.124  -0.0519]
next_obs_state: [[ 0.5738  0.0532  0.1812 -0.0323  0.9904  0.124  -0.0523]]
--------------------------------------------------
Step 989:
obs_state: [[ 0.5738  0.0532  0.1812 -0.0323  0.9904  0.124  -0.0523]]
action: [ 0.5738  0.0032  0.1812 -0.0323  0.9904  0.124  -0.0523]
next_obs_state: [[ 0.5554  0.0112  0.1815 -0.0322  0.9904  0.1239 -0.0519]]
--------------------------------------------------
Step 990:
obs_state: [[ 0.5554  0.0112  0.1815 -0.0322  0.9904  0.1239 -0.0519]]
action: [ 0.5554 -0.0388  0.1815 -0.0322  0.9904  0.1239 -0.0519]
next_obs_state: [[ 5.6639e-01  5.8906e-04  1.8165e-01 -3.2349e-02  9.9036e-01  1.2416e-01
  -5.2133e-02]]
--------------------------------------------------
Step 991:
obs_state: [[ 5.6639e-01  5.8906e-04  1.8165e-01 -3.2349e-02  9.9036e-01  1.2416e-01
  -5.2133e-02]]
action: [ 0.5664 -0.0494  0.1817 -0.0323  0.9904  0.1242 -0.0521]
next_obs_state: [[ 0.5617 -0.0235  0.1812 -0.0321  0.9904  0.124  -0.052 ]]
--------------------------------------------------
Step 992:
obs_state: [[ 0.5617 -0.0235  0.1812 -0.0321  0.9904  0.124  -0.052 ]]
action: [ 0.5617 -0.0735  0.1812 -0.0321  0.9904  0.124  -0.052 ]
next_obs_state: [[ 0.5628 -0.0444  0.1817 -0.0323  0.9904  0.1241 -0.0521]]
--------------------------------------------------
Step 993:
obs_state: [[ 0.5628 -0.0444  0.1817 -0.0323  0.9904  0.1241 -0.0521]]
action: [ 0.5628 -0.0944  0.1817 -0.0323  0.9904  0.1241 -0.0521]
next_obs_state: [[ 0.5631 -0.0642  0.1814 -0.032   0.9904  0.124  -0.0521]]
--------------------------------------------------
Step 994:
obs_state: [[ 0.5631 -0.0642  0.1814 -0.032   0.9904  0.124  -0.0521]]
action: [ 0.5631 -0.1142  0.1814 -0.032   0.9904  0.124  -0.0521]
next_obs_state: [[ 0.5625 -0.0861  0.1816 -0.0322  0.9904  0.1241 -0.0521]]
--------------------------------------------------
Step 995:
obs_state: [[ 0.5625 -0.0861  0.1816 -0.0322  0.9904  0.1241 -0.0521]]
action: [ 0.5625 -0.1361  0.1816 -0.0322  0.9904  0.1241 -0.0521]
next_obs_state: [[ 0.5629 -0.1064  0.1816 -0.0319  0.9904  0.124  -0.0521]]
--------------------------------------------------
Step 996:
obs_state: [[ 0.5629 -0.1064  0.1816 -0.0319  0.9904  0.124  -0.0521]]
action: [ 0.5879 -0.1564  0.1816 -0.0319  0.9904  0.124  -0.0521]
next_obs_state: [[ 0.5626 -0.1274  0.1817 -0.032   0.9904  0.1241 -0.0521]]
--------------------------------------------------
Step 997:
obs_state: [[ 0.5626 -0.1274  0.1817 -0.032   0.9904  0.1241 -0.0521]]
action: [ 0.5876 -0.1774  0.1817 -0.032   0.9904  0.1241 -0.0521]
next_obs_state: [[ 0.5784 -0.1483  0.1822 -0.0318  0.9904  0.124  -0.052 ]]
--------------------------------------------------
Step 998:
obs_state: [[ 0.5784 -0.1483  0.1822 -0.0318  0.9904  0.124  -0.052 ]]
action: [ 0.6034 -0.1983  0.1822 -0.0318  0.9904  0.124  -0.052 ]
next_obs_state: [[ 0.5868 -0.169   0.1819 -0.0319  0.9904  0.1241 -0.0521]]
--------------------------------------------------
Step 999:
obs_state: [[ 0.5868 -0.169   0.1819 -0.0319  0.9904  0.1241 -0.0521]]
action: [ 0.6118 -0.169   0.1569 -0.0319  0.9904  0.1241 -0.0521]
next_obs_state: [[ 0.5973 -0.19    0.1824 -0.0317  0.9904  0.124  -0.052 ]]
--------------------------------------------------
Step 1000:
obs_state: [[ 0.5973 -0.19    0.1824 -0.0317  0.9904  0.124  -0.052 ]]
action: [ 0.6223 -0.19    0.1574 -0.0317  0.9904  0.124  -0.052 ]
next_obs_state: [[ 0.6078 -0.1789  0.1662 -0.032   0.9904  0.1241 -0.052 ]]
--------------------------------------------------
